Empreendimento;Unidade;Tipo;Área Privativa (m²);Situação;Valor VGV;Valor m²;Chave
BAL HARBOUR;Apto. 1001;3S;165.29;Bloqueada; 3,499,017 ;21,169;BAL HARBOURApto. 1001
BAL HARBOUR;Apto. 1204;3S;115.54;Bloqueada; 1,993,917 ;17,257;BAL HARBOURApto. 1204
BAL HARBOUR;Apto. 1401;3S;165.29;Bloqueada; 3,698,791 ;22,378;BAL HARBOURApto. 1401
BAL HARBOUR;Apto. 1701;2S;165.29;Bloqueada; 3,807,708 ;23,037;BAL HARBOURApto. 1701
BAL HARBOUR;Apto. 1704;3S;115.54;Bloqueada; 2,099,372 ;18,17;BAL HARBOURApto. 1704
BAL HARBOUR;Apto. 1803;3S;129.68;Bloqueada; 2,740,658 ;21,134;BAL HARBOURApto. 1803
BAL HARBOUR;Apto. 1903;3S;129.68;Bloqueada; 2,815,451 ;21,711;BAL HARBOURApto. 1903
BAL HARBOUR;Apto. 2104;3S;115.54;Bloqueada; 2,152,006 ;18,626;BAL HARBOURApto. 2104
BAL HARBOUR;Apto. 802;3S;144.61;Bloqueada; 2,924,698 ;20,225;BAL HARBOURApto. 802
BAL HARBOUR;Apto. 804;2S;115.54;Bloqueada; 1,941,284 ;16,802;BAL HARBOURApto. 804
BAL HARBOUR;Sala Com. 01;2S;41.34;Bloqueada; 1,084,588 ;26,236;BAL HARBOURSala Com. 01
BAL HARBOUR;Sala Com. 02;3S;63.27;Bloqueada; 1,084,588 ;17,142;BAL HARBOURSala Com. 02
BAL HARBOUR;Sala Com. 03;3S;71.73;Bloqueada; 1,084,588 ;15,12;BAL HARBOURSala Com. 03
BAL HARBOUR;Sala Com. 04;3S;72.53;Bloqueada; 1,084,588 ;14,954;BAL HARBOURSala Com. 04
BAL HARBOUR;Sala Com. 05;2S;75.86;Bloqueada; 1,084,588 ;14,297;BAL HARBOURSala Com. 05
BAL HARBOUR;Sala Com. 06;3S;33.01;Bloqueada; 1,084,588 ;32,856;BAL HARBOURSala Com. 06
BLUE COAST;Apartamento 603;3S;131.52;Bloqueada; 2,253,246 ;17,132;BLUE COASTApartamento 603
DESTIN BEACH;Apto. 1003;3S;82.11;Bloqueada; 1,300,060 ;15,833;DESTIN BEACHApto. 1003
DESTIN BEACH;Apto. 1004;3S;84.84;Bloqueada; 1,401,373 ;16,518;DESTIN BEACHApto. 1004
DESTIN BEACH;Apto. 1005;3S;80.97;Bloqueada; 1,183,261 ;14,614;DESTIN BEACHApto. 1005
DESTIN BEACH;Apto. 1201;3S;130.32;Bloqueada; 2,258,561 ;17,331;DESTIN BEACHApto. 1201
DESTIN BEACH;Apto. 1202;3S;130.34;Bloqueada; 2,482,010 ;19,043;DESTIN BEACHApto. 1202
DESTIN BEACH;Apto. 1203;2S;82.11;Bloqueada; 1,317,629 ;16,047;DESTIN BEACHApto. 1203
DESTIN BEACH;Apto. 1204;3S;84.84;Bloqueada; 1,419,526 ;16,732;DESTIN BEACHApto. 1204
DESTIN BEACH;Apto. 1205;2S;80.97;Bloqueada; 1,200,586 ;14,828;DESTIN BEACHApto. 1205
DESTIN BEACH;Apto. 1206;2S;113.58;Bloqueada; 1,774,028 ;15,619;DESTIN BEACHApto. 1206
DESTIN BEACH;Apto. 1207;3S;82.02;Bloqueada; 1,189,831 ;14,507;DESTIN BEACHApto. 1207
DESTIN BEACH;Apto. 1302;3S;130.34;Bloqueada; 2,495,954 ;19,15;DESTIN BEACHApto. 1302
DESTIN BEACH;Apto. 1304;3S;84.84;Bloqueada; 1,428,602 ;16,839;DESTIN BEACHApto. 1304
DESTIN BEACH;Apto. 1405;3S;80.97;Bloqueada; 1,217,910 ;15,041;DESTIN BEACHApto. 1405
DESTIN BEACH;Apto. 1502;3S;130.34;Bloqueada; -   ; -   ;DESTIN BEACHApto. 1502
DESTIN BEACH;Apto. 1602;3S;130.34;Bloqueada; 2,719,056 ;20,861;DESTIN BEACHApto. 1602
DESTIN BEACH;Apto. 1604;3S;84.84;Bloqueada; 1,573,822 ;18,55;DESTIN BEACHApto. 1604
DESTIN BEACH;Apto. 1605;3S;80.97;Bloqueada; 1,252,559 ;15,469;DESTIN BEACHApto. 1605
DESTIN BEACH;Apto. 1606;Garden;113.58;Bloqueada; 1,883,386 ;16,582;DESTIN BEACHApto. 1606
DESTIN BEACH;Apto. 1807;2S;82.02;Bloqueada; 1,303,900 ;15,897;DESTIN BEACHApto. 1807
DESTIN BEACH;Apto. 1901;3S;130.32;Bloqueada; 2,579,221 ;19,791;DESTIN BEACHApto. 1901
DESTIN BEACH;Apto. 1902;3S;130.34;Bloqueada; 2,802,719 ;21,503;DESTIN BEACHApto. 1902
DESTIN BEACH;Apto. 1903;3S;82.11;Bloqueada; 1,449,392 ;17,652;DESTIN BEACHApto. 1903
DESTIN BEACH;Apto. 1904;2S;84.84;Bloqueada; 1,628,279 ;19,192;DESTIN BEACHApto. 1904
DESTIN BEACH;Apto. 2201;3S;130.32;Bloqueada; 2,662,872 ;20,433;DESTIN BEACHApto. 2201
DESTIN BEACH;Apto. 2202;3S;130.34;Bloqueada; 2,886,382 ;22,145;DESTIN BEACHApto. 2202
DESTIN BEACH;Apto. 2203;2S;82.11;Bloqueada; 1,502,097 ;18,294;DESTIN BEACHApto. 2203
DESTIN BEACH;Apto. 2204;3S;84.84;Bloqueada; 1,682,737 ;19,834;DESTIN BEACHApto. 2204
DESTIN BEACH;Apto. 2205;2S;80.97;Bloqueada; 1,356,506 ;16,753;DESTIN BEACHApto. 2205
DESTIN BEACH;Apto. 2206;3S;113.58;Bloqueada; 2,029,197 ;17,866;DESTIN BEACHApto. 2206
DESTIN BEACH;Apto. 2207;3S;82.02;Bloqueada; 1,374,097 ;16,753;DESTIN BEACHApto. 2207
DESTIN BEACH;Apto. 2401;3S;130.32;Bloqueada; 2,718,639 ;20,861;DESTIN BEACHApto. 2401
DESTIN BEACH;Apto. 2402;2S;130.34;Bloqueada; 2,942,158 ;22,573;DESTIN BEACHApto. 2402
DESTIN BEACH;Apto. 2404;2S;84.84;Bloqueada; 1,719,042 ;20,262;DESTIN BEACHApto. 2404
DESTIN BEACH;Apto. 603;2S;82.11;Bloqueada; -   ; -   ;DESTIN BEACHApto. 603
DESTIN BEACH;Apto. 702;2S;130.34;Bloqueada; 2,412,291 ;18,508;DESTIN BEACHApto. 702
DESTIN BEACH;Apto. 805;4S;80.97;Bloqueada; 1,165,937 ;14,4;DESTIN BEACHApto. 805
DESTIN BEACH;Apto. 901;2S;130.32;Bloqueada; 2,216,736 ;17,01;DESTIN BEACHApto. 901
DESTIN BEACH;Apto. 902;2S;130.34;Bloqueada; 2,440,178 ;18,722;DESTIN BEACHApto. 902
DESTIN BEACH;Apto. 904;2S;84.84;Bloqueada; 1,392,297 ;16,411;DESTIN BEACHApto. 904
DOLPHIN BAY;Sala Comercial;2S;52.27;Bloqueada; -   ; -   ;DOLPHIN BAYSala Comercial
EMERALD COAST;Apto. 1003;Decorado;125.54;Bloqueada; 2,094,004 ;16,68;EMERALD COASTApto. 1003
EMERALD COAST;Apto. 1403;Decorado;125.54;Bloqueada; 2,162,742 ;17,228;EMERALD COASTApto. 1403
EMERALD COAST;Apto. 1503;Decorado;125.54;Bloqueada; 2,177,109 ;17,342;EMERALD COASTApto. 1503
EMERALD COAST;Apto. 1802;Sala;145.28;Bloqueada; 2,952,443 ;20,322;EMERALD COASTApto. 1802
EMERALD COAST;Apto. 1803;Sala;125.54;Bloqueada; 2,220,211 ;17,685;EMERALD COASTApto. 1803
EMERALD COAST;Apto. 2202;Sala;145.28;Bloqueada; 3,194,793 ;21,991;EMERALD COASTApto. 2202
EMERALD COAST;Apto. 2203;Sala;125.54;Bloqueada; 2,320,988 ;18,488;EMERALD COASTApto. 2203
EMERALD COAST;Apto. 2301;Sala;147.13;Bloqueada; 3,290,903 ;22,367;EMERALD COASTApto. 2301
EMERALD COAST;Apto. 2302;Sala;145.28;Bloqueada; 3,246,918 ;22,349;EMERALD COASTApto. 2302
EMERALD COAST;Apto. 2501;Sala;147.13;Bloqueada; 3,498,201 ;23,776;EMERALD COASTApto. 2501
EMERALD COAST;Apto. 601;Síndico;147.13;Bloqueada; 2,665,377 ;18,116;EMERALD COASTApto. 601
EMERALD COAST;Apto. 703;Síndico;125.54;Bloqueada; 2,017,492 ;16,071;EMERALD COASTApto. 703
EMERALD COAST;Apto. 903;Síndico;125.54;Bloqueada; 2,051,443 ;16,341;EMERALD COASTApto. 903
FORT MYERS;Sala Com. 01;Síndico;180.635;Bloqueada; -   ; -   ;FORT MYERSSala Com. 01
FORT MYERS;Sala Com. 02;Síndico;111.545;Bloqueada; -   ; -   ;FORT MYERSSala Com. 02
FORT MYERS;Sala Com. 03;Síndico;90.635;Bloqueada; -   ; -   ;FORT MYERSSala Com. 03
FORT MYERS;Sala Com. 04;Síndico;98.365;Bloqueada; -   ; -   ;FORT MYERSSala Com. 04
FORT MYERS;Tipo - Apto. 1005;Síndico;85.24;Bloqueada; 1,110,172 ;13,024;FORT MYERSTipo - Apto. 1005
FORT MYERS;Tipo - Apto. 1503;Síndico;124.25;Bloqueada; 2,203,158 ;17,732;FORT MYERSTipo - Apto. 1503
FORT MYERS;Tipo - Apto. 1905;Síndico;85.24;Bloqueada; 1,186,471 ;13,919;FORT MYERSTipo - Apto. 1905
FORT MYERS;Tipo - Apto. 2204;Box;85.88;Bloqueada; 1,321,294 ;15,385;FORT MYERSTipo - Apto. 2204
FORT MYERS;Tipo - Apto. 3104;Box;85.88;Bloqueada; 1,388,295 ;16,166;FORT MYERSTipo - Apto. 3104
KEY WEST;Apto 1102;Vaga;122.96;Bloqueada; -   ; -   ;KEY WESTApto 1102
KEY WEST;Apto 1602;Vaga;122.96;Bloqueada; -   ; -   ;KEY WESTApto 1602
OCEAN PARK;Apto 1005 S;Vaga;80.91;Bloqueada; 1,304,559 ;16,124;OCEAN PARKApto 1005 S
OCEAN PARK;Apto 1205 S;Vaga;80.91;Bloqueada; 1,142,738 ;14,124;OCEAN PARKApto 1205 S
OCEAN PARK;Sala Com. 06;Vaga;82.69;Bloqueada; 2,338,150 ;28,276;OCEAN PARKSala Com. 06
PARADISE BAY;Apto 1801;Vaga;123.48;Bloqueada; 2,445,009 ;19,801;PARADISE BAYApto 1801
ROYAL BAY;Apto. 3502;Vaga;252.81;Bloqueada; 4,951,700 ;19,587;ROYAL BAYApto. 3502
ROYAL BAY;Apto. 4001;Vaga;259.47;Bloqueada; 5,647,578 ;21,766;ROYAL BAYApto. 4001
ROYAL BAY;Apto. 4003;Vaga;260.03;Bloqueada; 5,595,802 ;21,52;ROYAL BAYApto. 4003
ROYAL BAY;Apto. 901;Vaga;191.67;Bloqueada; 3,479,710 ;18,155;ROYAL BAYApto. 901
BAL HARBOUR;Apto. 1101;Vaga;165.29;Disponível; 3,549,125 ;21,472;BAL HARBOURApto. 1101
BAL HARBOUR;Apto. 1301;Vaga;165.29;Disponível; 3,599,466 ;21,777;BAL HARBOURApto. 1301
BAL HARBOUR;Apto. 1304;2S;115.54;Disponível; 2,007,076 ;17,371;BAL HARBOURApto. 1304
BAL HARBOUR;Apto. 1404;Sala;115.54;Disponível; 2,020,234 ;17,485;BAL HARBOURApto. 1404
BAL HARBOUR;Apto. 1501;2S;165.29;Disponível; 3,720,875 ;22,511;BAL HARBOURApto. 1501
BAL HARBOUR;Apto. 1802;2S;144.61;Disponível; 3,195,106 ;22,095;BAL HARBOURApto. 1802
BAL HARBOUR;Apto. 1804;2S;115.54;Disponível; 2,112,531 ;18,284;BAL HARBOURApto. 1804
BAL HARBOUR;Apto. 1901;2S;165.29;Disponível; 3,888,959 ;23,528;BAL HARBOURApto. 1901
BAL HARBOUR;Apto. 1904;2S;115.54;Disponível; 2,125,689 ;18,398;BAL HARBOURApto. 1904
BAL HARBOUR;Apto. 2004;2S;115.54;Disponível; 2,138,847 ;18,512;BAL HARBOURApto. 2004
BAL HARBOUR;Apto. 2103;2S;129.68;Disponível; 2,970,277 ;22,905;BAL HARBOURApto. 2103
BAL HARBOUR;Apto. 2203;2S;129.68;Disponível; 3,019,543 ;23,285;BAL HARBOURApto. 2203
BAL HARBOUR;Apto. 2204;2S;115.54;Disponível; 2,204,827 ;19,083;BAL HARBOURApto. 2204
BAL HARBOUR;Apto. 2301;2S;298.08;Disponível; 7,437,758 ;24,952;BAL HARBOURApto. 2301
BAL HARBOUR;Apto. 2302;2S;144.61;Disponível; 3,513,783 ;24,298;BAL HARBOURApto. 2302
BAL HARBOUR;Apto. 2303;2S;129.74;Disponível; 3,070,228 ;23,664;BAL HARBOURApto. 2303
BAL HARBOUR;Apto. 2401;2S;298.08;Disponível; 7,555,565 ;25,347;BAL HARBOURApto. 2401
BAL HARBOUR;Apto. 2501;2S;298.08;Disponível; 7,839,269 ;26,299;BAL HARBOURApto. 2501
BAL HARBOUR;Apto. 2502;2S;277.29;Disponível; 7,354,837 ;26,524;BAL HARBOURApto. 2502
BAL HARBOUR;Apto. 2503;2S;271.74;Disponível; 7,207,629 ;26,524;BAL HARBOURApto. 2503
BAL HARBOUR;Apto. 601;2S;167.46;Disponível; 3,298,220 ;19,696;BAL HARBOURApto. 601
BAL HARBOUR;Apto. 603;2S;146.22;Disponível; 2,474,971 ;16,926;BAL HARBOURApto. 603
BAL HARBOUR;Apto. 604;2S;155.45;Disponível; 2,131,158 ;13,71;BAL HARBOURApto. 604
BAL HARBOUR;Apto. 701;2S;165.29;Disponível; 3,298,161 ;19,954;BAL HARBOURApto. 701
BAL HARBOUR;Apto. 702;2S;144.61;Disponível; 2,886,882 ;19,963;BAL HARBOURApto. 702
BAL HARBOUR;Apto. 704;2S;115.54;Disponível; 1,917,805 ;16,599;BAL HARBOURApto. 704
BAL HARBOUR;Apto. 801;2S;165.29;Disponível; 3,340,842 ;20,212;BAL HARBOURApto. 801
BAL HARBOUR;Apto. 901;2S;165.29;Disponível; 3,427,655 ;20,737;BAL HARBOURApto. 901
BAL HARBOUR;Apto. 904;2S;115.54;Disponível; 1,954,442 ;16,916;BAL HARBOURApto. 904
BLUE COAST;Apartamento 503;2S;228.12;Disponível; 2,626,076 ;11,512;BLUE COASTApartamento 503
DESTIN BEACH;Apto. 1001;2S;130.32;Disponível; 2,230,678 ;17,117;DESTIN BEACHApto. 1001
DESTIN BEACH;Apto. 1002;2S;130.34;Disponível; 2,454,122 ;18,829;DESTIN BEACHApto. 1002
DESTIN BEACH;Apto. 1006;2S;113.58;Disponível; 1,749,726 ;15,405;DESTIN BEACHApto. 1006
DESTIN BEACH;Apto. 1007;2S;82.02;Disponível; 1,172,282 ;14,293;DESTIN BEACHApto. 1007
DESTIN BEACH;Apto. 1101;2S;130.32;Disponível; 2,244,620 ;17,224;DESTIN BEACHApto. 1101
DESTIN BEACH;Apto. 1102;2S;130.34;Disponível; 2,468,066 ;18,936;DESTIN BEACHApto. 1102
DESTIN BEACH;Apto. 1103;2S;82.11;Disponível; 1,308,845 ;15,94;DESTIN BEACHApto. 1103
DESTIN BEACH;Apto. 1104;2S;84.84;Disponível; 1,410,449 ;16,625;DESTIN BEACHApto. 1104
DESTIN BEACH;Apto. 1105;2S;80.97;Disponível; 1,191,923 ;14,721;DESTIN BEACHApto. 1105
DESTIN BEACH;Apto. 1106;Garden;113.58;Disponível; 1,761,877 ;15,512;DESTIN BEACHApto. 1106
DESTIN BEACH;Apto. 1107;2S;82.02;Disponível; 1,181,056 ;14,4;DESTIN BEACHApto. 1107
DESTIN BEACH;Apto. 1301;2S;130.32;Disponível; 2,272,503 ;17,438;DESTIN BEACHApto. 1301
DESTIN BEACH;Apto. 1303;2S;82.11;Disponível; 1,326,413 ;16,154;DESTIN BEACHApto. 1303
DESTIN BEACH;Apto. 1305;2S;80.97;Disponível; 1,209,248 ;14,935;DESTIN BEACHApto. 1305
DESTIN BEACH;Apto. 1306;2S;113.58;Disponível; 1,786,179 ;15,726;DESTIN BEACHApto. 1306
DESTIN BEACH;Apto. 1307;2S;82.02;Disponível; 1,198,605 ;14,614;DESTIN BEACHApto. 1307
DESTIN BEACH;Apto. 1401;2S;130.32;Disponível; 2,286,445 ;17,545;DESTIN BEACHApto. 1401
DESTIN BEACH;Apto. 1402;2S;130.34;Disponível; 2,509,898 ;19,257;DESTIN BEACHApto. 1402
DESTIN BEACH;Apto. 1403;2S;82.11;Disponível; 1,335,197 ;16,261;DESTIN BEACHApto. 1403
DESTIN BEACH;Apto. 1404;2S;84.84;Disponível; 1,437,678 ;16,946;DESTIN BEACHApto. 1404
DESTIN BEACH;Apto. 1406;2S;113.58;Disponível; 1,798,330 ;15,833;DESTIN BEACHApto. 1406
DESTIN BEACH;Apto. 1407;3S;82.02;Disponível; 1,207,380 ;14,721;DESTIN BEACHApto. 1407
DESTIN BEACH;Apto. 1501;2S;130.32;Disponível; 2,425,862 ;18,615;DESTIN BEACHApto. 1501
DESTIN BEACH;Apto. 1503;2S;82.11;Disponível; 1,379,118 ;16,796;DESTIN BEACHApto. 1503
DESTIN BEACH;Apto. 1504;Sala;84.84;Disponível; 1,528,441 ;18,016;DESTIN BEACHApto. 1504
DESTIN BEACH;Apto. 1505;Sala;80.97;Disponível; 1,235,235 ;15,255;DESTIN BEACHApto. 1505
DESTIN BEACH;Apto. 1506;2S;113.58;Disponível; 1,859,084 ;16,368;DESTIN BEACHApto. 1506
DESTIN BEACH;Apto. 1507;2S;82.02;Disponível; 1,251,253 ;15,255;DESTIN BEACHApto. 1507
DESTIN BEACH;Apto. 1601;2S;130.32;Disponível; 2,495,571 ;19,15;DESTIN BEACHApto. 1601
DESTIN BEACH;Apto. 1603;Garden;82.11;Disponível; 1,396,687 ;17,01;DESTIN BEACHApto. 1603
DESTIN BEACH;Apto. 1607;2S;82.02;Disponível; 1,268,802 ;15,469;DESTIN BEACHApto. 1607
DESTIN BEACH;Apto. 1701;2S;130.32;Disponível; 2,523,454 ;19,364;DESTIN BEACHApto. 1701
DESTIN BEACH;Apto. 1702;2S;130.34;Disponível; 2,746,944 ;21,075;DESTIN BEACHApto. 1702
DESTIN BEACH;Apto. 1703;2S;82.11;Disponível; 1,414,255 ;17,224;DESTIN BEACHApto. 1703
DESTIN BEACH;Apto. 1704;Garden;84.84;Disponível; 1,591,974 ;18,764;DESTIN BEACHApto. 1704
DESTIN BEACH;Apto. 1705;Garden;80.97;Disponível; 1,269,884 ;15,683;DESTIN BEACHApto. 1705
DESTIN BEACH;Apto. 1706;2S;113.58;Disponível; 1,907,688 ;16,796;DESTIN BEACHApto. 1706
DESTIN BEACH;Apto. 1707;2S;82.02;Disponível; 1,286,351 ;15,683;DESTIN BEACHApto. 1707
DESTIN BEACH;Apto. 1801;2S;130.32;Disponível; 2,551,338 ;19,577;DESTIN BEACHApto. 1801
DESTIN BEACH;Apto. 1802;2S;130.34;Disponível; 2,774,831 ;21,289;DESTIN BEACHApto. 1802
DESTIN BEACH;Apto. 1803;2S;82.11;Disponível; 1,431,823 ;17,438;DESTIN BEACHApto. 1803
DESTIN BEACH;Apto. 1804;2S;84.84;Disponível; 1,610,127 ;18,978;DESTIN BEACHApto. 1804
DESTIN BEACH;Apto. 1805;2S;80.97;Disponível; 1,287,208 ;15,897;DESTIN BEACHApto. 1805
DESTIN BEACH;Apto. 1905;3S;80.97;Disponível; 1,304,533 ;16,111;DESTIN BEACHApto. 1905
DESTIN BEACH;Apto. 1906;2S;113.58;Disponível; 1,956,291 ;17,224;DESTIN BEACHApto. 1906
DESTIN BEACH;Apto. 1907;2S;82.02;Disponível; 1,321,449 ;16,111;DESTIN BEACHApto. 1907
DESTIN BEACH;Apto. 2001;2S;130.32;Disponível; 2,607,105 ;20,005;DESTIN BEACHApto. 2001
DESTIN BEACH;Apto. 2002;2S;130.34;Disponível; 2,830,607 ;21,717;DESTIN BEACHApto. 2002
DESTIN BEACH;Apto. 2003;3S;82.11;Disponível; 1,466,960 ;17,866;DESTIN BEACHApto. 2003
DESTIN BEACH;Apto. 2004;2S;84.84;Disponível; 1,646,432 ;19,406;DESTIN BEACHApto. 2004
DESTIN BEACH;Apto. 2005;2S;80.97;Disponível; 1,321,857 ;16,325;DESTIN BEACHApto. 2005
DESTIN BEACH;Apto. 2006;3S;113.58;Disponível; 1,980,593 ;17,438;DESTIN BEACHApto. 2006
DESTIN BEACH;Apto. 2007;2S;82.02;Disponível; 1,338,999 ;16,325;DESTIN BEACHApto. 2007
DESTIN BEACH;Apto. 2101;2S;130.32;Disponível; 2,634,988 ;20,219;DESTIN BEACHApto. 2101
DESTIN BEACH;Apto. 2102;2S;130.34;Disponível; 2,858,495 ;21,931;DESTIN BEACHApto. 2102
DESTIN BEACH;Apto. 2103;3S;82.11;Disponível; 1,484,529 ;18,08;DESTIN BEACHApto. 2103
DESTIN BEACH;Apto. 2104;2S;84.84;Disponível; 1,664,584 ;19,62;DESTIN BEACHApto. 2104
DESTIN BEACH;Apto. 2105;2S;80.97;Disponível; 1,339,181 ;16,539;DESTIN BEACHApto. 2105
DESTIN BEACH;Apto. 2106;2S;113.58;Disponível; 2,004,895 ;17,652;DESTIN BEACHApto. 2106
DESTIN BEACH;Apto. 2107;2S;82.02;Disponível; 1,356,548 ;16,539;DESTIN BEACHApto. 2107
DESTIN BEACH;Apto. 2301;2S;130.32;Disponível; 2,690,755 ;20,647;DESTIN BEACHApto. 2301
DESTIN BEACH;Apto. 2302;3S;130.34;Disponível; 2,914,270 ;22,359;DESTIN BEACHApto. 2302
DESTIN BEACH;Apto. 2303;2S;82.11;Disponível; 1,519,665 ;18,508;DESTIN BEACHApto. 2303
DESTIN BEACH;Apto. 2304;2S;84.84;Disponível; 1,700,889 ;20,048;DESTIN BEACHApto. 2304
DESTIN BEACH;Apto. 2305;3S;80.97;Disponível; 1,373,830 ;16,967;DESTIN BEACHApto. 2305
DESTIN BEACH;Apto. 2306;2S;113.58;Disponível; 2,053,498 ;18,08;DESTIN BEACHApto. 2306
DESTIN BEACH;Apto. 2307;2S;82.02;Disponível; 1,391,646 ;16,967;DESTIN BEACHApto. 2307
DESTIN BEACH;Apto. 2403;2S;82.11;Disponível; 1,537,234 ;18,722;DESTIN BEACHApto. 2403
DESTIN BEACH;Apto. 2405;3S;80.97;Disponível; 1,391,155 ;17,181;DESTIN BEACHApto. 2405
DESTIN BEACH;Apto. 2406;2S;113.58;Disponível; 2,065,649 ;18,187;DESTIN BEACHApto. 2406
DESTIN BEACH;Apto. 2407;3S;82.02;Disponível; 1,409,195 ;17,181;DESTIN BEACHApto. 2407
DESTIN BEACH;Apto. 2501;2S;130.32;Disponível; 2,788,347 ;21,396;DESTIN BEACHApto. 2501
DESTIN BEACH;Apto. 2502;2S;130.34;Disponível; 3,011,877 ;23,108;DESTIN BEACHApto. 2502
DESTIN BEACH;Apto. 2503;2S;82.11;Disponível; 1,581,155 ;19,257;DESTIN BEACHApto. 2503
DESTIN BEACH;Apto. 2504;2S;84.84;Disponível; 1,764,423 ;20,797;DESTIN BEACHApto. 2504
DESTIN BEACH;Apto. 2505;3S;80.97;Disponível; 1,434,466 ;17,716;DESTIN BEACHApto. 2505
DESTIN BEACH;Apto. 2506;2S;113.58;Disponível; 2,126,404 ;18,722;DESTIN BEACHApto. 2506
DESTIN BEACH;Apto. 2507;2S;82.02;Disponível; 1,453,068 ;17,716;DESTIN BEACHApto. 2507
DESTIN BEACH;Apto. 601;2S;144.64;Disponível; 2,321,055 ;16,047;DESTIN BEACHApto. 601
DESTIN BEACH;Apto. 602;2S;130.34;Disponível; 2,370,459 ;18,187;DESTIN BEACHApto. 602
DESTIN BEACH;Apto. 604;Sala;84.84;Disponível; 1,346,916 ;15,876;DESTIN BEACHApto. 604
DESTIN BEACH;Apto. 605;3S;80.97;Disponível; 1,131,288 ;13,972;DESTIN BEACHApto. 605
DESTIN BEACH;Apto. 606;2S;113.58;Disponível; 1,676,821 ;14,763;DESTIN BEACHApto. 606
DESTIN BEACH;Apto. 607;3S;87.53;Disponível; 1,194,850 ;13,651;DESTIN BEACHApto. 607
DESTIN BEACH;Apto. 701;2S;130.32;Disponível; 2,188,853 ;16,796;DESTIN BEACHApto. 701
DESTIN BEACH;Apto. 703;2S;82.11;Disponível; 1,273,708 ;15,512;DESTIN BEACHApto. 703
DESTIN BEACH;Apto. 704;2S;84.84;Disponível; 1,374,144 ;16,197;DESTIN BEACHApto. 704
DESTIN BEACH;Apto. 705;2S;80.97;Disponível; 1,157,275 ;14,293;DESTIN BEACHApto. 705
DESTIN BEACH;Apto. 706;3S;113.58;Disponível; 1,713,274 ;15,084;DESTIN BEACHApto. 706
DESTIN BEACH;Apto. 707;2S;82.02;Disponível; 1,145,958 ;13,972;DESTIN BEACHApto. 707
DESTIN BEACH;Apto. 801;3S;130.32;Disponível; 2,202,794 ;16,903;DESTIN BEACHApto. 801
DESTIN BEACH;Apto. 802;2S;130.34;Disponível; 2,426,234 ;18,615;DESTIN BEACHApto. 802
DESTIN BEACH;Apto. 803;2S;82.11;Disponível; 1,282,492 ;15,619;DESTIN BEACHApto. 803
DESTIN BEACH;Apto. 804;2S;84.84;Disponível; 1,383,221 ;16,304;DESTIN BEACHApto. 804
DESTIN BEACH;Apto. 806;2S;113.58;Disponível; 1,725,425 ;15,191;DESTIN BEACHApto. 806
DESTIN BEACH;Apto. 807;3S;82.02;Disponível; 1,154,733 ;14,079;DESTIN BEACHApto. 807
DESTIN BEACH;Apto. 903;3S;82.11;Disponível; 1,291,276 ;15,726;DESTIN BEACHApto. 903
DESTIN BEACH;Apto. 905;3S;80.97;Disponível; 1,174,599 ;14,507;DESTIN BEACHApto. 905
DESTIN BEACH;Apto. 906;Sala;113.58;Disponível; 1,737,576 ;15,298;DESTIN BEACHApto. 906
DESTIN BEACH;Apto. 907;Sala;82.02;Disponível; 1,163,507 ;14,186;DESTIN BEACHApto. 907
DESTIN BEACH;Box 141;3S;6.69;Disponível;40,38;6,036;DESTIN BEACHBox 141
DESTIN BEACH;Box 148;3S;4.73;Disponível;40,38;8,537;DESTIN BEACHBox 148
DESTIN BEACH;Vaga de Garagem 03;3S;14.29;Disponível;131,234;9,184;DESTIN BEACHVaga de Garagem 03
DESTIN BEACH;Vaga de Garagem 04;2S;17.88;Disponível;141,328;7,904;DESTIN BEACHVaga de Garagem 04
DESTIN BEACH;Vaga de Garagem 107;3S;29.97;Disponível;171,613;5,726;DESTIN BEACHVaga de Garagem 107
DESTIN BEACH;Vaga de Garagem 145 + Box 149;3S;18.45;Disponível;161,518;8,754;DESTIN BEACHVaga de Garagem 145 + Box 149
DESTIN BEACH;Vaga de Garagem 40;3S;12.75;Disponível;141,328;11,085;DESTIN BEACHVaga de Garagem 40
DESTIN BEACH;Vaga de Garagem 42;2S;13.64;Disponível;151,423;11,101;DESTIN BEACHVaga de Garagem 42
DESTIN BEACH;Vaga de Garagem 43;2S;13.64;Disponível;151,423;11,101;DESTIN BEACHVaga de Garagem 43
DESTIN BEACH;Vaga de Garagem 47;2S;20.54;Disponível;161,518;7,864;DESTIN BEACHVaga de Garagem 47
DESTIN BEACH;Vaga de Garagem 53;3S;14.73;Disponível;131,234;8,909;DESTIN BEACHVaga de Garagem 53
DESTIN BEACH;Vaga de Garagem 73;3S;29.97;Disponível;171,613;5,726;DESTIN BEACHVaga de Garagem 73
DESTIN BEACH;Vaga de Garagem 81;3S;16.13;Disponível;141,328;8,762;DESTIN BEACHVaga de Garagem 81
DESTIN BEACH;Vaga de Garagem 87;3S;14.73;Disponível;131,234;8,909;DESTIN BEACHVaga de Garagem 87
DESTIN BEACH;Sala Com. 01;3S;64.57;Disponível; 1,213,932 ;18,8;DESTIN BEACHSala Com. 01
DESTIN BEACH;Sala Com. 02;3S;53.56;Disponível; 1,113,242 ;20,785;DESTIN BEACHSala Com. 02
DESTIN BEACH;Sala Com. 03;3S;47.25;Disponível;978,232;20,703;DESTIN BEACHSala Com. 03
DESTIN BEACH;Sala Com. 04;3S;50.9;Disponível; 1,056,328 ;20,753;DESTIN BEACHSala Com. 04
DESTIN BEACH;Sala Com. 05;3S;156.98;Disponível; 3,159,731 ;20,128;DESTIN BEACHSala Com. 05
DESTIN BEACH;Sala Com. 06;3S;104.02;Disponível; 2,192,892 ;21,081;DESTIN BEACHSala Com. 06
DOLPHIN BAY;Apto. 502;2S;119.25;Disponível; 1,599,914 ;13,416;DOLPHIN BAYApto. 502
DOLPHIN BAY;Apto. 503;2S;80.68;Disponível; 1,045,534 ;12,959;DOLPHIN BAYApto. 503
EMERALD COAST;Apto. 1203;2S;125.54;Disponível; 2,134,005 ;16,999;EMERALD COASTApto. 1203
EMERALD COAST;Apto. 1303;2S;125.54;Disponível; 2,148,373 ;17,113;EMERALD COASTApto. 1303
EMERALD COAST;Apto. 1601;2S;147.13;Disponível; 2,961,481 ;20,128;EMERALD COASTApto. 1601
EMERALD COAST;Apto. 2103;2S;125.54;Disponível; 2,306,618 ;18,374;EMERALD COASTApto. 2103
EMERALD COAST;Apto. 2401;Sala;147.13;Disponível; 3,343,025 ;22,722;EMERALD COASTApto. 2401
EMERALD COAST;Apto. 2402;2S;145.28;Disponível; 3,299,040 ;22,708;EMERALD COASTApto. 2402
EMERALD COAST;Apto. 2403;3S;125.54;Disponível; 2,349,720 ;18,717;EMERALD COASTApto. 2403
EMERALD COAST;Apto. 501;3S;147.13;Disponível; 2,630,431 ;17,878;EMERALD COASTApto. 501
EMERALD COAST;Apto. 502;2S;145.28;Disponível; 2,597,738 ;17,881;EMERALD COASTApto. 502
EMERALD COAST;Apto. 503;3S;151.21;Disponível; 2,020,534 ;13,362;EMERALD COASTApto. 503
EMERALD COAST;Apto. 504;3S;152.63;Disponível; 1,998,842 ;13,096;EMERALD COASTApto. 504
EMERALD COAST;Apto. 603;2S;125.54;Disponível; 1,991,782 ;15,866;EMERALD COASTApto. 603
EMERALD COAST;Apto. 701;2S;147.13;Disponível; 2,774,965 ;18,861;EMERALD COASTApto. 701
EMERALD COAST;Apto. 702;2S;145.28;Disponível; 2,741,459 ;18,87;EMERALD COASTApto. 702
EMERALD COAST;Apto. 803;2S;125.54;Disponível; 2,043,126 ;16,275;
FORT MYERS;Cobertura - Apto. 4602;2S;178.87;Disponível; 3,711,735 ;20,751;
FORT MYERS;Sky View - Apto. 3301;2S;133.82;Disponível; 2,601,219 ;19,438;
FORT MYERS;Sky View - Apto. 3303;3S;134.83;Disponível; 2,620,851 ;19,438;
FORT MYERS;Sky View - Apto. 3401;3S;133.82;Disponível; 2,614,537 ;19,538;
FORT MYERS;Sky View - Apto. 3501;3S;133.82;Disponível; 2,627,856 ;19,637;
FORT MYERS;Sky View - Apto. 3503;2S;134.83;Disponível; 2,647,690 ;19,637;
FORT MYERS;Sky View - Apto. 3701;3S;133.82;Disponível; 2,654,494 ;19,836;
FORT MYERS;Sky View - Apto. 3703;3S;134.83;Disponível; 2,674,529 ;19,836;
FORT MYERS;Sky View - Apto. 3801;3S;133.82;Disponível; 2,667,813 ;19,936;
FORT MYERS;Sky View - Apto. 3803;2S;134.83;Disponível; 2,687,948 ;19,936;
FORT MYERS;Sky View - Apto. 3901;2S;133.82;Disponível; 2,681,132 ;20,035;
FORT MYERS;Sky View - Apto. 3903;2S;134.83;Disponível; 2,701,368 ;20,035;
FORT MYERS;Sky View - Apto. 4003;3S;134.83;Disponível; 2,714,787 ;20,135;
FORT MYERS;Sky View - Apto. 4101;2S;133.82;Disponível; 2,707,770 ;20,234;
FORT MYERS;Sky View - Apto. 4103;3S;134.83;Disponível; 2,728,207 ;20,234;
FORT MYERS;Sky View - Apto. 4201;3S;133.82;Disponível; 2,721,089 ;20,334;
FORT MYERS;Sky View - Apto. 4203;Sala;134.83;Disponível; 2,741,626 ;20,334;
FORT MYERS;Sky View - Apto. 4301;3S;133.82;Disponível; 2,734,408 ;20,433;
FORT MYERS;Sky View - Apto. 4303;3S;134.83;Disponível; 2,755,046 ;20,433;
FORT MYERS;Sky View - Apto. 4401;3S;133.82;Disponível; 2,747,727 ;20,533;
FORT MYERS;Sky View - Apto. 4501;2S;133.82;Disponível; 2,761,046 ;20,633;
FORT MYERS;Tipo - Apto. 1101;3S;128.73;Disponível; 2,187,104 ;16,99;
FORT MYERS;Tipo - Apto. 1301;3S;128.73;Disponível; 2,244,976 ;17,439;
FORT MYERS;Tipo - Apto. 2404;2S;85.88;Disponível; 1,339,779 ;15,601;
FORT MYERS;Tipo - Apto. 2601;2S;128.73;Disponível; 2,454,568 ;19,068;
FORT MYERS;Tipo - Apto. 2602;3S;88.28;Disponível; 1,835,921 ;20,797;
FORT MYERS;Tipo - Apto. 2605;2S;85.24;Disponível; 1,245,815 ;14,615;
FORT MYERS;Tipo - Apto. 2702;3S;88.28;Disponível; 1,848,403 ;20,938;
FORT MYERS;Tipo - Apto. 2703;2S;124.25;Disponível; 2,392,504 ;19,256;
FORT MYERS;Tipo - Apto. 2705;2S;85.24;Disponível; 1,254,293 ;14,715;
FORT MYERS;Tipo - Apto. 2805;2S;85.24;Disponível; 1,262,771 ;14,814;
FORT MYERS;Tipo - Apto. 2901;3S;128.73;Disponível; 2,527,170 ;19,632;
FORT MYERS;Tipo - Apto. 2905;3S;85.24;Disponível; 1,271,248 ;14,914;
FORT MYERS;Tipo - Apto. 3003;Sala;124.25;Disponível; 2,462,579 ;19,82;
FORT MYERS;Tipo - Apto. 3005;2S;85.24;Disponível; 1,279,726 ;15,013;
FORT MYERS;Tipo - Apto. 3101;3S;128.73;Disponível; 2,464,662 ;19,146;
FORT MYERS;Tipo - Apto. 503;2S;124.25;Disponível; 1,967,639 ;15,836;
FORT MYERS;Tipo - Apto. 601;2S;128.73;Disponível; 2,088,662 ;16,225;
FORT MYERS;Tipo - Apto. 603;2S;124.25;Disponível; 2,015,973 ;16,225;
FORT MYERS;Tipo - Apto. 604;Sala;85.88;Disponível; 1,173,407 ;13,663;
FORT MYERS;Tipo - Apto. 605;3S;85.24;Disponível; 1,084,739 ;12,726;
FORT MYERS;Tipo - Apto. 701;2S;128.73;Disponível; 2,104,300 ;16,347;
FORT MYERS;Tipo - Apto. 703;3S;124.25;Disponível; 2,031,067 ;16,347;
FORT MYERS;Tipo - Apto. 705;2S;85.24;Disponível; 1,084,739 ;12,726;
FORT MYERS;Tipo - Apto. 805;3S;85.24;Disponível; 1,093,217 ;12,825;
FORT MYERS;Tipo - Apto. 903;2S;124.25;Disponível; 2,080,520 ;16,745;
GOLD COAST;Apto. 1402 N;Sala;237.77;Disponível; 6,261,429 ;26,334;
GOLD COAST;Apto. 602 N;2S;144.06;Disponível; 2,528,313 ;17,55;
GOLD COAST;Apto. 603 N;3S;125.03;Disponível; 2,122,575 ;16,977;
GOLD COAST;Apto. 803 N;Sala;125.03;Disponível; 2,184,588 ;17,473;
GOLD COAST;Apto. 703 S;2S;125.03;Disponível; 1,900,452 ;15,2;
GOLD COAST;Apto. 803 S;3S;125.03;Disponível; 1,947,865 ;15,579;
OCEAN PARK;Apto 1103 N;Sala;78.91;Disponível; 1,270,438 ;16,1;
OCEAN PARK;Apto 1702 S;3S;121.37;Disponível; 2,177,133 ;17,938;
OCEAN PARK;Apto 2505 S;2S;80.91;Disponível; 1,358,908 ;16,795;
OCEAN PARK;Apto 504 S;3S;82.29;Disponível; 1,243,807 ;15,115;
PARADISE BAY;Apto 1002;3S;122.21;Disponível; 1,989,884 ;16,282;
PARADISE BAY;Apto 1401;3S;123.48;Disponível; 2,029,625 ;16,437;
PARADISE BAY;Apto 1804;3S;79.9;Disponível; 1,303,731 ;16,317;
PARADISE BAY;Apto 501;2S;172.93;Disponível; 2,259,518 ;13,066;
PARADISE BAY;Apto 506;2S;99.88;Disponível; 1,072,615 ;10,739;
ROYAL BAY;Apto. 1001;2S;191.67;Disponível; 3,561,727 ;18,583;
ROYAL BAY;Apto. 2303;Garden;236.05;Disponível; 4,437,004 ;18,797;
ROYAL BAY;Apto. 3702;2S;252.81;Disponível; 5,043,445 ;19,95;
ROYAL BAY;Apto. 4002;2S;271.21;Disponível; 5,936,831 ;21,89;
ROYAL BAY;Apto. 601;Sala;187.22;Disponível; 2,447,901 ;13,075;
ROYAL BAY;Apto. 602;2S;176.5;Disponível; 2,667,671 ;15,114;
ROYAL BAY;Apto. 603;2S;172.36;Disponível; 2,253,606 ;13,075;
ROYAL BAY;Apto. 801;3S;191.67;Disponível; 3,457,232 ;18,037;
SOUTH BEACH TOWER;Apartamento1002;2S;129.5;Disponível; 2,854,767 ;22,045;
SOUTH BEACH TOWER;Apartamento1102;2S;129.5;Disponível; 3,412,697 ;26,353;
TROPICAL BEACH;Apto. 1101;3S;110.25;Disponível; 1,686,254 ;15,295;
TROPICAL BEACH;Apto. 1301;3S;110.25;Disponível; 1,722,044 ;15,619;
TROPICAL BEACH;Apto. 1401;2S;110.25;Disponível; 1,745,844 ;15,835;
TROPICAL BEACH;Apto. 1501;3S;110.25;Disponível; 1,836,048 ;16,653;
TROPICAL BEACH;Apto. 1601;2S;110.25;Disponível; 1,859,541 ;16,867;
TROPICAL BEACH;Apto. 1705;2S;82.76;Disponível; 1,165,350 ;14,081;
TROPICAL BEACH;Apto. 501;3S;123.76;Disponível; 1,604,812 ;12,967;
TROPICAL BEACH;Sala Com. 01;3S;103.45;Disponível; 1,715,393 ;16,582;
TROPICAL BEACH;Sala Com. 02;2S;97.16;Disponível; 1,715,393 ;17,655;
TROPICAL BEACH;Sala Com. 03;3S;89.29;Disponível; 1,715,393 ;19,211;
BAL HARBOUR;Apto. 2202;3S;144.61;Disponível; 3,457,374 ;23,908;
DESTIN BEACH;Apto. 1806;2S;113.58;Disponível; 1,913,830 ;16,85;
FORT MYERS;Sky View - Apto. 4403;3S;134.83;Disponível; 2,768,465 ;20,533;
FORT MYERS;Tipo - Apto. 1004;2S;85.88;Disponível; 1,210,379 ;14,094;
FORT MYERS;Tipo - Apto. 1404;2S;85.88;Disponível; 1,374,687 ;16,007;
FORT MYERS;Tipo - Apto. 704;2S;85.88;Disponível; 1,182,650 ;13,771;
OCEAN PARK;Apto 1005 N;2S;79.69;Disponível; 1,282,995 ;16,1;
KEY WEST;Apto 1003;2S;95.93;Vendida;440;4,587;
KEY WEST;Apto 1101;2S;125.88;Vendida;605;4,806;
KEY WEST;Apto 1301;2S;125.88;Vendida;665,175;5,284;
KEY WEST;Apto 901;2S;125.88;Vendida;628;4,989;
KEY WEST;Apto 1302;2S;122.96;Vendida;654,15;5,32;
KEY WEST;Apto 603;2S;95.93;Vendida;413;4,305;
KEY WEST;Apto 701;2S;125.88;Vendida;617,5;4,905;
KEY WEST;Apto 1001;3S;125.88;Vendida;652,409;5,183;
KEY WEST;Apto 503;2S;95.93;Vendida;404,852;4,22;
KEY WEST;Apto 702;2S;122.96;Vendida;630;5,124;
KEY WEST;Apto 1501;2S;125.88;Vendida;694,856;5,52;
KEY WEST;Apto 903;3S;95.93;Vendida;437,85;4,564;
KEY WEST;Apto 802;3S;122.96;Vendida;630,767;5,13;
KEY WEST;Apto 803;2S;95.93;Vendida;456,477;4,758;
KEY WEST;Apto 703;2S;95.93;Vendida;466,542;4,863;
KEY WEST;Apto 801;3S;125.88;Vendida;660;5,243;
KEY WEST;Apto 902;2S;122.96;Vendida;675;5,49;
KEY WEST;Apto 403;3S;95.93;Vendida;395;4,118;
KEY WEST;Apto 602;2S;122.96;Vendida;620;5,042;
KEY WEST;Apto 1103;Garden;95.93;Vendida;450;4,691;
KEY WEST;Apto 502;2S;122.96;Vendida;662,646;5,389;
KEY WEST;Apto 501;2S;125.88;Vendida;689;5,473;
KEY WEST;Apto 1702;2S;122.96;Vendida;779,619;6,34;
KEY WEST;Apto 601;2S;125.88;Vendida;703,706;5,59;
KEY WEST;Apto 1701;2S;125.88;Vendida;750;5,958;
KEY WEST;Apto 1203;2S;95.93;Vendida;523,986;5,462;
KEY WEST;Apto 401;2S;125.88;Vendida;565,705;4,494;
KEY WEST;Apto 1201;3S;125.88;Vendida;775,207;6,158;
KEY WEST;Apto 1002;2S;122.96;Vendida;765;6,222;
KEY WEST;Apto 1401;2S;125.88;Vendida;761,988;6,053;
KEY WEST;Apto 402;3S;122.96;Vendida;637;5,181;
ATLANTIC;Apto 1203;2S;100.53;Vendida;546,894;5,44;
ATLANTIC;Apto 1101;3S;119.77;Vendida;650;5,427;
ATLANTIC;Apto 1502;3S;78.63;Vendida;458,572;5,832;
ATLANTIC;Apto 1001;3S;119.77;Vendida;657,53;5,49;
ATLANTIC;Apto 602;2S;78.63;Vendida;383,461;4,877;
ATLANTIC;Apto 801;2S;119.77;Vendida;640,4;5,347;
ATLANTIC;Apto 402;2S;78.63;Vendida;371;4,718;
ATLANTIC;Apto 802;Garden;78.63;Vendida;410;5,214;
ATLANTIC;Apto 901;2S;119.77;Vendida;650,755;5,433;
ATLANTIC;Apto 1501;2S;119.77;Vendida;704,177;5,879;
KEY WEST;Apto 1802;2S;122.96;Vendida;780;6,344;
ATLANTIC;Apto 1402;3S;78.63;Vendida;454,957;5,786;
ATLANTIC;Apto 504;2S;174.14;Vendida;770;4,422;
ATLANTIC;Apto 502;2S;78.63;Vendida;405,612;5,158;
ATLANTIC;Sala com. 03;2S;32.39;Vendida;227,132;7,012;
ATLANTIC;Apto 1301;2S;119.77;Vendida;711,66;5,942;
ATLANTIC;Apto 1903;2S;100.53;Vendida;626,583;6,233;
KEY WEST;Apto 1402;2S;122.96;Vendida;834,86;6,79;
ATLANTIC;Apto 703;2S;100.53;Vendida;537,628;5,348;
ATLANTIC;Apto 1901;2S;119.77;Vendida;815,267;6,807;
ATLANTIC;Apto 702;Garden;78.63;Vendida;442,927;5,633;
PALM BEACH;Apto 1501;Sala;128.28;Vendida;796,872;6,212;
PALM BEACH;Apto 1002;2S;129.13;Vendida;700;5,421;
PALM BEACH;Apto 1401;2S;128.28;Vendida;825,546;6,436;
PALM BEACH;Apto 501;2S;128.28;Vendida;651,546;5,079;
PALM BEACH;Apto 1701;2S;128.28;Vendida;763,586;5,952;
PALM BEACH;Apto 1001;2S;128.28;Vendida;710,55;5,539;
PALM BEACH;Apto 801;3S;128.28;Vendida;698,602;5,446;
ATLANTIC;Apto 1603;2S;100.53;Vendida;570,621;5,676;
PALM BEACH;Apto 601;2S;128.28;Vendida;679,138;5,294;
PALM BEACH;Apto 901;3S;128.28;Vendida;709,183;5,528;
ATLANTIC;Apto 803;2S;100.53;Vendida;470,003;4,675;
PALM BEACH;Apto 1201;2S;128.28;Vendida;730;5,691;
PALM BEACH;Apto 701;2S;128.28;Vendida;688,895;5,37;
PALM BEACH;Apto 1802;2S;129.13;Vendida;817;6,327;
ATLANTIC;Apto 903;2S;100.53;Vendida;555,237;5,523;
PALM BEACH;Apto 1502;3S;129.13;Vendida;767,5;5,944;
PALM BEACH;Apto 1301;3S;128.28;Vendida;787;6,135;
PALM BEACH;Apto 902;2S;129.13;Vendida;704,329;5,454;
PALM BEACH;Apto 1302;2S;129.13;Vendida;827,641;6,409;
PALM BEACH;Apto 802;3S;129.13;Vendida;718,039;5,561;
PALM BEACH;Apto 603;2S;132.06;Vendida;658,414;4,986;
KEY WEST;Apto 1801;3S;125.88;Vendida; 1,019,000 ;8,095;
ATLANTIC;Apto 1902;2S;78.63;Vendida;532,067;6,767;
PALM BEACH;Apto 903;3S;132.06;Vendida;690,388;5,228;
ATLANTIC;Apto 1303;3S;100.53;Vendida;590,177;5,871;
KEY WEST;Apto 1303;3S;95.93;Vendida;622;6,484;
ATLANTIC;Apto 1802;Garden;78.63;Vendida;527,831;6,713;
ATLANTIC;Apto 1401;3S;119.77;Vendida;815,06;6,805;
KEY WEST;Apto 1502;2S;122.96;Vendida;970;7,889;
ATLANTIC;Apto 1403;2S;100.53;Vendida;602,242;5,991;
KEY WEST;Apto 1503;3S;95.93;Vendida;650;6,776;
PALM BEACH;Apto 602;2S;129.13;Vendida;728;5,638;
PALM BEACH;Apto 1003;3S;132.06;Vendida;723,429;5,478;
PALM BEACH;Apto 502;2S;129.13;Vendida;692;5,359;
ATLANTIC;Apto 1003;2S;100.53;Vendida;560;5,57;
PALM BEACH;Apto 401;2S;128.28;Vendida;680,039;5,301;
ATLANTIC;Apto 1601;3S;119.77;Vendida;862,727;7,203;
ATLANTIC;Apto 1602;2S;78.63;Vendida;528,855;6,726;
PALM BEACH;Apto 1702;3S;129.13;Vendida; 1,025,000 ;7,938;
KEY WEST;Apto 1601;2S;125.88;Vendida; 1,200,000 ;9,533;
ATLANTIC;Apto 1002;2S;78.63;Vendida;480;6,105;
PALM BEACH;Apto 402;3S;129.13;Vendida;686,653;5,318;
ATLANTIC;Apto 1803;2S;100.53;Vendida;629;6,257;
ATLANTIC;Apto 503;3S;100.53;Vendida;532;5,292;
PALM BEACH;Apto 702;3S;129.13;Vendida;810;6,273;
ATLANTIC;Apto 601;2S;119.77;Vendida;784,986;6,554;
PALM BEACH;Apto 803;2S;132.06;Vendida;700;5,301;
ATLANTIC;Apto 1701;2S;119.77;Vendida;877,206;7,324;
SOUTH BEACH TOWER;Apartamento 402;2S;129.5;Vendida;847;6,541;
SOUTH BEACH TOWER;Apartamento 703;2S;79.02;Vendida;365;4,619;
SOUTH BEACH TOWER;Apartamento1003;3S;79.02;Vendida;403,988;5,112;
SOUTH BEACH TOWER;Apartamento1901;2S;127.82;Vendida;992,148;7,762;
SOUTH BEACH TOWER;Apartamento1902;3S;129.5;Vendida;972,501;7,51;
SOUTH BEACH TOWER;Apartamento 603;2S;79.02;Vendida;360,001;4,556;
SOUTH BEACH TOWER;Apartamento1103;2S;79.02;Vendida;401,5;5,081;
SOUTH BEACH TOWER;Apartamento 903;3S;79.02;Vendida;380;4,809;
SOUTH BEACH TOWER;Apartamento 503;3S;79.02;Vendida;350;4,429;
SOUTH BEACH TOWER;Apartamento 901;Sala;127.82;Vendida;796,2;6,229;
SOUTH BEACH TOWER;Apartamento1203;2S;79.02;Vendida;402,5;5,094;
SOUTH BEACH TOWER;Apartamento1403;2S;79.02;Vendida;410,51;5,195;
SOUTH BEACH TOWER;Apartamento1603;2S;79.02;Vendida;445;5,631;
SOUTH BEACH TOWER;Apartamento1803;2S;79.02;Vendida;514;6,505;
ATLANTIC;Apto 403;2S;100.53;Vendida;539;5,362;
SOUTH BEACH TOWER;Apartamento1302;3S;129.5;Vendida;857,25;6,62;
SOUTH BEACH TOWER;Apartamento 803;2S;79.02;Vendida;398,575;5,044;
KEY WEST;Apto 1902;2S;122.96;Vendida; 1,200,000 ;9,759;
PALM BEACH;Apto 403;2S;132.06;Vendida;640,421;4,849;
SOUTH BEACH TOWER;Apartamento 602;2S;129.5;Vendida;746,225;5,762;
SOUTH BEACH TOWER;Apartamento 802;2S;129.5;Vendida;765,7;5,913;
SOUTH BEACH TOWER;Apartamento 902;Sala;129.5;Vendida;814,209;6,287;
SOUTH BEACH TOWER;Apartamento1303;3S;79.02;Vendida;410;5,189;
SOUTH BEACH TOWER;Apartamento 702;2S;129.5;Vendida;755,963;5,838;
SOUTH BEACH TOWER;Apartamento1401;2S;127.82;Vendida;881,348;6,895;
SOUTH BEACH TOWER;Apartamento1001;2S;127.82;Vendida;830;6,494;
SOUTH BEACH TOWER;Apartamento1601;Garden;127.82;Vendida;934,388;7,31;
PALM BEACH;Apto 1602;2S;129.13;Vendida; 1,004,665 ;7,78;
PALM BEACH;Apto 1103;2S;132.06;Vendida;760;5,755;
PALM BEACH;Apto 1203;3S;132.06;Vendida;780,448;5,91;
SOUTH BEACH TOWER;Apartamento1201;2S;127.82;Vendida;860,028;6,728;
SOUTH BEACH TOWER;Apartamento1301;2S;127.82;Vendida;894,764;7;
SOUTH BEACH TOWER;Apartamento1501;3S;127.82;Vendida;932,972;7,299;
ATLANTIC;Apto 1302;2S;78.63;Vendida;510,811;6,496;
PALM BEACH;Apto 1303;Sala;132.06;Vendida;791,298;5,992;
SOUTH BEACH TOWER;Apartamento 401;2S;127.82;Vendida;748,13;5,853;
SOUTH BEACH TOWER;Apartamento 801;3S;127.82;Vendida;881,99;6,9;
ATLANTIC;Apto 1702;2S;78.63;Vendida;541,036;6,881;
SOUTH BEACH TOWER;Apartamento 701;2S;127.82;Vendida;829,036;6,486;
SOUTH BEACH TOWER;Apartamento1101;2S;127.82;Vendida;872,855;6,829;
SOUTH BEACH TOWER;Apartamento 601;2S;127.82;Vendida;858,984;6,72;
ATLANTIC;Apto 1703;2S;100.53;Vendida;675;6,714;
SOUTH BEACH TOWER;Apartamento1903;2S;79.02;Vendida;544,2;6,887;
SOUTH BEACH TOWER;Apartamento 501;2S;127.82;Vendida;849,064;6,643;
ATLANTIC;Apto 1202;2S;78.63;Vendida;554,612;7,053;
SOUTH BEACH TOWER;Apartamento1602;2S;129.5;Vendida; 1,081,248 ;8,349;
SOUTH BEACH TOWER;Apartamento1701;2S;127.82;Vendida; 1,043,137 ;8,161;
SOUTH BEACH TOWER;Apartamento1702;2S;129.5;Vendida; 1,102,266 ;8,512;
ATLANTIC;Apto 1102;2S;78.63;Vendida;534;6,791;
PALM BEACH;Apto 1503;2S;132.06;Vendida;855,383;6,477;
ATLANTIC;Apto 1103;2S;100.53;Vendida;629,6;6,263;
ATLANTIC;Apto 902;2S;78.63;Vendida;557,088;7,085;
PALM BEACH;Apto 1402;2S;129.13;Vendida;981,757;7,603;
SOUTH BEACH TOWER;Apartamento1801;2S;127.82;Vendida; 1,135,828 ;8,886;
SOUTH BEACH TOWER;Apartamento 502;2S;129.5;Vendida;938,108;7,244;
PALM SPRINGS;Apartamento 601;2S;142.41;Vendida; 1,075,100 ;7,549;
PALM SPRINGS;Apartamento1002;2S;140.3;Vendida; 1,217,600 ;8,679;
PALM SPRINGS;Apartamento1702;2S;140.3;Vendida; 1,665,500 ;11,871;
KEY WEST;Apto 1202;2S;122.96;Vendida;900;7,319;
PALM SPRINGS;Apartamento1301;2S;142.41;Vendida; 1,443,600 ;10,137;
PALM SPRINGS;Apartamento 701;2S;142.41;Vendida; 1,170,600 ;8,22;
PALM SPRINGS;Apartamento1101;2S;142.41;Vendida; 1,304,784 ;9,162;
PALM SPRINGS;Apartamento 901;2S;142.41;Vendida; 1,211,600 ;8,508;
PALM SPRINGS;Apartamento1501;2S;142.41;Vendida; 1,514,100 ;10,632;
SOUTH BEACH TOWER;Apartamento 403;3S;79.02;Vendida;670,643;8,487;
PALM SPRINGS;Apartamento 801;2S;142.41;Vendida; 1,215,000 ;8,532;
PALM SPRINGS;Apartamento 802;2S;140.3;Vendida; 1,120,000 ;7,983;
PALM SPRINGS;Apartamento 702;Sala;140.3;Vendida; 1,081,100 ;7,706;
PALM SPRINGS;Apartamento1102;2S;140.3;Vendida; 1,290,000 ;9,195;
SUNSET TOWER;Apartamento1004;2S;79.13;Vendida;450,75;5,696;
SUNSET TOWER;Apartamento 904;3S;79.13;Vendida;442,5;5,592;
SUNSET TOWER;Apartamento1304;2S;79.13;Vendida;500;6,319;
SUNSET TOWER;Apartamento1901;2S;126.57;Vendida; 1,190,000 ;9,402;
SUNSET TOWER;Apartamento1904;Garden;79.13;Vendida;597,4;7,55;
SUNSET TOWER;Apartamento1204;2S;79.13;Vendida;490,505;6,199;
SUNSET TOWER;Apartamento1604;2S;79.13;Vendida;530;6,698;
SUNSET TOWER;Apartamento 704;2S;79.13;Vendida;426;5,384;
SUNSET TOWER;Apartamento1701;3S;126.57;Vendida; 1,115,000 ;8,809;
PALM SPRINGS;Apartamento 803;2S;137.47;Vendida; 1,729,088 ;12,578;
PALM SPRINGS;Apartamento 903;2S;137.47;Vendida; 1,729,088 ;12,578;
SUNSET TOWER;Apartamento1203;2S;79.13;Vendida;490,505;6,199;
SUNSET TOWER;Apartamento1104;Garden;79.13;Vendida;459;5,801;
PALM SPRINGS;Apartamento1602;3S;140.3;Vendida; 1,555,100 ;11,084;
SUNSET TOWER;Apartamento 503;2S;79.13;Vendida;377,335;4,769;
SUNSET TOWER;Apartamento1801;3S;126.57;Vendida; 1,150,000 ;9,086;
SUNSET TOWER;Apartamento 404;3S;94.07;Vendida;453,4;4,82;
SUNSET TOWER;Apartamento 504;Garden;79.13;Vendida;377,34;4,769;
SUNSET TOWER;Apartamento1503;2S;79.13;Vendida;532,355;6,728;
SUNSET TOWER;Apartamento1504;2S;79.13;Vendida;532,355;6,728;
SUNSET TOWER;Apartamento 901;2S;126.57;Vendida;870,642;6,879;
PALM SPRINGS;Apartamento1001;3S;142.41;Vendida; 1,393,292 ;9,784;
SUNSET TOWER;Apartamento1804;2S;79.13;Vendida;593,81;7,504;
SUNSET TOWER;Apartamento 804;2S;79.13;Vendida;441,453;5,579;
SUNSET TOWER;Apartamento1404;2S;79.13;Vendida;527,004;6,66;
PALM SPRINGS;Apartamento 602;2S;140.3;Vendida; 1,096,308 ;7,814;
PALM SPRINGS;Apartamento1201;2S;142.41;Vendida; 1,427,127 ;10,021;
SUNSET TOWER;Apartamento 604;2S;79.13;Vendida;424,68;5,367;
SUNSET TOWER;Apartamento 903;2S;79.13;Vendida;449,84;5,685;
SUNSET TOWER;Apartamento1103;Sala;79.13;Vendida;466,614;5,897;
SUNSET TOWER;Apartamento1403;2S;79.13;Vendida;527,004;6,66;
SUNSET TOWER;Apartamento 603;2S;79.13;Vendida;424,68;5,367;
SUNSET TOWER;Apartamento 701;2S;126.57;Vendida;830;6,558;
SUNSET TOWER;Apartamento1303;2S;79.13;Vendida;510;6,445;
SUNSET TOWER;Apartamento1601;2S;126.57;Vendida; 1,087,045 ;8,588;
SUNSET TOWER;Apartamento1003;3S;79.13;Vendida;436,11;5,511;
SUNSET TOWER;Apartamento 403;3S;88.31;Vendida;442,513;5,011;
SUNSET TOWER;Apartamento 703;2S;79.13;Vendida;429;5,421;
SUNSET TOWER;Apartamento 801;2S;126.57;Vendida;852,063;6,732;
SUNSET TOWER;Apartamento 803;2S;79.13;Vendida;464,371;5,868;
SUNSET TOWER;Apartamento1803;2S;79.13;Vendida;624,637;7,894;
PALM SPRINGS;Apartamento 502;2S;140.3;Vendida; 1,170,165 ;8,34;
SUNSET TOWER;Apartamento1101;2S;126.57;Vendida;984,662;7,78;
SUNSET TOWER;Apartamento1703;2S;79.13;Vendida;610,436;7,714;
SUNSET TOWER;Apartamento 902;2S;126.57;Vendida;931;7,356;
SUNSET TOWER;Apartamento1704;2S;79.13;Vendida;560,255;7,08;
PALM BEACH;Apto 1601;2S;128.28;Vendida; 1,179,947 ;9,198;
SUNSET TOWER;Apartamento1603;2S;79.13;Vendida;567,16;7,167;
PALM SPRINGS;Apartamento1401;3S;142.41;Vendida; 1,678,864 ;11,789;
SUNSET TOWER;Apartamento 402;2S;140.44;Vendida;860,15;6,125;
SUNSET TOWER;Apartamento 602;2S;126.57;Vendida;852,315;6,734;
SUNSET TOWER;Apartamento 702;2S;126.57;Vendida;873,491;6,901;
SUNSET TOWER;Apartamento1201;2S;126.57;Vendida; 1,011,131 ;7,989;
PALM SPRINGS;Apartamento 902;2S;140.3;Vendida; 1,240,810 ;8,844;
SUNSET TOWER;Apartamento 401;2S;176.73;Vendida;892,019;5,047;
SUNSET TOWER;Apartamento1002;2S;126.57;Vendida; 1,000,561 ;7,905;
SUNSET TOWER;Apartamento1102;2S;126.57;Vendida; 1,028,477 ;8,126;
SUNSET TOWER;Apartamento1301;2S;126.57;Vendida; 1,099,892 ;8,69;
SUNSET TOWER;Apartamento 802;Garden;126.57;Vendida;992,281;7,84;
BREEZE TOWER;Apartamento 503;3S;82.06;Vendida;442,3;5,39;
BREEZE TOWER;Apartamento 603;2S;82.06;Vendida;448,35;5,464;
BREEZE TOWER;Apartamento1603;2S;82.06;Vendida;591,67;7,21;
BREEZE TOWER;Apartamento 803;2S;82.06;Vendida;471,299;5,743;
BREEZE TOWER;Apartamento1403;2S;82.06;Vendida;560;6,824;
BREEZE TOWER;Apartamento 403;2S;87.34;Vendida;449,2;5,143;
BREEZE TOWER;Apartamento 802;Sala;125.51;Vendida;870,002;6,932;
BREEZE TOWER;Apartamento1103;3S;82.06;Vendida;510,899;6,226;
BREEZE TOWER;Apartamento1203;2S;82.06;Vendida;524,099;6,387;
BREEZE TOWER;Apartamento1503;2S;82.06;Vendida;576,47;7,025;
BREEZE TOWER;Apartamento1102;3S;125.51;Vendida;957,517;7,629;
BREEZE TOWER;Apartamento 901;2S;129.15;Vendida;927,033;7,178;
BREEZE TOWER;Apartamento 902;3S;125.51;Vendida;890,594;7,096;
BREEZE TOWER;Apartamento1001;2S;129.15;Vendida;921,409;7,134;
BREEZE TOWER;Apartamento1003;2S;82.06;Vendida;423,044;5,155;
BREEZE TOWER;Apartamento1101;2S;129.15;Vendida;996,697;7,717;
BREEZE TOWER;Apartamento 601;2S;129.15;Vendida;864,57;6,694;
BREEZE TOWER;Apartamento 801;2S;129.15;Vendida;860,321;6,661;
BREEZE TOWER;Apartamento1803;2S;82.06;Vendida;620,2;7,558;
SOUTH BEACH TOWER;Apartamento1503;2S;79.02;Vendida;650;8,226;
BREEZE TOWER;Apartamento 701;Garden;129.15;Vendida;886,05;6,861;
BREEZE TOWER;Apartamento1002;2S;125.51;Vendida;933,762;7,44;
PALM BEACH;Apto 1902;3S;129.13;Vendida; 1,200,000 ;9,293;
BREEZE TOWER;Apartamento 702;2S;125.51;Vendida;880;7,011;
BREEZE TOWER;Apartamento 501;Garden;129.15;Vendida;896,899;6,945;
BREEZE TOWER;Apartamento1201;2S;129.15;Vendida; 1,084,227 ;8,395;
BREEZE TOWER;Apartamento1301;3S;129.15;Vendida; 1,100,000 ;8,517;
BREEZE TOWER;Apartamento1802;2S;125.51;Vendida; 1,259,557 ;10,036;
BREEZE TOWER;Apartamento 602;3S;125.51;Vendida;860;6,852;
BREEZE TOWER;Apartamento1303;2S;82.06;Vendida;635,708;7,747;
BREEZE TOWER;Apartamento1202;2S;125.51;Vendida;998,872;7,959;
PALM BEACH;Apto 1603;Garden;132.06;Vendida;966,557;7,319;
BREEZE TOWER;Apartamento 502;2S;125.51;Vendida;869,781;6,93;
BREEZE TOWER;Apartamento 401;3S;165.81;Vendida;965,538;5,823;
SUNSET TOWER;Apartamento1202;3S;126.57;Vendida; 1,141,687 ;9,02;
BREEZE TOWER;Apartamento 402;2S;162.25;Vendida;927,582;5,717;
BREEZE TOWER;Apartamento1302;2S;125.51;Vendida; 1,084,473 ;8,641;
ATLANTIC;Apto 404;Sala;174.14;Vendida; 1,298,727 ;7,458;
BREEZE TOWER;Apartamento1501;2S;129.15;Vendida; 1,213,961 ;9,4;
SUNSET TOWER;Apartamento1501;2S;126.57;Vendida; 1,276,026 ;10,082;
PALM BEACH;Apto 1803;2S;132.06;Vendida;985,071;7,459;
PALM BEACH;Apto 1202;3S;129.13;Vendida; 1,250,000 ;9,68;
PALM SPRINGS;Apartamento1601;3S;142.41;Vendida; 1,968,626 ;13,824;
SUNRISE TOWER;Apartamento 404;Garden;85.51;Vendida;523;6,116;
SUNRISE TOWER;Apartamento 602;2S;129.9;Vendida; 1,004,945 ;7,736;
SUNRISE TOWER;Apartamento 901;3S;129.72;Vendida; 1,059,790 ;8,17;
SUNRISE TOWER;Apartamento 902;2S;129.9;Vendida; 1,059,790 ;8,159;
SUNRISE TOWER;Apartamento1001;2S;129.72;Vendida; 1,139,590 ;8,785;
SUNRISE TOWER;Apartamento 403;2S;91.24;Vendida;523,5;5,738;
SUNRISE TOWER;Apartamento 501;2S;129.72;Vendida;989,7;7,63;
SUNRISE TOWER;Apartamento 701;2S;129.72;Vendida; 1,020,190 ;7,865;
SUNRISE TOWER;Apartamento 704;3S;84.83;Vendida;560,9;6,612;
SUNRISE TOWER;Apartamento 803;2S;84.83;Vendida;572,15;6,745;
SUNRISE TOWER;Apartamento1002;3S;129.9;Vendida; 1,079,590 ;8,311;
SUNRISE TOWER;Apartamento1102;3S;129.9;Vendida; 1,099,390 ;8,463;
SUNRISE TOWER;Apartamento1201;2S;129.72;Vendida; 1,139,690 ;8,786;
SUNRISE TOWER;Apartamento1202;3S;129.9;Vendida; 1,082,706 ;8,335;
SUNRISE TOWER;Apartamento1701;3S;129.72;Vendida; 1,275,000 ;9,829;
SUNRISE TOWER;Apartamento1702;2S;129.9;Vendida; 1,275,000 ;9,815;
SUNRISE TOWER;Apartamento1801;2S;129.72;Vendida; 1,358,890 ;10,476;
PALM SPRINGS;Apartamento 401;2S;171.26;Vendida; 1,327,495 ;7,751;
SUNRISE TOWER;Apartamento 401;3S;141.13;Vendida;989,5;7,011;
SUNRISE TOWER;Apartamento 402;3S;134.63;Vendida;982,9;7,301;
SUNRISE TOWER;Apartamento 504;2S;84.83;Vendida;538,4;6,347;
SUNRISE TOWER;Apartamento1103;Sala;84.83;Vendida;613,65;7,234;
SUNRISE TOWER;Apartamento1104;2S;84.83;Vendida;614,65;7,246;
SUNRISE TOWER;Apartamento1204;2S;84.83;Vendida;619,65;7,305;
SUNRISE TOWER;Apartamento1404;2S;84.83;Vendida;669,65;7,894;
SUNRISE TOWER;Apartamento1504;2S;84.83;Vendida;674,65;7,953;
SUNRISE TOWER;Apartamento1604;3S;84.83;Vendida;686,65;8,094;
SUNRISE TOWER;Apartamento 603;2S;84.83;Vendida;549,65;6,479;
SUNRISE TOWER;Apartamento1904;2S;84.83;Vendida;686,518;8,093;
SUNRISE TOWER;Apartamento 503;2S;84.83;Vendida;538,4;6,347;
SUNRISE TOWER;Apartamento 604;2S;84.83;Vendida;549,65;6,479;
SUNRISE TOWER;Apartamento1004;2S;84.83;Vendida;594,65;7,01;
SUNRISE TOWER;Apartamento 802;2S;129.9;Vendida; 1,039,990 ;8,006;
SUNRISE TOWER;Apartamento1101;2S;129.72;Vendida; 1,099,390 ;8,475;
SUNRISE TOWER;Apartamento1301;2S;129.72;Vendida; 1,159,490 ;8,938;
SUNRISE TOWER;Apartamento1903;2S;84.83;Vendida;722,65;8,519;
SUNRISE TOWER;Apartamento 904;3S;84.83;Vendida;583,4;6,877;
SUNRISE TOWER;Apartamento1603;3S;84.83;Vendida;686,65;8,094;
SUNRISE TOWER;Apartamento 702;3S;129.9;Vendida; 1,020,190 ;7,854;
SUNRISE TOWER;Apartamento1704;2S;84.83;Vendida;698,65;8,236;
CORAL GABLES;Apartamento1303;2S;82.41;Vendida;642,2;7,793;
SUNSET TOWER;Apartamento 601;2S;126.57;Vendida;993,283;7,848;
CORAL GABLES;Apartamento 503;3S;82.41;Vendida;548,2;6,652;
CORAL GABLES;Apartamento 901;2S;128.79;Vendida; 1,071,600 ;8,321;
CORAL GABLES;Apartamento1503;2S;83.33;Vendida;668,2;8,019;
SUNRISE TOWER;Apartamento 903;2S;84.83;Vendida;583,4;6,877;
SUNRISE TOWER;Apartamento1203;3S;84.83;Vendida;605,398;7,137;
SUNRISE TOWER;Apartamento1303;2S;84.83;Vendida;684,65;8,071;
SUNRISE TOWER;Apartamento1403;2S;84.83;Vendida;669,65;7,894;
SUNRISE TOWER;Apartamento1601;2S;129.72;Vendida; 1,284,890 ;9,905;
SUNSET TOWER;Apartamento 501;2S;126.57;Vendida;974,775;7,701;
CORAL GABLES;Apartamento 603;2S;82.41;Vendida;559,2;6,786;
CORAL GABLES;Apartamento 401;2S;143.96;Vendida;979,5;6,804;
CORAL GABLES;Apartamento 403;3S;84.99;Vendida;503,025;5,919;
CORAL GABLES;Apartamento1203;2S;83.33;Vendida;689,2;8,271;
CORAL GABLES;Apartamento1603;2S;82.41;Vendida;681,2;8,266;
SUNRISE TOWER;Apartamento1804;2S;84.83;Vendida;710,65;8,377;
CORAL GABLES;Apartamento1103;2S;82.41;Vendida;676,2;8,205;
SUNRISE TOWER;Apartamento1902;Sala;129.9;Vendida; 1,409,000 ;10,847;
CORAL GABLES;Apartamento 703;2S;83.33;Vendida;541,69;6,501;
CORAL GABLES;Apartamento 701;3S;128.79;Vendida; 1,092,000 ;8,479;
CORAL GABLES;Apartamento 803;2S;82.41;Vendida;552,144;6,7;
SUNRISE TOWER;Apartamento1803;2S;84.83;Vendida;710,65;8,377;
BREEZE TOWER;Apartamento1801;Sala;129.15;Vendida; 1,428,302 ;11,059;
CORAL GABLES;Apartamento1001;2S;126.86;Vendida; 1,151,400 ;9,076;
CORAL GABLES;Apartamento1601;2S;126.83;Vendida; 1,300,100 ;10,251;
BREEZE TOWER;Apartamento1701;2S;129.15;Vendida; 1,315,590 ;10,187;
CORAL GABLES;Apartamento1003;2S;83.33;Vendida;603,2;7,239;
CORAL GABLES;Apartamento 501;3S;139.82;Vendida;992,4;7,098;
CORAL GABLES;Apartamento 801;2S;126.83;Vendida;999,21;7,878;
CORAL GABLES;Apartamento1101;2S;128.79;Vendida; 1,055,640 ;8,197;
SUNRISE TOWER;Apartamento 502;2S;129.9;Vendida;989,7;7,619;
SUNRISE TOWER;Apartamento1402;2S;129.9;Vendida; 1,179,290 ;9,078;
CORAL GABLES;Apartamento1301;2S;128.79;Vendida; 1,150,800 ;8,935;
CORAL GABLES;Apartamento1002;2S;136.36;Vendida; 1,125,337 ;8,253;
PALM BEACH;Apto 1703;2S;132.06;Vendida; 1,048,667 ;7,941;
BREEZE TOWER;Apartamento1601;2S;129.15;Vendida; 1,360,000 ;10,53;
BREEZE TOWER;Apartamento1702;2S;125.51;Vendida; 1,365,382 ;10,879;
CORAL GABLES;Apartamento1901;3S;128.79;Vendida; 1,339,600 ;10,401;
CORAL GABLES;Apartamento 802;2S;136.35;Vendida; 1,146,274 ;8,407;
CORAL GABLES;Apartamento2103;2S;83.33;Vendida;836,2;10,035;
SUNSET TOWER;Apartamento1302;2S;126.57;Vendida; 1,247,348 ;9,855;
SUNSET TOWER;Apartamento 502;2S;126.57;Vendida; 1,000,411 ;7,904;
BREEZE TOWER;Apartamento1602;2S;125.51;Vendida; 1,322,522 ;10,537;
BREEZE TOWER;Apartamento1502;3S;125.51;Vendida; 1,279,662 ;10,196;
CORAL GABLES;Apartamento1402;3S;136.35;Vendida; 1,237,409 ;9,075;
BREEZE TOWER;Apartamento1402;2S;125.51;Vendida; 1,251,801 ;9,974;
SUNRISE TOWER;Apartamento1304;2S;84.83;Vendida;740;8,723;
BREEZE TOWER;Apartamento 903;2S;82.06;Vendida;720;8,774;
SUNRISE TOWER;Apartamento1503;2S;84.83;Vendida;775;9,136;
CORAL GABLES;Apartamento1403;2S;82.41;Vendida;622,44;7,553;
CORAL GABLES;Apartamento1903;2S;83.33;Vendida;769,93;9,24;
PALM SPRINGS;Apartamento1003;Garden;137.47;Vendida; 1,162,041 ;8,453;
CORAL GABLES;Apartamento2201;2S;236.64;Vendida; 2,566,167 ;10,844;
SUNRISE TOWER;Apartamento1003;2S;84.83;Vendida;750;8,841;
CORAL GABLES;Apartamento 903;2S;82.41;Vendida;730;8,858;
SOUTH BEACH TOWER;Apartamento1202;2S;129.5;Vendida; 1,370,700 ;10,585;
SUNRISE TOWER;Apartamento1401;2S;129.72;Vendida; 1,358,394 ;10,472;
PALM SPRINGS;Apartamento1103;2S;137.47;Vendida; 1,208,020 ;8,788;
CORAL GABLES;Apartamento1202;2S;136.36;Vendida; 1,206,778 ;8,85;
SUNSET TOWER;Apartamento1402;2S;126.57;Vendida; 1,330,314 ;10,511;
CORAL GABLES;Apartamento1803;2S;82.41;Vendida;826,315;10,027;
SUNSET TOWER;Apartamento1903;2S;79.13;Vendida;834,036;10,54;
PALM BEACH;Apto 1101;3S;128.28;Vendida; 1,459,892 ;11,381;
PALM SPRINGS;Apartamento1302;2S;140.3;Vendida; 1,709,818 ;12,187;
SUNSET TOWER;Apartamento1502;2S;126.57;Vendida; 1,389,793 ;10,98;
CORAL GABLES;Apartamento1102;2S;132.27;Vendida; 1,176,747 ;8,897;
CORAL GABLES;Apartamento2601;2S;206.17;Vendida; 2,539,333 ;12,317;
CORAL GABLES;Apartamento 702;Sala;132.27;Vendida; 1,143,455 ;8,645;
SOUTH BEACH TOWER;Apartamento1502;Sala;129.5;Vendida; 1,512,031 ;11,676;
SUNRISE TOWER;Apartamento1602;Sala;129.9;Vendida; 1,513,781 ;11,653;
CORAL GABLES;Apartamento2001;Sala;126.83;Vendida; 1,449,000 ;11,425;
PALM SPRINGS;Apartamento1502;Sala;140.3;Vendida; 2,000,000 ;14,255;
SUNSET TOWER;Apartamento1902;Sala;126.57;Vendida; 1,657,792 ;13,098;
CORAL GABLES;Apartamento1902;2S;132.27;Vendida; 1,518,208 ;11,478;
CORAL GABLES;Apartamento 2002;2S;136.35;Vendida; 1,555,201 ;11,406;
PALM SPRINGS;Apartamento1603;3S;137.47;Vendida; 1,539,969 ;11,202;
BREEZE TOWER;Apartamento1401;2S;129.15;Vendida; 1,602,309 ;12,407;
THE WAVE;Apartamento1302;2S;144.08;Vendida; 1,653,700 ;11,478;
THE WAVE;Apartamento1702;3S;144.08;Vendida; 1,766,335 ;12,259;
SUNSET TOWER;Apartamento1802;2S;126.57;Vendida; 1,636,769 ;12,932;
THE WAVE;Apartamento1103;2S;120.29;Vendida; 1,216,400 ;10,112;
THE WAVE;Apartamento1201;3S;144.69;Vendida; 1,624,200 ;11,225;
THE WAVE;Apartamento1203;3S;120.29;Vendida; 1,241,800 ;10,323;
THE WAVE;Apartamento 603;2S;120.29;Vendida; 1,113,800 ;9,259;
THE WAVE;Apartamento1002;3S;144.08;Vendida; 1,565,200 ;10,863;
THE WAVE;Apartamento1101;2S;144.69;Vendida; 1,594,700 ;11,021;
THE WAVE;Apartamento1202;2S;144.08;Vendida; 1,624,200 ;11,273;
THE WAVE;Apartamento1301;2S;144.69;Vendida; 1,653,700 ;11,429;
THE WAVE;Apartamento1501;2S;144.69;Vendida; 1,724,100 ;11,916;
THE WAVE;Apartamento1602;3S;144.08;Vendida; 1,759,300 ;12,211;
THE WAVE;Apartamento1701;2S;144.69;Vendida; 1,859,300 ;12,85;
THE WAVE;Apartamento1801;3S;144.69;Vendida; 1,959,300 ;13,541;
THE WAVE;Apartamento 503;2S;120.29;Vendida; 1,094,500 ;9,099;
THE WAVE;Apartamento 701;2S;144.69;Vendida; 1,401,300 ;9,685;
THE WAVE;Apartamento 702;3S;144.08;Vendida; 1,401,300 ;9,726;
THE WAVE;Apartamento 703;2S;120.29;Vendida; 1,133,100 ;9,42;
THE WAVE;Apartamento 801;2S;144.69;Vendida; 1,430,800 ;9,889;
THE WAVE;Apartamento 802;2S;144.08;Vendida; 1,430,800 ;9,931;
THE WAVE;Apartamento1402;2S;144.08;Vendida; 1,688,900 ;11,722;
THE WAVE;Apartamento1502;2S;144.08;Vendida; 1,724,100 ;11,966;
THE WAVE;Apartamento1601;2S;144.69;Vendida; 1,759,300 ;12,159;
THE WAVE;Apartamento1902;3S;144.08;Vendida; 2,069,300 ;14,362;
SUNSET TOWER;Apartamento1702;2S;126.57;Vendida; 1,600,000 ;12,641;
THE WAVE;Apartamento 902;2S;144.08;Vendida; 1,263,865 ;8,772;
THE WAVE;Apartamento1401;2S;144.69;Vendida; 1,488,900 ;10,29;
THE WAVE;Apartamento 501;3S;144.69;Vendida; 1,163,300 ;8,04;
THE WAVE;Apartamento1001;2S;144.69;Vendida; 1,665,200 ;11,509;
THE WAVE;Apartamento1803;2S;120.29;Vendida; 1,413,400 ;11,75;
THE WAVE;Apartamento 601;3S;144.69;Vendida; 1,381,800 ;9,55;
THE WAVE;Apartamento 901;2S;144.69;Vendida; 1,486,900 ;10,276;
THE WAVE;Apartamento 502;2S;144.08;Vendida; 1,362,300 ;9,455;
THE WAVE;Apartamento1802;2S;144.08;Vendida; 1,959,300 ;13,599;
THE WAVE;Apartamento1901;3S;144.69;Vendida; 2,212,000 ;15,288;
SUNRISE TOWER;Apartamento1302;3S;129.9;Vendida; 1,550,000 ;11,932;
SUNSET TOWER;Apartamento1602;2S;126.57;Vendida; 1,552,224 ;12,264;
THE WAVE;Apartamento 903;2S;120.29;Vendida; 1,171,700 ;9,741;
CORAL GABLES;Apartamento2003;3S;82.41;Vendida;950;11,528;
PALM SPRINGS;Apartamento1403;2S;137.47;Vendida; 1,549,477 ;11,271;
BREEZE TOWER;Apartamento1703;3S;82.06;Vendida;938,784;11,44;
THE WAVE;Apartamento 401;2S;170.9;Vendida; 1,373,250 ;8,035;
BREEZE TOWER;Apartamento1903;2S;82.06;Vendida;958;11,674;
SUNSET TOWER;Apartamento1001;3S;126.57;Vendida; 1,650,000 ;13,036;
CORAL GABLES;Apartamento2202;Sala;136.24;Vendida; 1,726,274 ;12,671;
CORAL GABLES;Apartamento 602;2S;136.35;Vendida; 1,282,870 ;9,409;
CORAL GABLES;Apartamento3201;2S;206.17;Vendida; 3,062,500 ;14,854;
SOUTH BEACH TOWER;Apartamento1402;2S;129.5;Vendida; 1,567,500 ;12,104;
THE WAVE;Apartamento 402;2S;166.27;Vendida; 1,445,526 ;8,694;
CORAL GABLES;Apartamento 601;2S;126.83;Vendida; 1,325,552 ;10,451;
CORAL GABLES;Apartamento 902;2S;132.27;Vendida; 1,577,476 ;11,926;
CORAL GABLES;Apartamento 502;2S;133.35;Vendida; 1,303,338 ;9,774;
BLUE COAST;Apartamento 1202;2S;82;Vendida;825;10,061;
BLUE COAST;Apartamento 502;2S;106.11;Vendida;935;8,812;
BLUE COAST;Apartamento 1002;2S;82;Vendida;800;9,756;
BLUE COAST;Apartamento 1702;2S;82;Vendida;887,5;10,823;
BLUE COAST;Apartamento 902;2S;82;Vendida;787,5;9,604;
BLUE COAST;Apartamento 2002;2S;82;Vendida;925;11,28;
BLUE COAST;Apartamento 2502;2S;82;Vendida;987,5;12,043;
BLUE COAST;Apartamento 3002;2S;82;Vendida; 1,050,000 ;12,805;
BLUE COAST;Apartamento 1203;2S;131.52;Vendida; 1,334,000 ;10,143;
BLUE COAST;Apartamento 2501;3S;131.99;Vendida; 1,651,000 ;12,509;
BLUE COAST;Apartamento 501;3S;205.5;Vendida; 1,850,000 ;9,002;
BLUE COAST;Apartamento 802;2S;82;Vendida;775;9,451;
BLUE COAST;Apartamento 3501;2S;163.57;Vendida; 2,780,000 ;16,996;
BLUE COAST;Apartamento 2402;Garden;82;Vendida;975;11,89;
BLUE COAST;Apartamento 2602;3S;82;Vendida; 1,000,000 ;12,195;
PALM SPRINGS;Apartamento1303;2S;137.47;Vendida; 1,525,362 ;11,096;
BLUE COAST;Apartamento 702;2S;82;Vendida;762,5;9,299;
BLUE COAST;Apartamento 1301;2S;131.99;Vendida; 1,362,500 ;10,323;
BLUE COAST;Apartamento 1501;2S;131.99;Vendida; 1,409,500 ;10,679;
BLUE COAST;Apartamento 1903;2S;131.52;Vendida; 1,498,500 ;11,394;
BLUE COAST;Apartamento 2702;3S;82;Vendida; 1,012,500 ;12,348;
BLUE COAST;Apartamento 2802;2S;82;Vendida; 1,025,000 ;12,5;
BLUE COAST;Apartamento 1502;2S;82;Vendida;862,5;10,518;
BLUE COAST;Apartamento 2701;2S;131.99;Vendida; 1,698,000 ;12,865;
BLUE COAST;Apartamento 2703;2S;131.52;Vendida; 1,693,000 ;12,873;
BLUE COAST;Apartamento 901;2S;131.99;Vendida; 1,205,075 ;9,13;
BLUE COAST;Apartamento 1101;2S;131.99;Vendida; 1,315,500 ;9,967;
BLUE COAST;Apartamento 1603;2S;131.52;Vendida; 1,428,000 ;10,858;
BLUE COAST;Apartamento 2201;2S;131.99;Vendida; 1,580,500 ;11,974;
BLUE COAST;Apartamento 3502;2S;192.58;Vendida; 3,276,000 ;17,011;
PALM SPRINGS;Apartamento 603;3S;137.47;Vendida; 1,311,244 ;9,538;
BLUE COAST;Apartamento 1802;2S;82;Vendida;900;10,976;
BLUE COAST;Apartamento 701;2S;131.99;Vendida; 1,221,500 ;9,254;
BLUE COAST;Apartamento 703;3S;131.52;Vendida; 1,216,500 ;9,25;
BLUE COAST;Apartamento 1302;2S;82;Vendida;837,5;10,213;
BLUE COAST;Apartamento 1102;2S;82;Vendida;771,063;9,403;
BLUE COAST;Apartamento 2202;2S;82;Vendida;950;11,585;
BLUE COAST;Apartamento 2003;2S;131.52;Vendida; 1,528,500 ;11,622;
BLUE COAST;Apartamento 1602;2S;82;Vendida;877,078;10,696;
BLUE COAST;Apartamento 1103;3S;131.52;Vendida; 1,313,612 ;9,988;
BLUE COAST;Apartamento 903;3S;131.52;Vendida; 1,263,500 ;9,607;
BLUE COAST;Apartamento 1503;Sala;131.52;Vendida; 1,407,835 ;10,704;
THE WAVE;Apartamento 403;2S;127.31;Vendida; 1,118,955 ;8,789;
BLUE COAST;Apartamento 1003;2S;131.52;Vendida; 1,290,056 ;9,809;
BLUE COAST;Apartamento 2302;2S;82;Vendida;964,785;11,766;
OCEAN PARK;Apto 1004 N;3S;83.4;Vendida;811;9,724;
OCEAN PARK;Apto 1702 N;2S;122.55;Vendida; 1,425,000 ;11,628;
OCEAN PARK;Apto 1802 N;3S;122.55;Vendida; 1,440,000 ;11,75;
OCEAN PARK;Apto 2502 N;2S;122.55;Vendida; 1,570,000 ;12,811;
OCEAN PARK;Apto 1603 N;2S;78.91;Vendida;842;10,67;
OCEAN PARK;Apto 1704 N;3S;83.4;Vendida;888;10,647;
OCEAN PARK;Apto 2004 N;2S;83.4;Vendida;802,75;9,625;
OCEAN PARK;Apto 2504 N;2S;83.4;Vendida;890;10,671;
OCEAN PARK;Apto 704 N;2S;83.4;Vendida;714;8,561;
OCEAN PARK;Apto 805 N;2S;79.69;Vendida;681,5;8,552;
SUNRISE TOWER;Apartamento1502;2S;129.9;Vendida; 1,727,644 ;13,3;
OCEAN PARK;Apto 904 N;2S;83.4;Vendida;695,4;8,338;
THE WAVE;Apartamento1403;2S;120.29;Vendida; 1,403,002 ;11,663;
BLUE COAST;Apartamento 1902;3S;82;Vendida;914,667;11,154;
OCEAN PARK;Apto 1201 N;3S;121.37;Vendida; 1,332,000 ;10,975;
OCEAN PARK;Apto 1501 N;3S;121.37;Vendida; 1,400,000 ;11,535;
OCEAN PARK;Apto 1503 N;2S;78.91;Vendida;833;10,556;
OCEAN PARK;Apto 1104 N;2S;83.4;Vendida;750;8,993;
OCEAN PARK;Apto 1504 N;2S;83.4;Vendida;800;9,592;
OCEAN PARK;Apto 1604 N;2S;83.4;Vendida;809;9,7;
OCEAN PARK;Apto 1605 N;2S;79.69;Vendida;767,5;9,631;
OCEAN PARK;Apto 1701 N;2S;121.37;Vendida; 1,418,000 ;11,683;
OCEAN PARK;Apto 703 N;3S;78.91;Vendida;816;10,341;
OCEAN PARK;Apto 705 N;2S;79.69;Vendida;672,5;8,439;
OCEAN PARK;Apto 804 N;2S;83.4;Vendida;723;8,669;
BLUE COAST;Apartamento 1601;2S;131.99;Vendida; 1,436,403 ;10,883;
OCEAN PARK;Apto 1903 N;3S;78.91;Vendida;869;11,013;
OCEAN PARK;Apto 2401 N;2S;121.37;Vendida; 1,418,000 ;11,683;
OCEAN PARK;Apto 2402 N;3S;122.55;Vendida; 1,402,000 ;11,44;
OCEAN PARK;Apto 604 N;2S;83.4;Vendida;705;8,453;
OCEAN PARK;Apto 803 N;2S;78.91;Vendida;755;9,568;
OCEAN PARK;Apto 1304 N;2S;83.4;Vendida;729,6;8,748;
BLUE COAST;Apartamento 601;3S;131.99;Vendida; 1,209,221 ;9,161;
OCEAN PARK;Apto 1204 N;3S;83.4;Vendida;759;9,101;
OCEAN PARK;Apto 1901 N;2S;121.37;Vendida; 1,500,000 ;12,359;
OCEAN PARK;Apto 1403 N;2S;78.91;Vendida;813;10,303;
OCEAN PARK;Apto 1705 N;3S;79.69;Vendida;781,916;9,812;
OCEAN PARK;Apto 2501 N;2S;121.37;Vendida; 1,551,000 ;12,779;
OCEAN PARK;Apto 2302 N;2S;122.55;Vendida; 1,537,651 ;12,547;
OCEAN PARK;Apto 504 N;2S;83.4;Vendida;696;8,345;
OCEAN PARK;Apto 905 N;Garden;79.69;Vendida;695,317;8,725;
OCEAN PARK;Apto 1003 N;2S;78.91;Vendida;851,663;10,793;
BLUE COAST;Apartamento 1701;2S;131.99;Vendida; 1,475,804 ;11,181;
KEY WEST;Decorado Key West;3S;100;Vendida; -   ; -   ;
PALM BEACH;Decorado Palm Beach;2S;100;Vendida; -   ; -   ;
OCEAN PARK;Apto 1804 N;2S;83.4;Vendida;835,976;10,024;
BLUE COAST;Apartamento 1001;2S;131.99;Vendida; 1,309,156 ;9,919;
OCEAN PARK;Apto 2101 N;3S;121.37;Vendida; 1,487,977 ;12,26;
OCEAN PARK;Apto 2301 N;3S;121.37;Vendida; 1,518,519 ;12,511;
OCEAN PARK;Apto 2001 N;2S;121.37;Vendida; 1,469,781 ;12,11;
OCEAN PARK;Apto 2002 N;2S;122.55;Vendida; 1,488,988 ;12,15;
OCEAN PARK;Apto 1602 N;2S;122.55;Vendida; 1,425,304 ;11,63;
OCEAN PARK;Apto 1405 N;2S;79.69;Vendida;768,674;9,646;
OCEAN PARK;Apto 1601 N;Garden;121.37;Vendida; 1,466,569 ;12,083;
BLUE COAST;Apartamento 2001;2S;131.99;Vendida; 1,678,000 ;12,713;
OCEAN PARK;Apto 1904 N;3S;83.4;Vendida;870,157;10,434;
OCEAN PARK;Apto 1905 N;2S;79.69;Vendida;826,962;10,377;
BLUE COAST;Apartamento 1201;2S;131.99;Vendida; 1,187,466 ;8,997;
BLUE COAST;Apartamento 1401;2S;131.99;Vendida; 1,229,147 ;9,312;
OCEAN PARK;Apto 1205 N;2S;79.69;Vendida;746,816;9,372;
PALM SPRINGS;Apartamento1402;3S;140.3;Vendida; 1,860,285 ;13,259;
BLUE COAST;Apartamento 1403;2S;131.52;Vendida; 1,440,838 ;10,955;
OCEAN PARK;Apto 1801 N;2S;121.37;Vendida; 1,485,305 ;12,238;
THE WAVE;Apartamento1503;2S;120.29;Vendida; 1,478,708 ;12,293;
THE WAVE;Apartamento1903;2S;120.29;Vendida; 1,686,714 ;14,022;
THE WAVE;Apartamento1102;2S;144.08;Vendida; 1,254,064 ;8,704;
OCEAN PARK;Apto 2204 N;Sala;83.4;Vendida;914,643;10,967;
OCEAN PARK;Apto 2005 N;2S;79.69;Vendida;845,659;10,612;
OCEAN PARK;Apto 2304 N;2S;83.4;Vendida;924,115;11,081;
THE WAVE;Apartamento 803;2S;120.29;Vendida; 1,305,000 ;10,849;
OCEAN PARK;Apto 2102 N;3S;122.55;Vendida; 1,569,231 ;12,805;
OCEAN PARK;Apto 2201 N;3S;121.37;Vendida; 1,568,179 ;12,921;
OCEAN PARK;Apto 1203 N;3S;78.91;Vendida;832,503;10,55;
BLUE COAST;Apartamento 1803;2S;131.52;Vendida; 1,556,078 ;11,831;
KEY WEST;Apto 1403;2S;95.93;Vendida; -   ; -   ;
OCEAN PARK;Apto 1404 N;3S;83.4;Vendida;820,926;9,843;
OCEAN PARK;Apto 1502 N;Sala;122.55;Vendida; 1,485,652 ;12,123;
OCEAN PARK;Apto 1505 N;2S;79.69;Vendida;807,79;10,137;
OCEAN PARK;Apto 1805 N;3S;79.69;Vendida;836,545;10,497;
PALM SPRINGS;Apartamento1503;2S;137.47;Vendida; 1,927,545 ;14,022;
PALM BEACH;Apto 1102;3S;129.13;Vendida; -   ; -   ;
PALM BEACH;Apto 1403;3S;132.06;Vendida; -   ; -   ;
PALM BEACH;Apto 503;3S;132.06;Vendida; -   ; -   ;
PALM BEACH;Apto 703;2S;132.06;Vendida; -   ; -   ;
PALM BEACH;Apto 1801;3S;128.28;Vendida; -   ; -   ;
PALM BEACH;Apto 1903;2S;132.06;Vendida; -   ; -   ;
PALM BEACH;Síndico;3S;100;Vendida; -   ; -   ;
OCEAN PARK;Apto 503 N;2S;78.91;Vendida;775,308;9,825;
BLUE COAST;Apartamento 3302;3S;82;Vendida; 1,211,627 ;14,776;
BLUE COAST;Apartamento 1801;2S;131.99;Vendida; 1,500,923 ;11,371;
OCEAN PARK;Apto 1303 N;2S;78.91;Vendida;851,987;10,797;
OCEAN PARK;Apto 2003 N;3S;78.91;Vendida;935,056;11,85;
BLUE COAST;Apartamento 1703;2S;131.52;Vendida; 1,561,566 ;11,873;
OCEAN PARK;Apto 1106 S;2S;80.03;Vendida;883,904;11,045;
OCEAN PARK;Apto 2106 S;3S;80.03;Vendida;929,761;11,618;
OCEAN PARK;Apto 2301 S;Sala;122.55;Vendida; 1,688,960 ;13,782;
OCEAN PARK;Apto 2406 S;3S;80.03;Vendida;957,03;11,958;
OCEAN PARK;Apto 2503 N;3S;78.91;Vendida;212,341;2,691;
OCEAN PARK;Apto 1006 S;3S;80.03;Vendida;837,851;10,469;
OCEAN PARK;Apto 1801 S;3S;122.55;Vendida; 1,566,185 ;12,78;
OCEAN PARK;Apto 1806 S;3S;80.03;Vendida;904,511;11,302;
OCEAN PARK;Apto 1903 S;3S;79.8;Vendida;890,81;11,163;
OCEAN PARK;Apto 2001 S;2S;122.55;Vendida; 1,606,464 ;13,109;
OCEAN PARK;Apto 2006 S;2S;80.03;Vendida;920,671;11,504;
OCEAN PARK;Apto 706 S;2S;80.03;Vendida;815,125;10,185;
OCEAN PARK;Apto 1706 S;Sala;80.03;Vendida;896,431;11,201;
OCEAN PARK;Apto 2003 S;3S;79.8;Vendida;898,81;11,263;
OCEAN PARK;Apto 2101 S;3S;122.55;Vendida; 1,648,640 ;13,453;
OCEAN PARK;Apto 806 S;3S;80.03;Vendida;822,701;10,28;
BLUE COAST;Apartamento 2902;2S;82;Vendida; 1,100,000 ;13,415;
OCEAN PARK;Apto 1606 S;2S;80.03;Vendida;888,351;11,1;
OCEAN PARK;Apto 2002 S;2S;121.37;Vendida; 1,539,285 ;12,683;
OCEAN PARK;Apto 1701 S;2S;122.55;Vendida; 1,588,160 ;12,959;
OCEAN PARK;Apto 1601 S;3S;122.55;Vendida; 1,496,096 ;12,208;
OCEAN PARK;Apto 2404 N;2S;83.4;Vendida;952,048;11,415;
OCEAN PARK;Apto 2201 S;Sala;122.55;Vendida; 1,668,800 ;13,617;
OCEAN PARK;Apto 606 S;2S;80.03;Vendida;807,551;10,091;
OCEAN PARK;Apto 1901 S;2S;122.55;Vendida; 1,608,320 ;13,124;
OCEAN PARK;Apto 905 S;3S;80.91;Vendida;824,305;10,188;
OCEAN PARK;Apto 2202 S;3S;121.37;Vendida; 1,665,569 ;13,723;
OCEAN PARK;Apto 2102 S;2S;121.37;Vendida; 1,645,702 ;13,559;
BLUE COAST;Apartamento 2103;2S;131.52;Vendida; 1,360,360 ;10,343;
OCEAN PARK;Apto 2302 S;2S;121.37;Vendida; 1,770,437 ;14,587;
OCEAN PARK;Apto 2501 S;2S;122.55;Vendida; 1,743,053 ;14,223;
OCEAN PARK;Apto 2506 S;3S;80.03;Vendida; 1,017,891 ;12,719;
OCEAN PARK;Apto 503 S;3S;79.8;Vendida;781,972;9,799;
OCEAN PARK;Apto 906 S;2S;80.03;Vendida;833,111;10,41;
SUNNY ISLAND;Apto 1601;2S;122.79;Vendida; 1,465,000 ;11,931;
SUNNY ISLAND;Apto 2303;2S;84.13;Vendida;911,4;10,833;
SUNNY ISLAND;Apto 503;3S;90.67;Vendida;840;9,264;
OCEAN PARK;Apto 2502 S;3S;121.37;Vendida; 1,733,452 ;14,282;
SUNNY ISLAND;Apto 1004;2S;83.25;Vendida;770,4;9,254;
SUNNY ISLAND;Apto 2004;3S;83.25;Vendida;870,4;10,455;
SUNNY ISLAND;Apto 603;2S;84.13;Vendida;779,4;9,264;
SUNNY ISLAND;Apto 604;2S;83.25;Vendida;742,4;8,918;
SUNNY ISLAND;Apto 801;3S;122.79;Vendida; 1,245,000 ;10,139;
SUNNY ISLAND;Apto 1401;3S;122.79;Vendida; 1,395,000 ;11,361;
SUNNY ISLAND;Apto 1503;2S;84.13;Vendida;847,4;10,073;
SUNNY ISLAND;Apto 1704;3S;83.25;Vendida;838,4;10,071;
SUNNY ISLAND;Apto 1801;2S;122.79;Vendida; 1,515,000 ;12,338;
SUNNY ISLAND;Apto 1904;2S;83.25;Vendida;858,4;10,311;
SUNNY ISLAND;Apto 2104;2S;83.25;Vendida;877,4;10,539;
SUNNY ISLAND;Apto 2504;2S;83.25;Vendida;905,4;10,876;
SUNNY ISLAND;Apto 601;2S;122.79;Vendida; 1,205,000 ;9,814;
SUNNY ISLAND;Apto 602;3S;122.79;Vendida; 1,205,000 ;9,814;
OCEAN PARK;Apto 605 S;2S;80.91;Vendida;804,8;9,947;
SUNNY ISLAND;Apto 901;3S;122.79;Vendida; 1,201,750 ;9,787;
SUNNY ISLAND;Apto 1002;2S;122.79;Vendida; 1,285,000 ;10,465;
SUNNY ISLAND;Apto 1301;2S;122.79;Vendida; 1,345,000 ;10,954;
SUNNY ISLAND;Apto 1304;3S;83.25;Vendida;796,4;9,566;
SUNNY ISLAND;Apto 1804;3S;83.25;Vendida;848,4;10,191;
SUNNY ISLAND;Apto 701;3S;122.79;Vendida; 1,225,000 ;9,976;
SUNNY ISLAND;Apto 1102;2S;122.79;Vendida; 1,305,000 ;10,628;
SUNNY ISLAND;Apto 902;2S;122.79;Vendida; 1,265,000 ;10,302;
BLUE COAST;Apartamento 3303;2S;131.52;Vendida; 2,131,080 ;16,203;
SUNNY ISLAND;Apto 1901;2S;122.79;Vendida; 1,535,000 ;12,501;
OCEAN PARK;Apto 2206 S;2S;80.03;Vendida;993,211;12,41;
SUNNY ISLAND;Apto 2204;2S;83.25;Vendida;932,125;11,197;
OCEAN PARK;Apto 1602 S;3S;121.37;Vendida; 1,562,671 ;12,875;
SUNNY ISLAND;Apto 1201;3S;122.79;Vendida; 1,258,750 ;10,251;
SUNNY ISLAND;Apto 1203;2S;84.13;Vendida;780,33;9,275;
OCEAN PARK;Apto 2402 S;3S;121.37;Vendida; 1,705,849 ;14,055;
SUNNY ISLAND;Apto 2601;2S;122.79;Vendida; 1,705,000 ;13,885;
SUNNY ISLAND;Apto 2602;2S;122.79;Vendida; 1,705,000 ;13,885;
OCEAN PARK;Apto 2401 S;3S;122.55;Vendida; 1,623,637 ;13,249;
SUNNY ISLAND;Apto 1404;2S;83.25;Vendida;846,754;10,171;
SUNNY ISLAND;Apto 1504;2S;83.25;Vendida;854,132;10,26;
BLUE COAST;Apartamento 3003;3S;131.52;Vendida; 2,024,688 ;15,395;
BLUE COAST;Apartamento 3403;3S;131.52;Vendida; 2,356,702 ;17,919;
OCEAN PARK;Apto 1001 S;3S;122.55;Vendida; 1,436,947 ;11,725;
OCEAN PARK;Apto 2306 S;2S;80.03;Vendida; 1,005,866 ;12,569;
SUNNY ISLAND;Apto 1101;2S;122.79;Vendida; 1,375,422 ;11,201;
OCEAN PARK;Apto 1206 S;3S;80.03;Vendida;902,39;11,276;
OCEAN PARK;Apto 1505 S;3S;80.91;Vendida;883,048;10,914;
OCEAN PARK;Apto 805 S;2S;80.91;Vendida;825,445;10,202;
OCEAN PARK;Apto 804 S;2S;82.29;Vendida;815,193;9,906;
SUNNY ISLAND;Apto 702;2S;122.79;Vendida; 1,295,018 ;10,547;
OCEAN PARK;Apto 703 S;2S;79.8;Vendida;672,712;8,43;
SUNNY ISLAND;Apto 1202;3S;122.79;Vendida; 1,400,734 ;11,408;
SUNNY ISLAND;Apto 2603;2S;84.13;Vendida;985,694;11,716;
OCEAN PARK;Apto 1501 S;2S;122.55;Vendida; 1,592,509 ;12,995;
OCEAN PARK;Apto 1906 S;Garden;80.03;Vendida;968,356;12,1;
SUNNY ISLAND;Apto 1403;2S;84.13;Vendida;888,435;10,56;
SUNNY ISLAND;Apto 2501;3S;122.79;Vendida; 1,781,310 ;14,507;
OCEAN PARK;Apto 1405 S;Garden;80.91;Vendida;870,921;10,764;
SUNNY ISLAND;Apto 1702;3S;122.79;Vendida; 1,580,450 ;12,871;
BREEZE TOWER;Apartamento 703;3S;82.06;Vendida; -   ; -   ;
BREEZE TOWER;Apartamento1901;3S;129.15;Vendida; -   ; -   ;
BREEZE TOWER;Apartamento1902;2S;125.51;Vendida; -   ; -   ;
PALM SPRINGS;Apartamento 403;2S;137.11;Vendida; -   ; -   ;
PALM SPRINGS;Apartamento 501;2S;142.41;Vendida; -   ; -   ;
PALM SPRINGS;Apartamento 503;3S;137.47;Vendida; -   ; -   ;
PALM SPRINGS;Apartamento1202;2S;140.3;Vendida; -   ; -   ;
PALM SPRINGS;Apartamento1703;2S;137.47;Vendida; -   ; -   ;
SUNRISE TOWER;Apartamento 601;3S;129.72;Vendida; -   ; -   ;
SUNRISE TOWER;Apartamento 703;2S;84.83;Vendida; -   ; -   ;
SUNRISE TOWER;Apartamento 801;3S;129.72;Vendida; -   ; -   ;
SUNRISE TOWER;Apartamento 804;2S;84.83;Vendida; -   ; -   ;
BLUE COAST;Apartamento 602;3S;82;Vendida;948;11,561;
OCEAN PARK;Apto 1306 S;3S;80.03;Vendida;913,162;11,41;
SUNNY ISLAND;Apto 1302;3S;122.79;Vendida; 1,421,877 ;11,58;
OCEAN PARK;Apto 1401 S;2S;122.55;Vendida; 1,600,905 ;13,063;
OCEAN PARK;Apto 1406 S;2S;80.03;Vendida;921,2;11,511;
SUNNY ISLAND;Apto 1303;3S;84.13;Vendida;881,035;10,472;
SUNNY ISLAND;Apto 1703;2S;84.13;Vendida;915,921;10,887;
SUNNY ISLAND;Apto 2101;2S;122.79;Vendida; 1,665,023 ;13,56;
SUNNY ISLAND;Apto 2304;2S;83.25;Vendida;942,35;11,32;
OCEAN PARK;Apto 1902 S;Garden;121.37;Vendida; 1,624,324 ;13,383;
OCEAN PARK;Apto 603 N;2S;78.91;Vendida;802,782;10,173;
OCEAN PARK;Apto 705 S;3S;80.91;Vendida;821,352;10,151;
BLUE COAST;Apartamento 3401;3S;132.19;Vendida; 2,328,366 ;17,614;
OCEAN PARK;Apto 1103 S;2S;79.8;Vendida;836,58;10,483;
SUNNY ISLAND;Apto 1803;2S;84.13;Vendida;927,257;11,022;
SUNNY ISLAND;Apto 2404;3S;83.25;Vendida;956,887;11,494;
SUNNY ISLAND;Apto 2604;2S;83.25;Vendida;968,662;11,636;
BLUE COAST;Apartamento 3102;3S;82;Vendida; 1,207,388 ;14,724;
OCEAN PARK;Apto 1504 S;2S;82.29;Vendida;876,516;10,652;
OCEAN PARK;Apto 1605 S;2S;80.91;Vendida;894,931;11,061;
BLUE COAST;Sala Com. 01;2S;81.58;Vendida; 1,223,700 ;15;
BLUE COAST;Sala Com. 02;3S;69.45;Vendida; 1,041,750 ;15;
BLUE COAST;Sala Com. 03;2S;90.38;Vendida; 1,355,700 ;15;
BLUE COAST;Sala Com. 04;2S;80.97;Vendida; 1,214,550 ;15;
BLUE COAST;Sala Com. 05;3S;79.79;Vendida; 1,196,850 ;15;
BLUE COAST;Sala Com. 06;2S;160.89;Vendida; 2,413,350 ;15;
BLUE COAST;Sala Com. 07;3S;96.04;Vendida; 1,440,600 ;15;
CORAL GABLES;Sala Com. 01;2S;66.07;Vendida;991,05;15;
CORAL GABLES;Sala Com. 02;Sala;58.83;Vendida;882,45;15;
CORAL GABLES;Sala Com. 04;3S;236.29;Vendida; 3,544,350 ;15;
CORAL GABLES;Sala Com. 05;3S;124.19;Vendida; 1,862,850 ;15;
CORAL GABLES;Sala Com. 06;3S;307.98;Vendida; 4,619,700 ;15;
OCEAN PARK;Sala Com. 01;3S;56.04;Vendida;840,6;15;
OCEAN PARK;Sala Com. 02;2S;96.01;Vendida; 1,440,150 ;15;
OCEAN PARK;Sala Com. 03;2S;61.6;Vendida;924;15;
OCEAN PARK;Sala Com. 04;2S;63.07;Vendida;946,05;15;
OCEAN PARK;Sala Com. 05;3S;67.04;Vendida; 1,005,600 ;15;
OCEAN PARK;Sala Com. 07;3S;59.93;Vendida;898,95;15;
SUNNY ISLAND;Sala Com. 01;2S;39.99;Vendida;599,85;15;
SUNNY ISLAND;Sala Com. 02;3S;41.96;Vendida;629,4;15;
SUNNY ISLAND;Sala Com. 03;2S;41.94;Vendida;629,1;15;
SUNNY ISLAND;Sala Com. 04;2S;44.97;Vendida;674,55;15;
OCEAN PARK;Apto 1105 S;3S;80.91;Vendida;851,798;10,528;
PALM SPRINGS;Apartamento1701;Garden;142.41;Vendida; 2,500,000 ;17,555;
SOUTH BEACH TOWER;Apartamento1802;2S;129.5;Vendida; 2,500,000 ;19,305;
SUNNY ISLAND;Apto 2503;3S;84.13;Vendida;936,362;11,13;
OCEAN PARK;Apto 601 N;2S;121.37;Vendida; 1,386,162 ;11,421;
OCEAN PARK;Apto 1201 S;2S;122.55;Vendida; 1,472,023 ;12,012;
THE WAVE;Apartamento 602;2S;144.08;Vendida; 2,050,222 ;14,23;
OCEAN PARK;Apto 2005 S;2S;80.91;Vendida;930,41;11,499;
OCEAN PARK;Apto 1101 S;3S;122.55;Vendida; 1,548,622 ;12,637;
PALM SPRINGS;Apartamento1203;2S;137.47;Vendida; 1,830,198 ;13,313;
SUNNY ISLAND;Apto 1603;2S;84.13;Vendida;914,833;10,874;
SUNNY ISLAND;Apto 501;3S;136.44;Vendida; 1,390,487 ;10,191;
GOLD COAST;Apto. 1401 N;2S;184.28;Vendida; 3,880,200 ;21,056;
GOLD COAST;Apto. 903 N;2S;125.03;Vendida; 1,654,000 ;13,229;
GOLD COAST;Apto. 1201 S;Garden;144.06;Vendida; 2,530,300 ;17,564;
GOLD COAST;Apto. 1402 S;3S;184.28;Vendida; 3,880,200 ;21,056;
SUNNY ISLAND;Apto 1903;Garden;84.13;Vendida;941,137;11,187;
GOLD COAST;Apto. 901 N;3S;132.2;Vendida; 1,989,930 ;15,052;
GOLD COAST;Apto. 1301 S;2S;140.47;Vendida; 2,580,300 ;18,369;
OCEAN PARK;Apto 1305 S;3S;80.91;Vendida;869,828;10,751;
GOLD COAST;Apto. 1001 N;3S;132.2;Vendida; 2,030,430 ;15,359;
GOLD COAST;Apto. 1202 N;2S;144.06;Vendida; 2,530,300 ;17,564;
GOLD COAST;Apto. 1101 S;2S;140.47;Vendida; 2,470,100 ;17,585;
GOLD COAST;Apto. 1102 N;3S;140.47;Vendida; 2,470,100 ;17,585;
BLUE COAST;Apartamento 3202;3S;82;Vendida; 1,229,409 ;14,993;
GOLD COAST;Apto. 702 N;2S;140.47;Vendida; 2,094,480 ;14,911;
GOLD COAST;Apto. 701 S;3S;140.47;Vendida; 2,094,480 ;14,911;
GOLD COAST;Apto. 1101 N;3S;132.2;Vendida; 2,130,430 ;16,115;
GOLD COAST;Apto. 1301 N;3S;132.2;Vendida; 2,281,400 ;17,257;
GOLD COAST;Apto. 601 N;3S;132.2;Vendida; 1,764,130 ;13,344;
GOLD COAST;Apto. 1001 S;2S;140.47;Vendida; 2,429,750 ;17,297;
GOLD COAST;Apto. 902 S;2S;132.2;Vendida; 1,989,930 ;15,052;
SUNNY ISLAND;Apto 2103;3S;84.13;Vendida;959,31;11,403;
BLUE COAST;Apartamento 1901;3S;131.99;Vendida; -   ; -   ;
BLUE COAST;Apartamento 801;3S;131.99;Vendida; -   ; -   ;
BLUE COAST;Apartamento 803;3S;131.52;Vendida; -   ; -   ;
GOLD COAST;Apto. 1002 S;3S;132.2;Vendida; 2,030,430 ;15,359;
GOLD COAST;Apto. 602 S;2S;132.2;Vendida; 1,764,130 ;13,344;
GOLD COAST;Apto. 702 S;2S;132.2;Vendida; 1,824,430 ;13,801;
GOLD COAST;Apto. 802 S;3S;132.2;Vendida; 1,924,480 ;14,557;
OCEAN PARK;Apto 1902 N;3S;122.55;Vendida; -   ; -   ;
OCEAN PARK;Apto 605 N;2S;79.69;Vendida;400;5,019;
OCEAN PARK;Apto 702 N;2S;122.55;Vendida; -   ; -   ;
OCEAN PARK;Apto 901 N;3S;121.37;Vendida; -   ; -   ;
OCEAN PARK;Apto 902 N;2S;122.55;Vendida; -   ; -   ;
OCEAN PARK;Apto 903 N;3S;78.91;Vendida; -   ; -   ;
OCEAN PARK;Apto 1703 S;2S;79.8;Vendida;900;11,278;
OCEAN PARK;Apto 501 S;2S;122.55;Vendida; -   ; -   ;
OCEAN PARK;Apto 506 S;3S;80.03;Vendida; -   ; -   ;
OCEAN PARK;Apto 601 S;3S;122.55;Vendida; -   ; -   ;
OCEAN PARK;Apto 602 S;3S;121.37;Vendida; -   ; -   ;
OCEAN PARK;Apto 603 S;3S;79.8;Vendida; -   ; -   ;
OCEAN PARK;Apto 902 S;3S;121.37;Vendida; -   ; -   ;
SUNRISE TOWER;Apartamento1501;3S;129.72;Vendida; -   ; -   ;
OCEAN PARK;Apto 904 S;3S;82.29;Vendida;831,98;10,11;
SUNNY ISLAND;Apto 2003;3S;84.13;Vendida;951,827;11,314;
SUNRISE TOWER;Apartamento1703;2S;84.83;Vendida; 1,080,000 ;12,731;
CORAL GABLES;Apartamento1602;3S;136.35;Vendida; 1,897,452 ;13,916;
OCEAN PARK;Apto 2305 N;2S;79.69;Vendida;910,869;11,43;
SUNNY ISLAND;Apto 1602;3S;122.79;Vendida; 1,571,374 ;12,797;
OCEAN PARK;Apto 1301 S;3S;122.55;Vendida; 1,675,040 ;13,668;
OCEAN PARK;Apto 505 S;2S;80.91;Vendida;806,488;9,968;
THE WAVE;Apartamento1003;3S;120.29;Vendida; 1,412,257 ;11,74;
GOLD COAST;Apto. 802 N;3S;140.47;Vendida; 2,214,750 ;15,767;
OCEAN PARK;Apto 2104 N;Sala;83.4;Vendida;946,123;11,344;
SUNNY ISLAND;Apto 1502;Garden;122.79;Vendida; 1,526,099 ;12,429;
BLUE COAST;Apartamento 2102;Sala;82;Vendida; 1,036,046 ;12,635;
GOLD COAST;Apto. 1302 S;3S;132.2;Vendida; 2,356,942 ;17,829;
OCEAN PARK;Apto 502 S;3S;121.37;Vendida; 1,348,730 ;11,113;
GOLD COAST;Apto. 1401 S;2S;237.77;Vendida; 5,289,947 ;22,248;
GOLD COAST;Apto. 901 S;Garden;144.06;Vendida; 2,437,886 ;16,923;
OCEAN PARK;Apto 2403 N;Garden;78.91;Vendida; 1,012,128 ;12,826;
OCEAN PARK;Apto 701 S;3S;122.55;Vendida; 1,431,797 ;11,683;
OCEAN PARK;Apto 901 S;3S;122.55;Vendida; 1,451,822 ;11,847;
GOLD COAST;Apto. 603 S;3S;125.03;Vendida; 1,575,285 ;12,599;
GOLD COAST;Apto. 801 N;3S;132.2;Vendida; 2,064,903 ;15,62;
OCEAN PARK;Apto 604 S;3S;82.29;Vendida;811,432;9,861;
OCEAN PARK;Apto 1305 N;2S;79.69;Vendida;799,212;10,029;
OCEAN PARK;Apto 1803 S;2S;79.8;Vendida;904,858;11,339;
SUNNY ISLAND;Apto 1402;Sala;122.79;Vendida; 1,495,745 ;12,181;
GOLD COAST;Apto. 1201 N;3S;132.2;Vendida; 2,284,314 ;17,279;
GOLD COAST;Apto. 1202 S;2S;132.2;Vendida; 2,315,619 ;17,516;
SUNNY ISLAND;Apto 1604;3S;83.25;Vendida;900,398;10,816;
BLUE COAST;Apartamento 2403;3S;131.52;Vendida; 1,906,201 ;14,494;
GOLD COAST;Apto. 801 S;3S;140.47;Vendida; 2,214,750 ;15,767;
OCEAN PARK;Apto 2505 N;3S;79.69;Vendida;952,955;11,958;
BLUE COAST;Apartamento 3402;2S;82;Vendida; 1,282,686 ;15,643;
GOLD COAST;Apto. 601 S;3S;144.06;Vendida; 2,027,515 ;14,074;
SUNNY ISLAND;Apto 802;3S;122.79;Vendida; 1,353,206 ;11,02;
GOLD COAST;Apto. 1102 S;3S;132.2;Vendida; 2,231,136 ;16,877;
SUNNY ISLAND;Apto 904;3S;83.25;Vendida;915,398;10,996;
SOUTH BEACH TOWER;Decorado;3S;127.82;Vendida; -   ; -   ;
GOLD COAST;Apto. 502 S;3S;132.2;Vendida; 1,732,093 ;13,102;
OCEAN PARK;Apto 1704 S;2S;82.29;Vendida;913,986;11,107;
GOLD COAST;Apto. 501 S;3S;140.47;Vendida; 1,941,009 ;13,818;
OCEAN PARK;Apto 1002 S;3S;121.37;Vendida; 1,448,614 ;11,936;
SUNNY ISLAND;Apto 704;3S;83.25;Vendida;894,371;10,743;
SUNNY ISLAND;Apto 804;3S;83.25;Vendida;901,286;10,826;
GOLD COAST;Apto. 402 S;3S;132.08;Vendida; 1,663,424 ;12,594;
OCEAN PARK;Apto 2504 S;2S;82.29;Vendida;993,673;12,075;
GOLD COAST;Apto. 701 N;3S;132.2;Vendida; 1,855,021 ;14,032;
GOLD COAST;Apto. 501 N;3S;132.2;Vendida; 1,746,143 ;13,208;
OCEAN PARK;Apto 1705 S;3S;80.91;Vendida;922;11,395;
BLUE COAST;Apartamento 2101;3S;131.99;Vendida; 1,835,346 ;13,905;
GOLD COAST;Apto. 401 S;2S;144.19;Vendida; 1,874,751 ;13,002;
SUNRISE TOWER;Apartamento1901;3S;129.72;Vendida; 2,593,287 ;19,991;
GOLD COAST;Apto. 1002 N;3S;140.47;Vendida; 2,567,596 ;18,279;
SUNNY ISLAND;Apto 1501;3S;122.79;Vendida; 1,573,000 ;12,81;
ATLANTIC;Apto 1503;3S;100.53;Vendida; -   ; -   ;
ATLANTIC;Apto 1801;3S;119.77;Vendida; -   ; -   ;
ATLANTIC;Sala com. 01;2S;33.07;Vendida; -   ; -   ;
ATLANTIC;Sala com. 02;3S;34.44;Vendida; -   ; -   ;
OCEAN PARK;Apto 1003 S;3S;79.8;Vendida;856,383;10,732;
OCEAN PARK;Apto 803 S;3S;79.8;Vendida;840,656;10,535;
SUNNY ISLAND;Apto 2203;2S;84.13;Vendida;991,922;11,79;
ATLANTIC;Apto 1201;3S;119.77;Vendida; -   ; -   ;
ATLANTIC;Apto 603;3S;100.53;Vendida; -   ; -   ;
ATLANTIC;Apto 701;3S;119.77;Vendida; -   ; -   ;
CORAL GABLES;Apartamento1703;3S;82.41;Vendida; 1,182,215 ;14,346;
OCEAN PARK;Apto 2403 S;2S;79.8;Vendida;980,1;12,282;
OCEAN PARK;Apto 2503 S;3S;79.8;Vendida;989,536;12,4;
OCEAN PARK;Apto 2103 S;4S;79.8;Vendida;951,791;11,927;
GOLD COAST;Apto. 1302 N;2S;140.47;Vendida; 2,726,788 ;19,412;
GOLD COAST;Apto. 1303 S;3S;125.03;Vendida; 1,927,120 ;15,413;
OCEAN PARK;Apto 1503 S;3S;79.8;Vendida;900,418;11,283;
CORAL GABLES;Apartamento1701;3S;128.79;Vendida; 2,034,472 ;15,797;
SUNRISE TOWER;Apartamento1802;3S;129.9;Vendida; 2,348,162 ;18,077;
OCEAN PARK;Apto 1104 S;3S;82.29;Vendida;869,311;10,564;
OCEAN PARK;Apto 1304 S;3S;82.29;Vendida;885,06;10,755;
SUNNY ISLAND;Apto 1802;2S;122.79;Vendida; 1,661,612 ;13,532;
BLUE COAST;Apartamento 2401;2S;131.99;Vendida; 1,900,000 ;14,395;
OCEAN PARK;Apto 1404 S;3S;82.29;Vendida;893,506;10,858;
SUNNY ISLAND;Apto 504;3S;89.72;Vendida; -   ; -   ;
SUNNY ISLAND;Apto 703;3S;84.13;Vendida; -   ; -   ;
SUNNY ISLAND;Apto 803;3S;84.13;Vendida; -   ; -   ;
SUNNY ISLAND;Apto 903;3S;84.13;Vendida; -   ; -   ;
OCEAN PARK;Apto 2105 N;3S;79.69;Vendida;968,146;12,149;
OCEAN PARK;Apto 2203 S;3S;79.8;Vendida;961,857;12,053;
SUNNY ISLAND;Apto 1001;3S;122.79;Vendida; -   ; -   ;
SUNNY ISLAND;Apto 1104;3S;83.25;Vendida; -   ; -   ;
SUNNY ISLAND;Apto 1204;2S;83.25;Vendida; -   ; -   ;
OCEAN PARK;Apto 2405 S;3S;80.91;Vendida;995,821;12,308;
SUNNY ISLAND;Apto 1003;3S;84.13;Vendida;901,48;10,715;
SUNNY ISLAND;Apto 2102;3S;122.79;Vendida; 1,728,548 ;14,077;
OCEAN PARK;Apto 1805 S;3S;80.91;Vendida;941,918;11,642;
BLUE COAST;Apartamento 2203;3S;131.52;Vendida; 1,860,140 ;14,143;
OCEAN PARK;Apto 1802 S;2S;121.37;Vendida; 1,815,302 ;14,957;
SUNNY ISLAND;Apto 1701;3S;122.79;Vendida; 1,656,349 ;13,489;
GOLD COAST;Apto. 403 N;3S;124.96;Vendida; 1,540,169 ;12,325;
SUNNY ISLAND;Apto 2301;3S;122.79;Vendida; 1,805,373 ;14,703;
OCEAN PARK;Apto 502 N;3S;122.55;Vendida; 1,395,248 ;11,385;
OCEAN PARK;Apto 801 S;3S;122.55;Vendida; 1,477,108 ;12,053;
CORAL GABLES;Apartamento1401;3S;126.83;Vendida; 1,941,556 ;15,308;
OCEAN PARK;Apto 903 S;3S;79.8;Vendida;849,83;10,65;
PALM SPRINGS;Apartamento 703;3S;137.47;Vendida; 1,757,825 ;12,787;
SOUTH BEACH TOWER;Apartamento1703;3S;79.02;Vendida; 1,250,096 ;15,82;
OCEAN PARK;Apto 1502 S;3S;121.37;Vendida; 1,611,452 ;13,277;
PARADISE BAY;Apto 2403;3S;81.14;Vendida; 1,105,819 ;13,629;
PARADISE BAY;Apto 704;2S;79.9;Vendida;817,093;10,226;
PARADISE BAY;Apto 1203;2S;81.14;Vendida;891,011;10,981;
PARADISE BAY;Apto 1603;3S;81.14;Vendida;977,44;12,046;
PARADISE BAY;Apto 1701;3S;123.48;Vendida; 1,803,420 ;14,605;
PARADISE BAY;Apto 2203;3S;81.14;Vendida; 1,040,460 ;12,823;
PARADISE BAY;Apto 2301;3S;123.48;Vendida; 1,913,430 ;15,496;
PARADISE BAY;Apto 2501;2S;123.48;Vendida; 1,963,200 ;15,899;
OCEAN PARK;Apto 1905 S;3S;80.91;Vendida;951,229;11,757;
PARADISE BAY;Apto 1103;3S;81.14;Vendida;875,961;10,796;
PARADISE BAY;Apto 1303;3S;81.14;Vendida;906,061;11,167;
PARADISE BAY;Apto 1601;2S;123.48;Vendida; 1,792,415 ;14,516;
PARADISE BAY;Apto 1802;3S;122.21;Vendida; 1,785,060 ;14,606;
PARADISE BAY;Apto 1903;3S;81.14;Vendida; 1,005,000 ;12,386;
PARADISE BAY;Apto 2303;3S;81.14;Vendida; 1,049,740 ;12,937;
PARADISE BAY;Apto 2401;3S;123.48;Vendida; 1,932,630 ;15,651;
PARADISE BAY;Apto 2402;3S;122.21;Vendida; 1,904,830 ;15,587;
PARADISE BAY;Apto 2506;Sala;81.1;Vendida; 1,112,560 ;13,718;
PARADISE BAY;Apto 604;2S;79.9;Vendida;805,987;10,087;
PARADISE BAY;Apto 1403;3S;81.14;Vendida; 1,048,361 ;12,92;
PARADISE BAY;Apto 2002;3S;122.21;Vendida; 1,828,030 ;14,958;
PARADISE BAY;Apto 2003;3S;81.14;Vendida; 1,021,900 ;12,594;
PARADISE BAY;Apto 2504;2S;79.9;Vendida; 1,178,460 ;14,749;
PARADISE BAY;Apto 1806;2S;81.1;Vendida; 1,060,410 ;13,075;
PARADISE BAY;Apto 1003;3S;81.14;Vendida;864,855;10,659;
PARADISE BAY;Apto 1901;3S;123.48;Vendida; 1,825,430 ;14,783;
PARADISE BAY;Apto 2101;3S;123.48;Vendida; 1,875,030 ;15,185;
PARADISE BAY;Apto 2204;3S;79.9;Vendida; 1,140,620 ;14,276;
PARADISE BAY;Apto 503;2S;99.91;Vendida;832,733;8,335;
PARADISE BAY;Apto 2502;3S;122.21;Vendida; 1,935,400 ;15,837;
PARADISE BAY;Apto 904;3S;79.9;Vendida;839,304;10,504;
PARADISE BAY;Apto 2104;2S;79.9;Vendida; 1,141,340 ;14,285;
PARADISE BAY;Apto 2201;Garden;123.48;Vendida; 1,894,230 ;15,34;
CORAL GABLES;Apartamento1501;3S;128.79;Vendida; 1,973,727 ;15,325;
PARADISE BAY;Apto 2102;3S;122.21;Vendida; 1,847,230 ;15,115;
GOLD COAST;Apto. 503 S;2S;125.03;Vendida; 1,577,934 ;12,62;
CORAL GABLES;Apartamento1201;2S;126.86;Vendida; 1,881,924 ;14,835;
GOLD COAST;Apto. 1003 N;3S;125.03;Vendida; 1,764,413 ;14,112;
GOLD COAST;Apto. 1303 N;3S;125.03;Vendida; 1,930,245 ;15,438;
PARADISE BAY;Apto 703;3S;81.14;Vendida;831,539;10,248;
BLUE COAST;Apartamento 3301;2S;135.7;Vendida; 2,227,798 ;16,417;
PARADISE BAY;Apto 2503;3S;81.14;Vendida; 1,068,300 ;13,166;
PARADISE BAY;Apto 1703;3S;81.14;Vendida;990,89;12,212;
PARADISE BAY;Apto 2302;3S;122.21;Vendida; 1,885,630 ;15,429;
PARADISE BAY;Apto 504;3S;86.62;Vendida;819,209;9,458;
PARADISE BAY;Apto 803;3S;81.14;Vendida;842,644;10,385;
PARADISE BAY;Apto 903;2S;81.14;Vendida;853,75;10,522;
BLUE COAST;Apartamento 2303;2S;131.52;Vendida; 1,889,711 ;14,368;
CORAL GABLES;Apartamento2402;3S;136.24;Vendida; 2,290,292 ;16,811;
PARADISE BAY;Apto 2202;3S;122.21;Vendida; 1,866,430 ;15,272;
PARADISE BAY;Apto 603;Sala;81.14;Vendida;820,433;10,111;
SUNNY ISLAND;Apto 1103;3S;84.13;Vendida;908,864;10,803;
PARADISE BAY;Apto 1902;3S;122.21;Vendida; 1,796,630 ;14,701;
GOLD COAST;Apto. 502 N;3S;140.47;Vendida; 1,961,794 ;13,966;
GOLD COAST;Apto. 703 N;3S;125.03;Vendida; 1,649,993 ;13,197;
PARADISE BAY;Apto 902;3S;122.21;Vendida; 1,493,268 ;12,219;
PARADISE BAY;Apto 804;Sala;79.9;Vendida;828,199;10,365;
OCEAN PARK;Apto 2205 N;3S;79.69;Vendida; 1,027,460 ;12,893;
PALM SPRINGS;Apartamento 402;2S;156.22;Vendida; 2,227,000 ;14,256;
PARADISE BAY;Apto 1504;3S;79.9;Vendida;938,594;11,747;
PARADISE BAY;Apto 1602;3S;122.21;Vendida; 1,761,920 ;14,417;
PARADISE BAY;Apto 1702;3S;122.21;Vendida; 1,773,490 ;14,512;
PARADISE BAY;Apto 1904;Sala;79.9;Vendida; 1,002,780 ;12,55;
PARADISE BAY;Apto 2001;3S;123.48;Vendida; 1,855,830 ;15,029;
PARADISE BAY;Apto 2004;3S;79.9;Vendida; 1,012,060 ;12,667;
PARADISE BAY;Apto 2206;3S;81.1;Vendida; 1,090,210 ;13,443;
PARADISE BAY;Apto 502;3S;131.81;Vendida; 1,389,400 ;10,541;
PARADISE BAY;Apto 705;3S;81.53;Vendida; 1,013,617 ;12,432;
SUNNY ISLAND;Apto 2001;2S;122.79;Vendida; 1,708,248 ;13,912;
SUNNY ISLAND;Apto 2202;Sala;122.79;Vendida; 1,752,190 ;14,27;
BLUE COAST;Apartamento 1402;3S;82;Vendida; 1,150,000 ;14,024;
PARADISE BAY;Apto 1004;3S;79.9;Vendida;850,41;10,643;
BLUE COAST;Apartamento 2301;3S;131.99;Vendida; 1,997,914 ;15,137;
GOLD COAST;Apto. 402 N;3S;144.19;Vendida; 1,873,920 ;12,996;
GOLD COAST;Apto. 1003 S;3S;125.03;Vendida; 1,759,098 ;14,069;
PARADISE BAY;Apto 1704;3S;79.9;Vendida;982,394;12,295;
GOLD COAST;Apto. 403 S;3S;124.96;Vendida; 1,541,658 ;12,337;
OCEAN PARK;Apto 1603 S;3S;79.8;Vendida;955,793;11,977;
PARADISE BAY;Apto 2404;3S;79.9;Vendida; 1,049,180 ;13,131;
PARADISE BAY;Apto 1306;3S;81.1;Vendida;993,69;12,253;
PARADISE BAY;Apto 2406;3S;81.1;Vendida; 1,105,100 ;13,626;
SUNNY ISLAND;Apto 2302;3S;122.79;Vendida; 1,807,118 ;14,717;
SUNNY ISLAND;Apto 2403;3S;84.13;Vendida; 1,063,997 ;12,647;
BLUE COAST;Apartamento 3201;3S;131.99;Vendida; 2,212,344 ;16,761;
GOLD COAST;Apto. 1203 S;Garden;125.03;Vendida; 1,868,175 ;14,942;
PARADISE BAY;Apto 1404;3S;79.9;Vendida;913,915;11,438;
SUNNY ISLAND;Apto 2401;3S;122.79;Vendida; 1,829,101 ;14,896;
PARADISE BAY;Apto 1001;3S;123.48;Vendida; 1,617,134 ;13,096;
PARADISE BAY;Apto 1204;3S;79.9;Vendida;876,565;10,971;
KEY WEST;Apto 1901;2S;125.88;Vendida; 3,000,000 ;23,832;
PARADISE BAY;Apto 1104;Sala;79.9;Vendida;861,515;10,782;
PARADISE BAY;Apto 1706;3S;81.1;Vendida; 1,157,960 ;14,278;
CORAL GABLES;Apartamento2401;3S;206.17;Vendida; 3,524,224 ;17,094;
BLUE COAST;Apartamento 3203;3S;131.52;Vendida; 2,214,117 ;16,835;
PARADISE BAY;Apto 1304;3S;79.9;Vendida;891,615;11,159;
PARADISE BAY;Apto 1406;3S;81.1;Vendida; 1,009,590 ;12,449;
PARADISE BAY;Apto 1505;3S;81.53;Vendida;994,35;12,196;
PARADISE BAY;Apto 605;3S;81.53;Vendida;882,511;10,824;
BLUE COAST;Apartamento 2503;3S;131.52;Vendida; 1,854,969 ;14,104;
SUNNY ISLAND;Apto 2201;2S;122.79;Vendida; 1,752,183 ;14,27;
PARADISE BAY;Apto 706;3S;81.1;Vendida;927,057;11,431;
PARADISE BAY;Apto 1506;3S;81.1;Vendida; 1,027,610 ;12,671;
BLUE COAST;Apartamento 2601;3S;131.99;Vendida; 1,986,717 ;15,052;
OCEAN PARK;Apto 2203 N;3S;78.91;Vendida; 1,060,545 ;13,44;
OCEAN PARK;Apto 702 S;3S;121.37;Vendida; 1,420,526 ;11,704;
OCEAN PARK;Apto 802 S;3S;121.37;Vendida; 1,435,136 ;11,824;
PARADISE BAY;Apto 1606;3S;81.1;Vendida; 1,045,673 ;12,894;
PARADISE BAY;Apto 2006;3S;81.1;Vendida; 1,075,478 ;13,261;
OCEAN PARK;Apto 1302 N;3S;122.55;Vendida; 1,512,809 ;12,344;
PARADISE BAY;Apto 806;3S;81.1;Vendida;938,309;11,57;
GOLD COAST;Apto. 1103 S;Sala;125.03;Vendida; 1,801,283 ;14,407;
OCEAN PARK;Apto 1302 S;Sala;121.37;Vendida; 1,503,267 ;12,386;
PARADISE BAY;Apto 2106;Sala;81.1;Vendida; 1,082,929 ;13,353;
BLUE COAST;Apartamento 2603;3S;131.52;Vendida; 1,883,214 ;14,319;
OCEAN PARK;Apto 1301 N;3S;121.37;Vendida; 1,512,862 ;12,465;
PARADISE BAY;Apto 1906;2S;81.1;Vendida; 1,188,045 ;14,649;
OCEAN PARK;Apto 1102 S;3S;121.37;Vendida; 1,480,120 ;12,195;
PARADISE BAY;Apto 1605;3S;81.53;Vendida; 1,012,347 ;12,417;
PARADISE BAY;Apto 2505;3S;81.53;Vendida; 1,079,460 ;13,24;
SUNNY ISLAND;Apto 1902;3S;122.79;Vendida; 1,687,857 ;13,746;
BLUE COAST;Apartamento 1303;3S;131.52;Vendida; 1,840,000 ;13,99;
OCEAN PARK;Apto 2004 S;3S;82.29;Vendida;997,359;12,12;
PARADISE BAY;Apto 2305;3S;81.53;Vendida; 1,064,546 ;13,057;
PARADISE BAY;Apto 2304;3S;79.9;Vendida; 1,071,097 ;13,405;
PARADISE BAY;Apto 1006;3S;81.1;Vendida;961,273;11,853;
BLUE COAST;Apartamento 2803;3S;131.52;Vendida; 2,038,137 ;15,497;
CORAL GABLES;Apartamento2701;3S;206.17;Vendida; 3,832,165 ;18,587;
OCEAN PARK;Apto 1001 N;3S;121.37;Vendida; 1,482,401 ;12,214;
OCEAN PARK;Apto 1102 N;3S;122.55;Vendida; 1,484,658 ;12,115;
PARADISE BAY;Apto 1206;3S;81.1;Vendida;983,505;12,127;
PARADISE BAY;Apto 1502;3S;122.21;Vendida; 1,730,970 ;14,164;
PARADISE BAY;Apto 1805;3S;81.53;Vendida; 1,132,748 ;13,894;
OCEAN PARK;Apto 1101 N;3S;121.37;Vendida; 1,492,555 ;12,298;
GOLD COAST;Apto. 503 N;3S;125.03;Vendida; 1,721,338 ;13,767;
OCEAN PARK;Apto 1402 S;3S;121.37;Vendida; 1,550,183 ;12,772;
PARADISE BAY;Apto 906;3S;81.1;Vendida;950,467;11,72;
OCEAN PARK;Apto 2303 N;3S;78.91;Vendida; 1,045,372 ;13,248;
OCEAN PARK;Apto 1402 N;3S;122.55;Vendida; 1,550,183 ;12,649;
OCEAN PARK;Apto 1202 S;3S;121.37;Vendida; 1,495,229 ;12,32;
BLUE COAST;Apartamento 2801;3S;131.99;Vendida; 2,056,452 ;15,58;
SUNNY ISLAND;Apto 2002;3S;122.79;Vendida; 1,710,406 ;13,93;
PARADISE BAY;Apto 2105;3S;81.53;Vendida; 1,049,975 ;12,878;
OCEAN PARK;Apto 801 N;3S;121.37;Vendida; 1,509,614 ;12,438;
PARADISE BAY;Apto 1405;3S;81.53;Vendida;978,534;12,002;
EMERALD COAST;Apto. 1104;3S;83.11;Vendida; 1,138,780 ;13,702;
EMERALD COAST;Apto. 1204;3S;83.11;Vendida; 1,149,733 ;13,834;
EMERALD COAST;Apto. 2101;3S;147.13;Vendida; 2,777,688 ;18,879;
EMERALD COAST;Apto. 2102;3S;145.28;Vendida; 2,739,347 ;18,856;
EMERALD COAST;Apto. 802;3S;145.28;Vendida; 2,355,732 ;16,215;
EMERALD COAST;Apto. 804;3S;83.11;Vendida; 1,229,766 ;14,797;
EMERALD COAST;Apto. 904;3S;83.11;Vendida; 1,063,374 ;12,795;
EMERALD COAST;Apto. 1504;2S;83.11;Vendida; 1,182,590 ;14,229;
EMERALD COAST;Apto. 2001;3S;147.13;Vendida; 2,722,343 ;18,503;
EMERALD COAST;Apto. 704;3S;83.11;Vendida; 1,100,286 ;13,239;
EMERALD COAST;Apto. 1004;3S;83.11;Vendida; 1,072,562 ;12,905;
EMERALD COAST;Apto. 1704;3S;83.11;Vendida; 1,204,495 ;14,493;
PARADISE BAY;Apto 805;3S;81.53;Vendida;911,063;11,175;
EMERALD COAST;Apto. 1002;3S;145.28;Vendida; 2,536,651 ;17,46;
EMERALD COAST;Apto. 1404;3S;83.11;Vendida; 1,171,637 ;14,097;
EMERALD COAST;Apto. 2104;3S;83.11;Vendida; 1,248,305 ;15,02;
OCEAN PARK;Apto 2103 N;3S;78.91;Vendida; 1,046,806 ;13,266;
OCEAN PARK;Apto 1303 S;3S;79.8;Vendida;931,957;11,679;
EMERALD COAST;Apto. 1102;3S;145.28;Vendida; 2,586,923 ;17,806;
EMERALD COAST;Apto. 1304;3S;83.11;Vendida; 1,280,685 ;15,41;
EMERALD COAST;Apto. 2304;3S;83.11;Vendida; 1,309,530 ;15,757;
EMERALD COAST;Apto. 2504;3S;83.11;Vendida; 1,345,000 ;16,183;
PARADISE BAY;Apto 1305;3S;81.53;Vendida;966,981;11,86;
EMERALD COAST;Apto. 1801;3S;147.13;Vendida; 2,666,878 ;18,126;
PALM BEACH;Apto 1901;3S;128.28;Vendida; 3,300,000 ;25,725;
CORAL GABLES;Apartamento2101;3S;128.79;Vendida; 2,988,162 ;23,202;
CORAL GABLES;Apartamento2301;3S;210.51;Vendida; 4,909,952 ;23,324;
CORAL GABLES;Apartamento2501;3S;206.17;Vendida; 3,209,271 ;15,566;
EMERALD COAST;Apto. 1103;3S;125.54;Vendida; 1,847,612 ;14,717;
EMERALD COAST;Apto. 1604;3S;83.11;Vendida; 1,193,542 ;14,361;
OCEAN PARK;Apto 1002 N;3S;122.55;Vendida; 1,470,472 ;11,999;
OCEAN PARK;Apto 1202 N;3S;122.55;Vendida; 1,574,804 ;12,85;
OCEAN PARK;Apto 2303 S;3S;79.8;Vendida; 1,014,790 ;12,717;
PARADISE BAY;Apto 1501;3S;123.48;Vendida; 1,793,896 ;14,528;
PARADISE BAY;Apto 1905;3S;81.53;Vendida; 1,040,996 ;12,768;
EMERALD COAST;Apto. 1401;3S;147.13;Vendida; 1,550,000 ;10,535;
EMERALD COAST;Apto. 1201;3S;147.13;Vendida; 1,450,000 ;9,855;
PARADISE BAY;Apto 1005;3S;81.53;Vendida;933,43;11,449;
SUNSET TOWER;Síndico;3S;100;Vendida; -   ; -   ;
THE WAVE;Apartamento1703;3S;120.29;Vendida; 1,798,152 ;14,948;
EMERALD COAST;Apto. 2204;3S;83.11;Vendida; 1,388,693 ;16,709;
EMERALD COAST;Apto. 1001;3S;147.13;Vendida; 2,481,825 ;16,868;
PARADISE BAY;Apto 905;3S;81.53;Vendida;928,556;11,389;
OCEAN PARK;Apto 1403 S;3S;79.8;Vendida;976,911;12,242;
CORAL GABLES;Apartamento1302;3S;132.27;Vendida; 1,875,713 ;14,181;
EMERALD COAST;Apto. 1402;3S;145.28;Vendida; 2,529,804 ;17,413;
EMERALD COAST;Apto. 2404;3S;83.11;Vendida; 1,333,591 ;16,046;
EMERALD COAST;Apto. 604;3S;83.11;Vendida; 1,098,363 ;13,216;
OCEAN PARK;Apto 1803 N;3S;78.91;Vendida; 1,031,920 ;13,077;
OCEAN PARK;Apto 701 N;3S;121.37;Vendida; 1,450,000 ;11,947;
OCEAN PARK;Apto 802 N;3S;122.55;Vendida; 1,440,000 ;11,75;
SUNSET TOWER;Apartamento1401;3S;126.57;Vendida; 2,300,000 ;18,172;
CORAL GABLES;Apartamento2801;2S;206.17;Vendida; 3,841,965 ;18,635;
OCEAN PARK;Apto 2304 S;3S;82.29;Vendida; 1,040,460 ;12,644;
EMERALD COAST;Apto. 1502;3S;145.28;Vendida; 2,545,139 ;17,519;
PARADISE BAY;Apto 1402;3S;122.21;Vendida; 1,650,000 ;13,501;
OCEAN PARK;Apto 1004 S;3S;82.29;Vendida;965,501;11,733;
EMERALD COAST;Apto. 902;2S;145.28;Vendida; 2,402,516 ;16,537;
BLUE COAST;Apartamento 3103;3S;131.52;Vendida; 2,208,943 ;16,795;
BLUE COAST;Apartamento 3001;3S;131.99;Vendida; 2,141,230 ;16,223;
CORAL GABLES;Apartamento1502;3S;132.27;Vendida; 2,041,293 ;15,433;
PARADISE BAY;Apto 1105;3S;81.53;Vendida;957,406;11,743;
EMERALD COAST;Apto. 1301;3S;147.13;Vendida; 2,570,064 ;17,468;
EMERALD COAST;Apto. 2004;3S;83.11;Vendida; 1,375,734 ;16,553;
ROYAL BAY;Apto. 1303;2S;132.52;Vendida; 1,670,303 ;12,604;
ROYAL BAY;Apto. 1403;3S;132.52;Vendida; 1,622,087 ;12,24;
ROYAL BAY;Apto. 1503;3S;132.52;Vendida; 1,734,710 ;13,09;
EMERALD COAST;Apto. 901;3S;147.13;Vendida; 2,447,389 ;16,634;
OCEAN PARK;Apto 2105 S;3S;80.91;Vendida; 1,090,472 ;13,478;
ROYAL BAY;Apto. 2502;3S;138.06;Vendida; 2,216,682 ;16,056;
ROYAL BAY;Apto. 1401;3S;132.14;Vendida; 1,802,471 ;13,641;
ROYAL BAY;Apto. 1402;3S;138.06;Vendida; 1,937,500 ;14,034;
ROYAL BAY;Apto. 1903;3S;132.52;Vendida; 1,843,710 ;13,913;
ROYAL BAY;Apto. 2301;3S;132.14;Vendida; 1,963,739 ;14,861;
ROYAL BAY;Apto. 3801;3S;132.14;Vendida; 2,223,732 ;16,829;
ROYAL BAY;Apto. 1003;3S;132.52;Vendida; 1,645,497 ;12,417;
ROYAL BAY;Apto. 1103;3S;132.52;Vendida; 1,653,724 ;12,479;
ROYAL BAY;Apto. 1901;Garden;132.14;Vendida; 1,850,204 ;14,002;
ROYAL BAY;Apto. 2001;3S;132.14;Vendida; 1,877,957 ;14,212;
ROYAL BAY;Apto. 2002;3S;138.06;Vendida; 2,011,200 ;14,568;
ROYAL BAY;Apto. 2101;2S;132.14;Vendida; 1,991,127 ;15,068;
ROYAL BAY;Apto. 3103;Sala;132.52;Vendida; 2,067,657 ;15,603;
ROYAL BAY;Apto. 3701;3S;132.14;Vendida; 2,201,715 ;16,662;
ROYAL BAY;Apto. 1701;3S;132.14;Vendida; 1,795,922 ;13,591;
ROYAL BAY;Apto. 1702;3S;138.06;Vendida; 1,931,850 ;13,993;
ROYAL BAY;Apto. 1703;3S;132.52;Vendida; 1,789,210 ;13,501;
ROYAL BAY;Apto. 1803;3S;132.52;Vendida; 1,816,460 ;13,707;
ROYAL BAY;Apto. 2103;3S;132.52;Vendida; 1,685,729 ;12,721;
ROYAL BAY;Apto. 2201;3S;132.14;Vendida; 2,019,719 ;15,285;
ROYAL BAY;Apto. 2202;3S;138.06;Vendida; 2,051,400 ;14,859;
ROYAL BAY;Apto. 2501;3S;132.14;Vendida; 2,108,093 ;15,953;
ROYAL BAY;Apto. 3001;3S;132.14;Vendida; 2,053,976 ;15,544;
ROYAL BAY;Apto. 3301;Sala;132.14;Vendida; 2,200,805 ;16,655;
ROYAL BAY;Apto. 3601;3S;132.14;Vendida; 2,179,916 ;16,497;
ROYAL BAY;Apto. 701;3S;132.14;Vendida; 1,616,410 ;12,233;
ROYAL BAY;Apto. 903;3S;132.52;Vendida; 1,637,310 ;12,355;
EMERALD COAST;Apto. 1904;3S;83.11;Vendida; 1,243,008 ;14,956;
ROYAL BAY;Apto. 1502;Garden;138.06;Vendida; 1,878,950 ;13,61;
ROYAL BAY;Apto. 1603;Garden;132.52;Vendida; 1,846,960 ;13,937;
ROYAL BAY;Apto. 2503;3S;132.52;Vendida; 1,999,255 ;15,086;
ROYAL BAY;Apto. 3101;3S;132.14;Vendida; 2,074,115 ;15,696;
ROYAL BAY;Apto. 3201;3S;132.14;Vendida; 2,094,857 ;15,853;
ROYAL BAY;Apto. 3501;3S;132.14;Vendida; 2,158,333 ;16,334;
PARADISE BAY;Apto 1205;3S;81.53;Vendida;978,956;12,007;
ROYAL BAY;Apto. 3401;3S;132.14;Vendida; 2,159,497 ;16,342;
PARADISE BAY;Apto 1106;3S;81.1;Vendida; 1,001,992 ;12,355;
PARADISE BAY;Apto 1503;3S;81.14;Vendida; 1,081,966 ;13,335;
PARADISE BAY;Apto 2405;3S;81.53;Vendida; 1,111,056 ;13,628;
ROYAL BAY;Apto. 3803;3S;132.52;Vendida; 2,220,823 ;16,758;
ROYAL BAY;Apto. 2703;3S;132.52;Vendida; 2,043,715 ;15,422;
ROYAL BAY;Apto. 2601;3S;132.14;Vendida; 2,147,635 ;16,253;
ROYAL BAY;Apto. 2901;3S;132.14;Vendida; 2,067,631 ;15,647;
PARADISE BAY;Apto 1705;3S;81.53;Vendida; 1,051,070 ;12,892;
ROYAL BAY;Apto. 3002;3S;138.06;Vendida; 2,320,642 ;16,809;
PARADISE BAY;Apto 1202;3S;122.21;Vendida; 1,640,585 ;13,424;
ROYAL BAY;Apto. 2302;3S;138.06;Vendida; 2,050,000 ;14,849;
ROYAL BAY;Apto. 2602;3S;138.06;Vendida; 2,186,473 ;15,837;
PARADISE BAY;Apto 1302;3S;122.21;Vendida; 1,674,626 ;13,703;
ROYAL BAY;Apto. 2902;3S;138.06;Vendida; 2,372,243 ;17,183;
SUNNY ISLAND;Apto 2502;3S;122.79;Vendida; 1,922,241 ;15,655;
ROYAL BAY;Apto. 2401;3S;132.14;Vendida; 2,017,481 ;15,268;
ROYAL BAY;Apto. 2402;3S;138.06;Vendida; 2,125,768 ;15,397;
ROYAL BAY;Apto. 2702;3S;138.06;Vendida; 2,222,870 ;16,101;
PARADISE BAY;Apto 1101;3S;123.48;Vendida; 1,700,595 ;13,772;
PARADISE BAY;Apto 1102;3S;122.21;Vendida; 1,609,151 ;13,167;
PARADISE BAY;Apto 1301;3S;123.48;Vendida; 1,760,522 ;14,258;
ROYAL BAY;Apto. 2802;3S;138.06;Vendida; 2,252,559 ;16,316;
OCEAN PARK;Apto 1904 S;3S;82.29;Vendida; 1,020,276 ;12,399;
ROYAL BAY;Apto. 3703;3S;132.52;Vendida; 2,202,362 ;16,619;
PARADISE BAY;Apto 901;3S;123.48;Vendida; 1,640,311 ;13,284;
ROYAL BAY;Apto. 3203;3S;132.52;Vendida; 2,104,558 ;15,881;
ROYAL BAY;Apto. 3403;3S;132.52;Vendida; 2,137,469 ;16,129;
ATLANTIC;Síndico;3S;100;Vendida; -   ; -   ;
EMERALD COAST;Sala Com. 01;Garden;50.73;Vendida;760,95;15;
EMERALD COAST;Sala Com. 02;3S;50.3;Vendida;754,5;15;
EMERALD COAST;Sala Com. 03;3S;51.63;Vendida;774,45;15;
GOLD COAST;Sala Com. 01;3S;111.19;Vendida; 1,667,850 ;15;
GOLD COAST;Sala Com. 02;3S;76.01;Vendida; 1,140,000 ;14,998;
GOLD COAST;Sala Com. 03;3S;82.33;Vendida; 1,234,950 ;15;
GOLD COAST;Sala Com. 04;3S;59.36;Vendida;890,4;15;
GOLD COAST;Sala Com. 05;3S;109.19;Vendida; 1,637,850 ;15;
KEY WEST;Síndico;Garden;100;Vendida; -   ; -   ;
PARADISE BAY;Sala Com. 03;3S;97.06;Vendida; 1,455,900 ;15;
PARADISE BAY;Sala Com. 04;3S;108.28;Vendida; 1,624,200 ;15;
PARADISE BAY;Sala Com. 05;3S;107.87;Vendida; 1,618,050 ;15;
PARADISE BAY;Sala Com. 06;3S;109.93;Vendida; 1,648,950 ;15;
PARADISE BAY;Apto 1201;3S;123.48;Vendida; 1,730,559 ;14,015;
EMERALD COAST;Apto. 1501;3S;147.13;Vendida; 2,646,473 ;17,987;
PARADISE BAY;Apto 701;3S;123.48;Vendida; 1,582,450 ;12,815;
ROYAL BAY;Apto. 1501;3S;132.14;Vendida; 3,424,627 ;25,917;
ROYAL BAY;Apto. 3503;3S;132.52;Vendida; 2,158,885 ;16,291;
ROYAL BAY;Sala Com. 01;3S;48.56;Vendida;728,4;15;
ROYAL BAY;Sala Com. 02;3S;50.44;Vendida;756,6;15;
ROYAL BAY;Sala Com. 03;3S;46.68;Vendida;700,2;15;
ROYAL BAY;Sala Com. 04;3S;49.54;Vendida;743,1;15;
ROYAL BAY;Sala Com. 05;3S;123.58;Vendida; 1,853,700 ;15;
GOLD COAST;Apto. 903 S;3S;125.03;Vendida; 1,779,956 ;14,236;
PARADISE BAY;Apto 1604;Garden;79.9;Vendida; 1,148,119 ;14,369;
PARADISE BAY;Apto 601;3S;123.48;Vendida; 1,552,487 ;12,573;
ROYAL BAY;Apto. 2903;3S;132.52;Vendida; 2,069,434 ;15,616;
ROYAL BAY;Apto. 3302;3S;252.81;Vendida; 4,421,143 ;17,488;
ROYAL BAY;Apto. 3303;3S;132.52;Vendida; 2,063,360 ;15,57;
CORAL GABLES;Apartamento3101;3S;206.17;Vendida; 1,513,787 ;7,342;
OCEAN PARK;Apto 2204 S;3S;82.29;Vendida; 1,056,390 ;12,837;
PARADISE BAY;Apto 2306;3S;81.1;Vendida; 1,140,989 ;14,069;
PARADISE BAY;Apto 702;3S;122.21;Vendida; 1,634,745 ;13,377;
TROPICAL BEACH;Apto. 1203;3S;84.29;Vendida; 1,047,199 ;12,424;
TROPICAL BEACH;Apto. 1503;3S;84.29;Vendida; 1,093,995 ;12,979;
TROPICAL BEACH;Apto. 1803;3S;84.29;Vendida; 1,128,085 ;13,383;
TROPICAL BEACH;Apto. 2004;3S;84.24;Vendida; 1,101,774 ;13,079;
TROPICAL BEACH;Apto. 2203;3S;84.29;Vendida; 1,159,057 ;13,751;
TROPICAL BEACH;Apto. 604;3S;84.24;Vendida;937,81;11,133;
TROPICAL BEACH;Apto. 903;Garden;84.29;Vendida; 1,012,571 ;12,013;
TROPICAL BEACH;Apto. 1603;3S;84.29;Vendida; 1,112,599 ;13,2;
TROPICAL BEACH;Apto. 1903;3S;84.29;Vendida; 1,135,828 ;13,475;
TROPICAL BEACH;Apto. 701;3S;110.25;Vendida; 1,220,705 ;11,072;
TROPICAL BEACH;Apto. 904;3S;84.24;Vendida;972,234;11,541;
TROPICAL BEACH;Apto. 2005;3S;82.76;Vendida; 1,068,268 ;12,908;
TROPICAL BEACH;Apto. 2403;3S;84.29;Vendida; 1,174,544 ;13,935;
TROPICAL BEACH;Apto. 2404;3S;84.24;Vendida; 1,132,564 ;13,444;
TROPICAL BEACH;Apto. 605;3S;82.76;Vendida;862,778;10,425;
TROPICAL BEACH;Apto. 2201;3S;110.25;Vendida; 1,766,606 ;16,024;
TROPICAL BEACH;Apto. 804;3S;84.24;Vendida;960,759;11,405;
THE WAVE;Apartamento1603;3S;120.29;Vendida; 1,872,372 ;15,565;
TROPICAL BEACH;Apto. 1003;3S;84.29;Vendida;972,908;11,542;
TROPICAL BEACH;Apto. 705;3S;82.76;Vendida;874,106;10,562;
TROPICAL BEACH;Apto. 801;3S;110.25;Vendida; 1,237,705 ;11,226;
TROPICAL BEACH;Apto. 1104;3S;84.24;Vendida;985;11,693;
TROPICAL BEACH;Apto. 601;3S;110.25;Vendida; 1,203,705 ;10,918;
TROPICAL BEACH;Apto. 702;3S;110.26;Vendida; 1,251,102 ;11,347;
EMERALD COAST;Apto. 1101;3S;147.13;Vendida; 2,580,866 ;17,541;
TROPICAL BEACH;Apto. 1901;3S;110.25;Vendida; 1,669,246 ;15,141;
ROYAL BAY;Apto. 3003;3S;132.52;Vendida; 2,094,019 ;15,802;
TROPICAL BEACH;Apto. 2301;3S;110.25;Vendida; 1,778,822 ;16,134;
TROPICAL BEACH;Apto. 805;3S;82.76;Vendida;885,433;10,699;
OCEAN PARK;Apto 1203 S;3S;79.8;Vendida;917,2;11,494;
TROPICAL BEACH;Apto. 1802;3S;110.26;Vendida; 1,734,586 ;15,732;
TROPICAL BEACH;Apto. 2101;3S;110.25;Vendida; 1,748,956 ;15,864;
TROPICAL BEACH;Apto. 603;3S;84.29;Vendida;977,944;11,602;
TROPICAL BEACH;Apto. 803;3S;84.29;Vendida; 1,001,029 ;11,876;
CORAL GABLES;Apartamento2902;3S;132.13;Vendida; 2,482,138 ;18,786;
OCEAN PARK;Apto 704 S;3S;82.29;Vendida;881,198;10,708;
TROPICAL BEACH;Apto. 2302;3S;110.26;Vendida; 1,820,635 ;16,512;
TROPICAL BEACH;Apto. 602;3S;110.26;Vendida; 1,234,102 ;11,193;
OCEAN PARK;Apto 1204 S;3S;82.29;Vendida;922,548;11,211;
CORAL GABLES;Apartamento3002;3S;136.24;Vendida; 2,572,704 ;18,884;
CORAL GABLES;Apartamento3202;3S;135.96;Vendida; 2,637,926 ;19,402;
CORAL GABLES;Apartamento2602;3S;136.24;Vendida; 2,445,913 ;17,953;
CORAL GABLES;Apartamento2702;3S;132.13;Vendida; 2,477,107 ;18,747;
CORAL GABLES;Apartamento3102;3S;131.85;Vendida; 2,605,924 ;19,764;
ROYAL BAY;Apto. 2603;3S;132.52;Vendida; 2,051,370 ;15,48;
OCEAN PARK;Apto 1604 S;3S;82.29;Vendida; 1,009,833 ;12,272;
PARADISE BAY;Apto 606;3S;81.1;Vendida;953,713;11,76;
PARADISE BAY;Apto 801;3S;123.48;Vendida;950;7,694;
PARADISE BAY;Apto 802;3S;122.21;Vendida;950;7,774;
PARADISE BAY;Sala Com. 01;3S;32.85;Vendida;480;14,612;
PARADISE BAY;Sala Com. 02;3S;31.93;Vendida;480;15,033;
ROYAL BAY;Apto. 1802;3S;138.06;Vendida; 2,056,215 ;14,894;
ROYAL BAY;Apto. 2803;3S;132.52;Vendida; 2,074,970 ;15,658;
ROYAL BAY;Apto. 1203;3S;132.52;Vendida; 1,724,651 ;13,014;
PARADISE BAY;Apto 505;3S;84.35;Vendida;932,316;11,053;
TROPICAL BEACH;Apto. 1303;3S;84.29;Vendida; 1,060,527 ;12,582;
TROPICAL BEACH;Apto. 1703;3S;84.29;Vendida; 1,122,232 ;13,314;
TROPICAL BEACH;Apto. 2001;3S;110.25;Vendida; 1,734,261 ;15,73;
EMERALD COAST;Apto. 2502;3S;145.28;Vendida; 3,107,980 ;21,393;
OCEAN PARK;Apto 2104 S;3S;82.29;Vendida; 1,047,839 ;12,733;
PARADISE BAY;Apto 2205;3S;81.53;Vendida; 1,099,640 ;13,488;
ROYAL BAY;Apto. 3603;3S;132.52;Vendida; 2,197,707 ;16,584;
TROPICAL BEACH;Apto. 703;3S;84.29;Vendida;991,155;11,759;
EMERALD COAST;Apto. 1701;3S;147.13;Vendida; 2,702,991 ;18,371;
TROPICAL BEACH;Apto. 1702;3S;110.26;Vendida; 1,738,976 ;15,772;
TROPICAL BEACH;Apto. 2501;3S;110.25;Vendida; 1,845,265 ;16,737;
TROPICAL BEACH;Apto. 2503;3S;84.29;Vendida; 1,200,769 ;14,246;
OCEAN PARK;apto 2404 S;3S;82.29;Vendida; 1,031,809 ;12,539;
TROPICAL BEACH;Apto. 1801;3S;110.25;Vendida; 1,707,595 ;15,488;
ROYAL BAY;Apto. 1602;3S;138.06;Vendida; 2,020,077 ;14,632;
ROYAL BAY;Apto. 2003;Garden;132.52;Vendida; 2,152,481 ;16,243;
ROYAL BAY;Apto. 2203;3S;132.52;Vendida; 2,056,563 ;15,519;
TROPICAL BEACH;Apto. 2102;3S;110.26;Vendida; 1,805,716 ;16,377;
TROPICAL BEACH;Apto. 2303;3S;84.29;Vendida; 1,176,652 ;13,96;
TROPICAL BEACH;Apto. 2401;3S;110.25;Vendida; 1,806,047 ;16,381;
TROPICAL BEACH;Apto. 503;3S;84.29;Vendida;977,72;11,599;
EMERALD COAST;Apto. 1901;3S;147.13;Vendida; 2,768,577 ;18,817;
TROPICAL BEACH;Apto. 1904;Garden;84.24;Vendida; 1,103,314 ;13,097;
TROPICAL BEACH;Apto. 2104;3S;84.24;Vendida; 1,118,839 ;13,282;
TROPICAL BEACH;Apto. 2502;3S;110.26;Vendida; 1,887,890 ;17,122;
TROPICAL BEACH;Apto. 2504;3S;84.24;Vendida; 1,149,890 ;13,65;
ROYAL BAY;Apto. 702;3S;138.06;Vendida; 1,856,982 ;13,451;
TROPICAL BEACH;Apto. 1403;3S;84.29;Vendida; 1,084,345 ;12,864;
TROPICAL BEACH;Apto. 2204;3S;84.24;Vendida; 1,126,602 ;13,374;
TROPICAL BEACH;Apto. 502;3S;110.26;Vendida; 1,227,379 ;11,132;
TROPICAL BEACH;Apto. 2003;3S;84.29;Vendida; 1,147,227 ;13,61;
TROPICAL BEACH;Apto. 2103;3S;84.29;Vendida; 1,161,036 ;13,774;
OCEAN PARK;Apto 2305 S;3S;80.91;Vendida; 1,154,917 ;14,274;
TROPICAL BEACH;Apto. 1004;3S;84.24;Vendida;992,015;11,776;
TROPICAL BEACH;Apto. 1504;3S;84.24;Vendida; 1,062,261 ;12,61;
TROPICAL BEACH;Apto. 1804;3S;84.24;Vendida; 1,095,551 ;13,005;
BLUE COAST;Apartamento 3101;3S;131.99;Vendida; 2,556,255 ;19,367;
EMERALD COAST;Apto. 1903;3S;125.54;Vendida; 2,027,571 ;16,151;
OCEAN PARK;Apto 602 N;3S;122.55;Vendida; 1,549,330 ;12,642;
EMERALD COAST;Apto. 1302;3S;145.28;Vendida; 2,611,528 ;17,976;
TROPICAL BEACH;Apto. 1005;3S;82.76;Vendida;915,755;11,065;
TROPICAL BEACH;Apto. 1305;3S;82.76;Vendida;958,138;11,577;
EMERALD COAST;Apto. 1703;3S;125.54;Vendida; 2,010,633 ;16,016;
TROPICAL BEACH;Apto. 2402;3S;110.26;Vendida; 1,856,715 ;16,839;
EMERALD COAST;Apto. 1804;3S;83.11;Vendida; 1,287,085 ;15,487;
TROPICAL BEACH;Apto. 1103;3S;84.29;Vendida; 1,049,167 ;12,447;
TROPICAL BEACH;Apto. 1701;3S;110.25;Vendida; 1,705,175 ;15,466;
TROPICAL BEACH;Apto. 2304;Sala;84.24;Vendida; 1,139,542 ;13,527;
BREEZE TOWER;Síndico;3S;100;Vendida; -   ; -   ;
ROYAL BAY;Apto. 2102;3S;138.06;Vendida; 2,163,697 ;15,672;
TROPICAL BEACH;Apto. 1604;3S;84.24;Vendida; 1,084,955 ;12,879;
TROPICAL BEACH;Apto. 1704;3S;84.24;Vendida; 1,092,753 ;12,972;
TROPICAL BEACH;Apto. 2105;3S;82.76;Vendida; 1,091,793 ;13,192;
BLUE COAST;Apartamento 2901;3S;131.99;Vendida; 2,533,181 ;19,192;
TROPICAL BEACH;Apto. 1404;3S;84.24;Vendida; 1,049,262 ;12,456;
TROPICAL BEACH;Apto. 1805;3S;82.76;Vendida; 1,063,027 ;12,845;
TROPICAL BEACH;Apto. 1905;3S;82.76;Vendida; 1,072,616 ;12,961;
CORAL GABLES;Apartamento2502;3S;132.13;Vendida; 2,299,395 ;17,403;
GOLD COAST;Apto. 1103 N;3S;125.03;Vendida; 1,896,518 ;15,169;
ROYAL BAY;Apto. 703;3S;132.52;Vendida; 1,790,600 ;13,512;
TROPICAL BEACH;Apto. 2305;3S;82.76;Vendida; 1,110,971 ;13,424;
PARADISE BAY;Apto 2005;3S;81.53;Vendida; 1,094,733 ;13,427;
TROPICAL BEACH;Apto. 1002;3S;110.26;Vendida; 1,561,531 ;14,162;
TROPICAL BEACH;Apto. 1902;3S;110.26;Vendida; 1,767,519 ;16,03;
OCEAN PARK;Apto 501 N;3S;121.37;Vendida; 1,659,184 ;13,67;
TROPICAL BEACH;Apto. 1204;3S;84.24;Vendida; 1,057,550 ;12,554;
TROPICAL BEACH;Apto. 1602;3S;110.26;Vendida; 1,736,609 ;15,75;
TROPICAL BEACH;Apto. 1105;3S;82.76;Vendida;931,41;11,254;
TROPICAL BEACH;Apto. 2205;3S;82.76;Vendida; 1,103,948 ;13,339;
ROYAL BAY;Apto. 1301;3S;191.67;Vendida; 3,352,444 ;17,491;
ROYAL BAY;Apto. 803;3S;132.52;Vendida; 1,824,266 ;13,766;
TROPICAL BEACH;Apto. 1201;3S;110.25;Vendida; 1,553,059 ;14,087;
CORAL GABLES;Apartamento1802;3S;136.35;Vendida; 2,278,910 ;16,714;
EMERALD COAST;Apto. 1602;3S;145.28;Vendida; 2,582,766 ;17,778;
EMERALD COAST;Apto. 2003;3S;125.54;Vendida; 2,094,263 ;16,682;
GOLD COAST;Apto. 1203 N;3S;125.03;Vendida; 1,965,898 ;15,723;
EMERALD COAST;Apto. 801;Garden;147.13;Vendida; 2,499,011 ;16,985;
TROPICAL BEACH;Apto. 2505;3S;82.76;Vendida; 1,132,781 ;13,688;
TROPICAL BEACH;Apto. 902;3S;110.26;Vendida; 1,542,305 ;13,988;
TROPICAL BEACH;Apto. 2405;3S;82.76;Vendida; 1,123,170 ;13,571;
THE WAVE;Apartamento1303;Garden;120.29;Vendida; 1,881,439 ;15,641;
DOLPHIN BAY;Apto. 1001;3S;80.77;Vendida; 1,117,833 ;13,84;
DOLPHIN BAY;Apto. 1101;Garden;80.77;Vendida; 1,013,035 ;12,542;
DOLPHIN BAY;Apto. 1201;3S;80.77;Vendida; 1,146,791 ;14,198;
DOLPHIN BAY;Apto. 1202;3S;119.25;Vendida; 1,514,913 ;12,704;
DOLPHIN BAY;Apto. 1401;3S;80.77;Vendida; 1,238,446 ;15,333;
DOLPHIN BAY;Apto. 1402;3S;119.25;Vendida; 1,828,460 ;15,333;
DOLPHIN BAY;Apto. 1403;3S;80.68;Vendida; 1,097,663 ;13,605;
DOLPHIN BAY;Apto. 1501;3S;80.77;Vendida; 1,254,408 ;15,531;
DOLPHIN BAY;Apto. 1601;3S;80.77;Vendida; 1,297,892 ;16,069;
DOLPHIN BAY;Apto. 701;3S;80.77;Vendida; 1,124,317 ;13,92;
DOLPHIN BAY;Apto. 801;3S;80.77;Vendida; 1,155,065 ;14,301;
DOLPHIN BAY;Apto. 901;3S;80.77;Vendida; 1,169,810 ;14,483;
TROPICAL BEACH;Apto. 1205;3S;82.76;Vendida;949,678;11,475;
DOLPHIN BAY;Apto. 1102;3S;119.25;Vendida; 1,759,600 ;14,756;
DOLPHIN BAY;Apto. 1203;3S;80.68;Vendida; 1,082,924 ;13,422;
DOLPHIN BAY;Apto. 1302;Garden;119.25;Vendida; 1,805,203 ;15,138;
DOLPHIN BAY;Apto. 1404;3S;79.98;Vendida; 1,092,938 ;13,665;
DOLPHIN BAY;Apto. 1504;3S;79.98;Vendida; 1,103,076 ;13,792;
DOLPHIN BAY;Apto. 601;3S;80.77;Vendida;960,192;11,888;
DOLPHIN BAY;Apto. 1002;3S;119.25;Vendida; 1,737,247 ;14,568;
DOLPHIN BAY;Apto. 1004;3S;79.98;Vendida; 1,028,789 ;12,863;
DOLPHIN BAY;Apto. 1204;3S;79.98;Vendida; 1,073,528 ;13,422;
DOLPHIN BAY;Apto. 1301;3S;80.77;Vendida; 1,222,694 ;15,138;
DOLPHIN BAY;Apto. 1503;3S;80.68;Vendida; 1,104,663 ;13,692;
DOLPHIN BAY;Apto. 1602;Garden;119.25;Vendida; 1,916,227 ;16,069;
DOLPHIN BAY;Apto. 1603;3S;80.68;Vendida; 1,199,824 ;14,871;
DOLPHIN BAY;Apto. 1604;3S;79.98;Vendida; 1,189,414 ;14,871;
DOLPHIN BAY;Apto. 501;3S;80.77;Vendida;945,587;11,707;
DOLPHIN BAY;Apto. 702;3S;119.25;Vendida; 1,659,959 ;13,92;
PARADISE BAY;Apto 602;Sala;122.21;Vendida; 1,686,530 ;13,8;
DOLPHIN BAY;Apto. 1303;3S;80.68;Vendida; 1,090,293 ;13,514;
DOLPHIN BAY;Apto. 1502;3S;119.25;Vendida; 1,852,026 ;15,531;
TROPICAL BEACH;Apto. 1102;3S;110.26;Vendida; 1,596,719 ;14,481;
TROPICAL BEACH;Apto. 1202;3S;110.26;Vendida; 1,623,817 ;14,727;
TROPICAL BEACH;Apto. 1405;3S;82.76;Vendida;990,659;11,97;
DOLPHIN BAY;Apto. 504;3S;79.98;Vendida;906,708;11,337;
DOLPHIN BAY;Apto. 1103;3S;80.68;Vendida; 1,057,004 ;13,101;
DOLPHIN BAY;Apto. 604;3S;79.98;Vendida;966,748;12,087;
DOLPHIN BAY;Apto. 903;3S;80.68;Vendida;970,196;12,025;
EMERALD COAST;Apto. 2201;3S;147.13;Vendida; 2,974,980 ;20,22;
PARADISE BAY;Apto 1803;3S;81.14;Vendida; 1,210,507 ;14,919;
EMERALD COAST;Apto. 1603;3S;125.54;Vendida; 2,012,981 ;16,035;
DOLPHIN BAY;Apto. 1304;3S;79.98;Vendida; 1,137,755 ;14,225;
OCEAN PARK;Apto 1703 N;3S;78.91;Vendida; 1,010,683 ;12,808;
DOLPHIN BAY;Apto. 902;3S;119.25;Vendida; 1,818,083 ;15,246;
EMERALD COAST;Apto. 602;3S;145.28;Vendida; 2,427,360 ;16,708;
EMERALD COAST;Apto. 1902;3S;145.28;Vendida; 2,796,469 ;19,249;
DOLPHIN BAY;Apto. 1104;3S;79.98;Vendida; 1,104,368 ;13,808;
BAL HARBOUR;Apto. 1104;3S;115.54;Vendida; 1,826,278 ;15,806;
BAL HARBOUR;Apto. 1202;3S;144.61;Vendida; 2,841,313 ;19,648;
BAL HARBOUR;Apto. 1402;3S;144.61;Vendida; 2,876,181 ;19,889;
BAL HARBOUR;Apto. 1702;3S;144.61;Vendida; 3,058,483 ;21,15;
BAL HARBOUR;Apto. 1902;Sala;144.61;Vendida; 3,026,312 ;20,927;
BAL HARBOUR;Apto. 2002;3S;144.61;Vendida; 2,611,513 ;18,059;
BAL HARBOUR;Apto. 2101;3S;165.29;Vendida; 3,775,845 ;22,844;
BAL HARBOUR;Apto. 902;Garden;144.61;Vendida; 2,663,179 ;18,416;
BAL HARBOUR;Apto. 903;3S;129.68;Vendida; 2,430,362 ;18,741;
DOLPHIN BAY;Apto. 602;3S;119.25;Vendida; 1,497,921 ;12,561;
TROPICAL BEACH;Apto. 1605;3S;82.76;Vendida; 1,068,628 ;12,912;
BAL HARBOUR;Apto. 1002;3S;144.61;Vendida; 2,697,173 ;18,651;
BAL HARBOUR;Apto. 1201;3S;165.29;Vendida; 3,555,534 ;21,511;
BAL HARBOUR;Apto. 1203;3S;129.68;Vendida; 2,437,185 ;18,794;
BAL HARBOUR;Apto. 1703;3S;129.68;Vendida; 2,511,957 ;19,37;
BAL HARBOUR;Apto. 2001;3S;165.29;Vendida; 3,700,612 ;22,389;
DOLPHIN BAY;Apto. 803;3S;80.68;Vendida; 1,060,000 ;13,138;
TROPICAL BEACH;Apto. 1304;3S;84.24;Vendida; 1,107,883 ;13,152;
BAL HARBOUR;Apto. 1102;3S;144.61;Vendida; 2,953,878 ;20,427;
BAL HARBOUR;Apto. 1502;3S;144.61;Vendida; 2,893,615 ;20,01;
DOLPHIN BAY;Apto. 904;3S;79.98;Vendida; 1,069,729 ;13,375;
BAL HARBOUR;Apto. 1003;3S;129.68;Vendida; 2,372,869 ;18,298;
SUNRISE TOWER;Síndico;Garden;100;Vendida; -   ; -   ;
DOLPHIN BAY;Apto. 804;3S;79.98;Vendida; 1,052,409 ;13,158;
BAL HARBOUR;Apto. 1604;3S;115.54;Vendida; 1,906,879 ;16,504;
BAL HARBOUR;Apto. 2102;3S;144.61;Vendida; 3,135,721 ;21,684;
BAL HARBOUR;Apto. 1103;3S;129.68;Vendida; 2,447,827 ;18,876;
ROYAL BAY;Apto. 1902;3S;138.06;Vendida; 2,522,982 ;18,275;
TROPICAL BEACH;Apto. 905;3S;82.76;Vendida; 1,027,785 ;12,419;
CORAL GABLES;Apartamento2302;3S;132.13;Vendida; 2,346,203 ;17,757;
TROPICAL BEACH;Apto. 802;3S;110.26;Vendida; 1,561,011 ;14,158;
ROYAL BAY;Apto. 3102;3S;252.81;Vendida; 4,580,233 ;18,117;
TROPICAL BEACH;Apto. 1402;3S;110.26;Vendida; 1,701,211 ;15,429;
TROPICAL BEACH;Apto. 1505;3S;82.76;Vendida; 1,091,023 ;13,183;
CORAL GABLES;Apartamento1702;3S;132.27;Vendida; 2,245,586 ;16,977;
DOLPHIN BAY;Apto. 703;3S;80.68;Vendida; 1,064,161 ;13,19;
BAL HARBOUR;Apto. 1503;3S;129.68;Vendida; 2,597,744 ;20,032;
CORAL GABLES;Sala Com. 03;3S;82.73;Vendida; 1,571,870 ;19;
DOLPHIN BAY;Apto. 1003;3S;80.68;Vendida; 1,124,866 ;13,942;
DOLPHIN BAY;Apto. 603;3S;80.68;Vendida;993,388;12,313;
TROPICAL BEACH;Apto. 1302;3S;110.26;Vendida; 1,685,958 ;15,291;
TROPICAL BEACH;Apto. 1502;3S;110.26;Vendida; 1,772,083 ;16,072;
EMERALD COAST;Apto. 2503;3S;125.54;Vendida; 2,252,537 ;17,943;
OCEAN PARK;Apto 2405 N;3S;79.69;Vendida; 1,201,135 ;15,073;
ROYAL BAY;Apto. 1002;3S;84.92;Vendida;0;0;
ROYAL BAY;Apto. 1102;3S;84.92;Vendida;0;0;
ROYAL BAY;Apto. 1201;3S;191.67;Vendida;0;0;
ROYAL BAY;Apto. 1202;3S;84.92;Vendida;0;0;
ROYAL BAY;Apto. 1302;3S;84.92;Vendida;0;0;
ROYAL BAY;Apto. 802;3S;84.92;Vendida;0;0;
ROYAL BAY;Apto. 902;4S;84.92;Vendida;0;0;
GOLD COAST;Apto. 902 N;3S;144.06;Vendida; 2,678,050 ;18,59;
GOLD COAST;Apto. 401 N;3S;132.08;Vendida; 2,102,372 ;15,917;
OCEAN PARK;Apto 2205 S;3S;80.91;Vendida; 1,190,494 ;14,714;
ROYAL BAY;Apto. 1801;3S;132.14;Vendida; 2,338,680 ;17,698;
TROPICAL BEACH;Apto. 2202;3S;110.26;Vendida; 1,978,652 ;17,945;
BAL HARBOUR;Apto. 803;3S;129.68;Vendida; 2,316,279 ;17,861;
CORAL GABLES;Apartamento2102;4S;132.27;Vendida; 2,220,000 ;16,784;
CORAL GABLES;Apartamento2802;3S;136.24;Vendida; 2,393,315 ;17,567;
CORAL GABLES;Apartamento2901;3S;210.51;Vendida; 4,190,221 ;19,905;
DOLPHIN BAY;Apto. 704;3S;79.98;Vendida; 1,062,495 ;13,285;
FORT MYERS;Tipo - Apto. 1902;3S;88.28;Vendida; 1,394,271 ;15,794;
FORT MYERS;Tipo - Apto. 2301;3S;128.73;Vendida; 2,154,842 ;16,739;
FORT MYERS;Sky View - Apto. 4502;3S;88.78;Vendida; 1,614,478 ;18,185;
FORT MYERS;Sky View - Apto. 4302;3S;88.78;Vendida; 1,596,403 ;17,982;
FORT MYERS;Tipo - Apto. 2102;3S;88.28;Vendida; 1,414,177 ;16,019;
FORT MYERS;Sky View - Apto. 3802;3S;88.78;Vendida; 1,562,808 ;17,603;
FORT MYERS;Tipo - Apto. 1204;3S;85.88;Vendida; 1,073,205 ;12,497;
FORT MYERS;Tipo - Apto. 1702;3S;88.28;Vendida; 1,352,375 ;15,319;
FORT MYERS;Tipo - Apto. 802;3S;88.28;Vendida; 1,253,058 ;14,194;
FORT MYERS;Sky View - Apto. 3702;3S;88.78;Vendida; 1,557,650 ;17,545;
FORT MYERS;Tipo - Apto. 1103;3S;124.25;Vendida; 1,847,816 ;14,872;
FORT MYERS;Tipo diferenciado - Apto. 502;3S;112.47;Vendida; 1,446,101 ;12,858;
FORT MYERS;Sky View - Apto. 4402;Garden;88.78;Vendida; 1,601,560 ;18,04;
FORT MYERS;Tipo - Apto. 2101;3S;128.73;Vendida; 2,111,056 ;16,399;
FORT MYERS;Tipo - Apto. 3103;3S;124.25;Vendida; 2,248,900 ;18,1;
FORT MYERS;Tipo - Apto. 902;3S;88.28;Vendida; 1,262,767 ;14,304;
FORT MYERS;Tipo - Apto. 1802;3S;88.28;Vendida; 1,384,318 ;15,681;
FORT MYERS;Tipo - Apto. 2403;3S;124.25;Vendida; 2,100,982 ;16,909;
FORT MYERS;Tipo - Apto. 1003;3S;124.25;Vendida; 1,834,480 ;14,764;
FORT MYERS;Tipo - Apto. 1403;3S;124.25;Vendida; 1,895,054 ;15,252;
FORT MYERS;Tipo - Apto. 1604;3S;85.88;Vendida; 1,105,494 ;12,873;
FORT MYERS;Tipo - Apto. 2003;3S;124.25;Vendida; 2,016,457 ;16,229;
FORT MYERS;Tipo - Apto. 2202;3S;88.28;Vendida; 1,424,130 ;16,132;
PARADISE BAY;Apto 2103;3S;81.14;Vendida; 1,257,014 ;15,492;
FORT MYERS;Tipo - Apto. 1803;3S;124.25;Vendida; 1,974,194 ;15,889;
FORT MYERS;Tipo - Apto. 1903;3S;124.25;Vendida; 1,995,326 ;16,059;
FORT MYERS;Tipo - Apto. 2802;Garden;88.28;Vendida; 1,483,849 ;16,808;
FORT MYERS;Tipo - Apto. 2902;3S;88.28;Vendida; 1,493,802 ;16,921;
FORT MYERS;Sky View - Apto. 3402;3S;88.78;Vendida; 1,498,548 ;16,879;
FORT MYERS;Sky View - Apto. 3602;3S;88.78;Vendida; 1,549,890 ;17,458;
FORT MYERS;Sky View - Apto. 3902;3S;88.78;Vendida; 1,572,508 ;17,712;
FORT MYERS;Sky View - Apto. 4002;3S;88.78;Vendida; 1,575,725 ;17,749;
FORT MYERS;Sky View - Apto. 4102;3S;88.78;Vendida; 1,581,545 ;17,814;
FORT MYERS;Sky View - Apto. 4503;3S;134.83;Vendida; 2,603,838 ;19,312;
FORT MYERS;Tipo - Apto. 1002;3S;88.28;Vendida; 1,272,475 ;14,414;
FORT MYERS;Tipo - Apto. 2001;3S;128.73;Vendida; 2,089,163 ;16,229;
FORT MYERS;Beach House - Apto. 3201;3S;227.83;Vendida; 3,540,283 ;15,539;
FORT MYERS;Cobertura - Apto. 4601;3S;182.33;Vendida; 3,541,379 ;19,423;
FORT MYERS;Sky View - Apto. 3302;3S;88.78;Vendida; 1,524,055 ;17,167;
FORT MYERS;Sky View - Apto. 4001;3S;133.82;Vendida; 2,522,001 ;18,846;
FORT MYERS;Sky View - Apto. 4202;3S;88.78;Vendida; 1,588,643 ;17,894;
FORT MYERS;Tipo - Apto. 1102;3S;88.28;Vendida; 1,312,996 ;14,873;
FORT MYERS;Tipo - Apto. 1202;3S;88.28;Vendida; 1,322,936 ;14,986;
FORT MYERS;Tipo - Apto. 1302;3S;88.28;Vendida; 1,332,877 ;15,098;
FORT MYERS;Tipo - Apto. 1402;3S;88.28;Vendida; 1,464,506 ;16,589;
FORT MYERS;Tipo - Apto. 1502;3S;88.28;Vendida; 1,354,459 ;15,343;
FORT MYERS;Tipo - Apto. 1504;3S;85.88;Vendida; 1,042,549 ;12,14;
FORT MYERS;Tipo - Apto. 1601;3S;128.73;Vendida; 2,001,590 ;15,549;
FORT MYERS;Tipo - Apto. 1603;3S;124.25;Vendida; 1,931,932 ;15,549;
FORT MYERS;Tipo - Apto. 1801;3S;128.73;Vendida; 2,045,377 ;15,889;
FORT MYERS;Tipo - Apto. 1805;3S;85.24;Vendida; 1,113,279 ;13,061;
FORT MYERS;Tipo - Apto. 1901;3S;128.73;Vendida; 2,067,270 ;16,059;
FORT MYERS;Tipo - Apto. 2002;3S;88.28;Vendida; 1,404,224 ;15,906;
FORT MYERS;Tipo - Apto. 2201;3S;128.73;Vendida; 2,132,949 ;16,569;
FORT MYERS;Tipo - Apto. 2302;3S;88.28;Vendida; 1,434,084 ;16,245;
FORT MYERS;Tipo - Apto. 2402;3S;88.28;Vendida; 1,444,037 ;16,357;
FORT MYERS;Tipo - Apto. 2501;3S;128.73;Vendida; 2,198,628 ;17,079;
FORT MYERS;Tipo - Apto. 2504;3S;85.88;Vendida; 1,178,143 ;13,718;
FORT MYERS;Tipo - Apto. 2701;3S;128.73;Vendida; 2,242,415 ;17,42;
FORT MYERS;Tipo - Apto. 3102;3S;88.28;Vendida; 1,513,708 ;17,147;
FORT MYERS;Tipo - Apto. 702;3S;88.28;Vendida; 1,243,350 ;14,084;
FORT MYERS;Tipo - Apto. 804;3S;85.88;Vendida; 1,040,917 ;12,121;
FORT MYERS;Tipo - Apto. 1303;3S;124.25;Vendida; 1,879,308 ;15,125;
FORT MYERS;Tipo - Apto. 1703;3S;124.25;Vendida; 1,855,410 ;14,933;
FORT MYERS;Tipo - Apto. 2203;3S;124.25;Vendida; 2,058,719 ;16,569;
FORT MYERS;Tipo - Apto. 2502;3S;88.28;Vendida; 1,453,990 ;16,47;
FORT MYERS;Tipo - Apto. 2801;3S;128.73;Vendida; 2,264,308 ;17,59;
FORT MYERS;Tipo - Apto. 2904;3S;85.88;Vendida; 1,210,431 ;14,094;
FORT MYERS;Sky View - Apto. 3502;3S;88.78;Vendida; 1,541,823 ;17,367;
FORT MYERS;Tipo - Apto. 1602;3S;88.28;Vendida; 1,364,412 ;15,456;
FORT MYERS;Tipo - Apto. 1904;3S;85.88;Vendida; 1,129,710 ;13,155;
FORT MYERS;Tipo - Apto. 2004;3S;85.88;Vendida; 1,137,782 ;13,249;
FORT MYERS;Tipo - Apto. 2104;3S;85.88;Vendida; 1,145,854 ;13,343;
BAL HARBOUR;Apto. 1004;3S;115.54;Vendida; 1,860,087 ;16,099;
BAL HARBOUR;Apto. 703;3S;129.68;Vendida; 2,298,401 ;17,724;
FORT MYERS;Tipo - Apto. 1605;3S;85.24;Vendida; 1,097,597 ;12,877;
FORT MYERS;Tipo - Apto. 1705;3S;85.24;Vendida; 1,105,665 ;12,971;
FORT MYERS;Tipo - Apto. 2005;3S;85.24;Vendida; 1,129,655 ;13,253;
FORT MYERS;Tipo - Apto. 2103;3S;124.25;Vendida; 2,165,956 ;17,432;
FORT MYERS;Tipo - Apto. 2105;3S;85.24;Vendida; 1,137,669 ;13,347;
FORT MYERS;Tipo - Apto. 2604;3S;85.88;Vendida; 1,269,250 ;14,779;
FORT MYERS;Tipo - Apto. 801;3S;128.73;Vendida;2004100.57;1.556.824.804;
OCEAN PARK;Apto 1506 S;3S;80.03;Vendida;1212697.63;1.515.303.799;
FORT MYERS;Sky View - Apto. 3603;3S;134.83;Vendida;2495000;185.047.838;
FORT MYERS;Tipo - Apto. 1203;3S;124.25;Vendida;2012646.9;1.619.836.539;
TROPICAL BEACH;Apto. 704;3S;84.24;Vendida;1054472.05;1.251.747.448;
FORT MYERS;Tipo - Apto. 602;3S;88.28;Vendida;1418688.02;1.607.032.193;
BAL HARBOUR;Apto. 1603;3S;129.68;Vendida;2563469.44;1.976.765.453;
FORT MYERS;Tipo - Apto. 1001;3S;128.73;Vendida;2055266.88;1.596.571.801;
FORT MYERS;Tipo - Apto. 2503;3S;124.25;Vendida;2220408.65;1.787.049.215;
OCEAN PARK;Apto 1804 S;3S;82.29;Vendida;1236623.05;1.502.762.243;
FORT MYERS;Beach House - Apto. 3203;3S;209.76;Vendida;3361515.01;1.602.552.922;
FORT MYERS;Sky View - Apto. 3403;3S;134.83;Vendida;2493473.63;184.934.631;
CORAL GABLES;Apartamento1801;3S;126.83;Vendida;2804332.98;2.211.095.939;
PALM SPRINGS;Apartamento1801;3S;563.56;Vendida;11500000;2.040.599.049;
PALM SPRINGS;Apartamento1802;3S;554;Vendida;11500000;2.075.812.274;
FORT MYERS;Tipo - Apto. 1105;3S;85.24;Vendida;1058860.1;1.242.210.347;
FORT MYERS;Tipo - Apto. 2603;4S;124.25;Vendida;2242518.65;1.804.843.984;
FORT MYERS;Tipo diferenciado - Apto. 501;3S;139.5;Vendida;1952612.54;1.399.722.251;
TROPICAL BEACH;Apto. 901;3S;110.25;Vendida;1565063.93;141.955.912;
FORT MYERS;Tipo - Apto. 1405;Sala;85.24;Vendida;1082933.84;1.270.452.651;
BAL HARBOUR;Apto. 2003;3S;129.68;Vendida;2754718.12;2.124.242.844;
DOLPHIN BAY;Apto. 802;3S;119.25;Vendida;1849889.25;1.551.269.811;
OCEAN PARK;Apto 1105 N;3S;79.69;Vendida;1194606;1.499.066.382;
FORT MYERS;Sky View - Apto. 3601;4S;133.82;Vendida;2530557.95;1.891.016.253;
FORT MYERS;Tipo - Apto. 1704;3S;85.88;Vendida;1221676.38;1.422.538.868;
FORT MYERS;Tipo - Apto. 2205;3S;85.24;Vendida;1161147.7;1.362.209.878;
FORT MYERS;Tipo - Apto. 1305;4S;85.24;Vendida;1088043.97;1.276.447.642;
FORT MYERS;Tipo - Apto. 3001;Garden;128.73;Vendida;2444514.35;1.898.946.904;
TROPICAL BEACH;Apto. 1001;3S;110.25;Vendida;1518148.16;1.377.005.134;
TROPICAL BEACH;Apto. 505;3S;110.46;Vendida;1176001.81;1.064.640.422;
FORT MYERS;Tipo - Apto. 1205;3S;85.24;Vendida;1079921.35;1.266.918.524;
FORT MYERS;Tipo - Apto. 1804;4S;85.88;Vendida;1230532.17;1.432.850.687;
OCEAN PARK;Apto 1401 N;3S;121.37;Vendida;2008067.58;1.654.500.766;
BAL HARBOUR;Apto. 602;4S;144.61;Vendida;2682265;1.854.826.775;
CORAL GABLES;Apartamento3001;3S;206.17;Vendida;4500000;2.182.664.791;
FORT MYERS;Tipo - Apto. 3202;3S;88.15;Vendida;1824782.79;2.070.088.247;
BAL HARBOUR;Apto. 1504;4S;115.54;Vendida;1954160.29;169.132.793;
FORT MYERS;Tipo - Apto. 1304;3S;85.88;Vendida;1189863.88;1.385.495.901;
FORT MYERS;Tipo - Apto. 901;4S;128.73;Vendida;2065257.57;1.604.332.766;
FORT MYERS;Tipo - Apto. 905;3S;85.24;Vendida;1058766.32;1.242.100.328;
OCEAN PARK;Apto 505 N;4S;79.69;Vendida;1109449.76;1.392.207.002;
BAL HARBOUR;Apto. 1602;3S;144.61;Vendida;3034262.61;2.098.238.441;
FORT MYERS;Tipo - Apto. 2303;4S;124.25;Vendida;2247543.23;1.808.887.911;
FORT MYERS;Tipo - Apto. 2304;3S;85.88;Vendida;1278691.44;1.488.928.086;
FORT MYERS;Tipo - Apto. 2704;4S;85.88;Vendida;1299077.63;1.512.666.081;
SUNNY ISLAND;Apto 502;4S;136.45;Vendida;1934791.66;1.417.949.183;
BAL HARBOUR;Apto. 1801;4S;165.29;Vendida;3716200.52;2.248.291.197;
ROYAL BAY;Apto. 1601;3S;132.14;Vendida;2559584.19;1.937.024.512;
FORT MYERS;Tipo - Apto. 3105;3S;85.24;Vendida;1238008.23;1.452.379.435;
FORT MYERS;Tipo - Apto. 2803;Sala;124.25;Vendida;2328833.32;1.874.312.531;
BAL HARBOUR;Apto. 2201;4S;165.29;Vendida;3962282.9;2.397.170.367;
FORT MYERS;Tipo - Apto. 2305;4S;85.24;Vendida;1176419.35;1.380.125.939;
FORT MYERS;Tipo - Apto. 2401;4S;128.73;Vendida;2335802.07;1.814.497.064;
TROPICAL BEACH;Apto. 504;4S;134.45;Vendida;1440448.88;1.071.363.987;
EMERALD COAST;Apto. 2002;3S;145.28;Vendida;2968247.54;204.312.193;
FORT MYERS;Tipo - Apto. 3004;4S;85.88;Vendida;1329475.87;1.548.062.261;
FORT MYERS;Tipo - Apto. 505;4S;85.24;Vendida;1034778.11;1.213.958.365;
BAL HARBOUR;Apto. 1303;4S;129.68;Vendida;2563752.93;1.976.984.061;
FORT MYERS;Tipo - Apto. 2405;4S;85.24;Vendida;1194878.8;1.401.781.793;
FORT MYERS;Tipo - Apto. 504;4S;85.88;Vendida;1128179.4;1.313.669.539;
OCEAN PARK;Apto 2202 N;4S;122.55;Vendida;2280000;1.860.465.116;
EMERALD COAST;Apto. 1202;4S;145.28;Vendida;2639859.81;181.708.412;
FORT MYERS;Tipo - Apto. 1701;4S;128.73;Vendida;2247753.21;1.746.098.975;
FORT MYERS;Tipo - Apto. 2505;4S;85.24;Vendida;1203122.08;1.411.452.464;
ROYAL BAY;Apto. 2701;3S;235.26;Vendida;4391200.91;1.866.531.034;
ROYAL BAY;Apto. 1101;3S;191.67;Vendida;3552067.73;1.853.220.499;
EMERALD COAST;Apto. 1702;4S;145.28;Vendida;2922343.05;2.011.524.676;
BAL HARBOUR;Apto. 1601;4S;165.29;Vendida;3677642.35;2.224.963.609;
FORT MYERS;Tipo - Apto. 904;4S;85.88;Vendida;1180175.64;1.374.214.765;
TROPICAL BEACH;Apto. 2002;4S;110.26;Vendida;2067353.35;1.874.980.365;
FORT MYERS;Tipo - Apto. 3002;4S;88.28;Vendida;1852940.7;2.098.935.999;
FORT MYERS;Tipo - Apto. 1501;4S;128.73;Vendida;2242763.88;1.742.223.165;
BLUE COAST;Apartamento 2903;4S;131.52;Vendida;2853949.57;2.169.973.821;
FORT MYERS;Tipo - Apto. 2903;Sala;124.25;Vendida;2396655.46;1.928.897.755;
FORT MYERS;Tipo - Apto. 1201;4S;128.73;Vendida;2185009.14;1.697.358.145;
FORT MYERS;Tipo - Apto. 803;4S;124.25;Vendida;2026928.54;1.631.330.817;
BAL HARBOUR;Apto. 1302;4S;144.61;Vendida;3071418.02;2.123.931.969;
BAL HARBOUR;Apto. 1403;4S;129.68;Vendida;2650629.07;2.043.976.766;
FORT MYERS;Tipo - Apto. 2804;4S;85.88;Vendida;1348094.11;1.569.741.628;
FORT MYERS;Tipo - Apto. 1104;4S;85.88;Vendida;1208157.82;1.406.797.648;
CORAL GABLES;Síndico;4S;100;Vendida;0;0;
PALM SPRINGS;Síndico;4S;100;Vendida;0;0;
SUNNY ISLAND;Apto 2402;4S;122.79;Vendida;2575457.98;2.097.449.287;
THE WAVE;Síndico;4S;100;Vendida;0;0;
SOUTH BEACH TOWER;Síndico;5S;100;Vendida;0;0;
EMERALD COAST;Apto. 2303;5S;125.54;Vendida;2267000;1.805.798.949;
FORT MYERS;Tipo - Apto. 1401;5S;128.73;Vendida;2130382.14;1.654.922.815;
CORAL GABLES;Apartamento 402;4S;198.44;Vendida;2178140.28;1.097.631.667;
FORT MYERS;Tipo - Apto. 1505;4S;85.24;Vendida;1152560.66;1.352.135.922;
