Empreendimento,Unidade,Tipo,Área Privativa (m²),Situação,Valor VGV,Valor m²,Chave
BAL HARBOUR,Apto. 1001,3S,"165,29",Bloqueada,"R$ 3.507.414,26","R$ 21.219,76",BAL HARBOURApto. 1001
BAL HARBOUR,Apto. 1204,3S,"115,54",Bloqueada,"R$ 1.998.702,86","R$ 17.298,80",BAL HARBOURApto. 1204
BAL HARBOUR,Apto. 1401,3S,"165,29",Bloqueada,"R$ 3.707.668,16","R$ 22.431,29",BAL HARBOURApto. 1401
BAL HARBOUR,Apto. 1701,2S,"165,29",Bloqueada,"R$ 3.816.846,52","R$ 23.091,82",BAL HARBOURApto. 1701
BAL HARBOUR,Apto. 1704,3S,"115,54",Bloqueada,"R$ 2.104.410,79","R$ 18.213,70",BAL HARBOURApto. 1704
BAL HARBOUR,Apto. 1803,3S,"129,68",Bloqueada,"R$ 2.747.235,09","R$ 21.184,72",BAL HARBOURApto. 1803
BAL HARBOUR,Apto. 1903,3S,"129,68",Bloqueada,"R$ 2.822.207,58","R$ 21.762,86",BAL HARBOURApto. 1903
BAL HARBOUR,Apto. 2104,3S,"115,54",Bloqueada,"R$ 2.157.170,62","R$ 18.670,34",BAL HARBOURApto. 2104
BAL HARBOUR,Apto. 802,3S,"144,61",Bloqueada,"R$ 2.931.716,98","R$ 20.273,27",BAL HARBOURApto. 802
BAL HARBOUR,Apto. 804,2S,"115,54",Bloqueada,"R$ 1.945.943,03","R$ 16.842,16",BAL HARBOURApto. 804
BAL HARBOUR,Sala Com. 01,2S,"41,34",Bloqueada,"R$ 1.087.190,79","R$ 26.298,76",BAL HARBOURSala Com. 01
BAL HARBOUR,Sala Com. 02,3S,"63,27",Bloqueada,"R$ 1.087.190,79","R$ 17.183,35",BAL HARBOURSala Com. 02
BAL HARBOUR,Sala Com. 03,3S,"71,73",Bloqueada,"R$ 1.087.190,79","R$ 15.156,71",BAL HARBOURSala Com. 03
BAL HARBOUR,Sala Com. 04,3S,"72,53",Bloqueada,"R$ 1.087.190,79","R$ 14.989,53",BAL HARBOURSala Com. 04
BAL HARBOUR,Sala Com. 05,2S,"75,86",Bloqueada,"R$ 1.087.190,79","R$ 14.331,54",BAL HARBOURSala Com. 05
BAL HARBOUR,Sala Com. 06,3S,"33,01",Bloqueada,"R$ 1.087.190,79","R$ 32.935,20",BAL HARBOURSala Com. 06
BLUE COAST,Apartamento 603,3S,"131,52",Bloqueada,"R$ 2.258.653,45","R$ 17.173,46",BLUE COASTApartamento 603
DESTIN BEACH,Apto. 1003,3S,"82,11",Bloqueada,"R$ 1.303.180,64","R$ 15.871,16",DESTIN BEACHApto. 1003
DESTIN BEACH,Apto. 1004,3S,"84,84",Bloqueada,"R$ 1.404.736,31","R$ 16.557,48",DESTIN BEACHApto. 1004
DESTIN BEACH,Apto. 1005,3S,"80,97",Bloqueada,"R$ 1.186.101,05","R$ 14.648,65",DESTIN BEACHApto. 1005
DESTIN BEACH,Apto. 1201,3S,"130,32",Bloqueada,"R$ 2.263.981,83","R$ 17.372,48",DESTIN BEACHApto. 1201
DESTIN BEACH,Apto. 1202,3S,"130,34",Bloqueada,"R$ 2.487.966,73","R$ 19.088,28",DESTIN BEACHApto. 1202
DESTIN BEACH,Apto. 1203,2S,"82,11",Bloqueada,"R$ 1.320.791,19","R$ 16.085,63",DESTIN BEACHApto. 1203
DESTIN BEACH,Apto. 1204,3S,"84,84",Bloqueada,"R$ 1.422.932,37","R$ 16.771,95",DESTIN BEACHApto. 1204
DESTIN BEACH,Apto. 1205,2S,"80,97",Bloqueada,"R$ 1.203.467,10","R$ 14.863,12",DESTIN BEACHApto. 1205
DESTIN BEACH,Apto. 1206,2S,"113,58",Bloqueada,"R$ 1.778.285,85","R$ 15.656,68",DESTIN BEACHApto. 1206
DESTIN BEACH,Apto. 1207,3S,"82,02",Bloqueada,"R$ 1.192.686,50","R$ 14.541,41",DESTIN BEACHApto. 1207
DESTIN BEACH,Apto. 1302,3S,"130,34",Bloqueada,"R$ 2.501.944,08","R$ 19.195,52",DESTIN BEACHApto. 1302
DESTIN BEACH,Apto. 1304,3S,"84,84",Bloqueada,"R$ 1.432.030,40","R$ 16.879,19",DESTIN BEACHApto. 1304
DESTIN BEACH,Apto. 1405,3S,"80,97",Bloqueada,"R$ 1.220.833,13","R$ 15.077,60",DESTIN BEACHApto. 1405
DESTIN BEACH,Apto. 1502,3S,"130,34",Bloqueada,R$ -,R$ -,DESTIN BEACHApto. 1502
DESTIN BEACH,Apto. 1602,3S,"130,34",Bloqueada,"R$ 2.725.581,53","R$ 20.911,32",DESTIN BEACHApto. 1602
DESTIN BEACH,Apto. 1604,3S,"84,84",Bloqueada,"R$ 1.577.598,93","R$ 18.594,99",DESTIN BEACHApto. 1604
DESTIN BEACH,Apto. 1605,3S,"80,97",Bloqueada,"R$ 1.255.565,23","R$ 15.506,55",DESTIN BEACHApto. 1605
DESTIN BEACH,Apto. 1606,Garden,"113,58",Bloqueada,"R$ 1.887.906,20","R$ 16.621,82",DESTIN BEACHApto. 1606
DESTIN BEACH,Apto. 1807,2S,"82,02",Bloqueada,"R$ 1.307.029,60","R$ 15.935,50",DESTIN BEACHApto. 1807
DESTIN BEACH,Apto. 1901,3S,"130,32",Bloqueada,"R$ 2.585.411,35","R$ 19.838,95",DESTIN BEACHApto. 1901
DESTIN BEACH,Apto. 1902,3S,"130,34",Bloqueada,"R$ 2.809.445,59","R$ 21.554,75",DESTIN BEACHApto. 1902
DESTIN BEACH,Apto. 1903,3S,"82,11",Bloqueada,"R$ 1.452.870,31","R$ 17.694,19",DESTIN BEACHApto. 1903
DESTIN BEACH,Apto. 1904,2S,"84,84",Bloqueada,"R$ 1.632.187,12","R$ 19.238,41",DESTIN BEACHApto. 1904
DESTIN BEACH,Apto. 2201,3S,"130,32",Bloqueada,"R$ 2.669.262,52","R$ 20.482,37",DESTIN BEACHApto. 2201
DESTIN BEACH,Apto. 2202,3S,"130,34",Bloqueada,"R$ 2.893.309,63","R$ 22.198,17",DESTIN BEACHApto. 2202
DESTIN BEACH,Apto. 2203,2S,"82,11",Bloqueada,"R$ 1.505.701,95","R$ 18.337,62",DESTIN BEACHApto. 2203
DESTIN BEACH,Apto. 2204,3S,"84,84",Bloqueada,"R$ 1.686.775,33","R$ 19.881,84",DESTIN BEACHApto. 2204
DESTIN BEACH,Apto. 2205,2S,"80,97",Bloqueada,"R$ 1.359.761,52","R$ 16.793,40",DESTIN BEACHApto. 2205
DESTIN BEACH,Apto. 2206,3S,"113,58",Bloqueada,"R$ 2.034.066,68","R$ 17.908,67",DESTIN BEACHApto. 2206
DESTIN BEACH,Apto. 2207,3S,"82,02",Bloqueada,"R$ 1.377.394,58","R$ 16.793,40",DESTIN BEACHApto. 2207
DESTIN BEACH,Apto. 2401,3S,"130,32",Bloqueada,"R$ 2.725.163,31","R$ 20.911,32",DESTIN BEACHApto. 2401
DESTIN BEACH,Apto. 2402,2S,"130,34",Bloqueada,"R$ 2.949.219,00","R$ 22.627,12",DESTIN BEACHApto. 2402
DESTIN BEACH,Apto. 2404,2S,"84,84",Bloqueada,"R$ 1.723.167,46","R$ 20.310,79",DESTIN BEACHApto. 2404
DESTIN BEACH,Apto. 603,2S,"82,11",Bloqueada,R$ -,R$ -,DESTIN BEACHApto. 603
DESTIN BEACH,Apto. 702,2S,"130,34",Bloqueada,"R$ 2.418.080,03","R$ 18.552,09",DESTIN BEACHApto. 702
DESTIN BEACH,Apto. 805,4S,"80,97",Bloqueada,"R$ 1.168.735,00","R$ 14.434,17",DESTIN BEACHApto. 805
DESTIN BEACH,Apto. 901,2S,"130,32",Bloqueada,"R$ 2.222.056,24","R$ 17.050,77",DESTIN BEACHApto. 901
DESTIN BEACH,Apto. 902,2S,"130,34",Bloqueada,"R$ 2.446.034,72","R$ 18.766,57",DESTIN BEACHApto. 902
DESTIN BEACH,Apto. 904,2S,"84,84",Bloqueada,"R$ 1.395.638,26","R$ 16.450,24",DESTIN BEACHApto. 904
DOLPHIN BAY,Sala Comercial,2S,"52,27",Bloqueada,R$ -,R$ -,DOLPHIN BAYSala Comercial
EMERALD COAST,Apto. 1003,Decorado,"125,54",Bloqueada,"R$ 2.099.029,33","R$ 16.720,00",EMERALD COASTApto. 1003
EMERALD COAST,Apto. 1403,Decorado,"125,54",Bloqueada,"R$ 2.167.932,67","R$ 17.268,86",EMERALD COASTApto. 1403
EMERALD COAST,Apto. 1503,Decorado,"125,54",Bloqueada,"R$ 2.182.334,48","R$ 17.383,58",EMERALD COASTApto. 1503
EMERALD COAST,Apto. 1802,Sala,"145,28",Bloqueada,"R$ 2.959.529,34","R$ 20.371,21",EMERALD COASTApto. 1802
EMERALD COAST,Apto. 1803,Sala,"125,54",Bloqueada,"R$ 2.225.539,85","R$ 17.727,73",EMERALD COASTApto. 1803
EMERALD COAST,Apto. 2202,Sala,"145,28",Bloqueada,"R$ 3.202.460,37","R$ 22.043,37",EMERALD COASTApto. 2202
EMERALD COAST,Apto. 2203,Sala,"125,54",Bloqueada,"R$ 2.326.557,93","R$ 18.532,40",EMERALD COASTApto. 2203
EMERALD COAST,Apto. 2301,Sala,"147,13",Bloqueada,"R$ 3.298.801,49","R$ 22.421,00",EMERALD COASTApto. 2301
EMERALD COAST,Apto. 2302,Sala,"145,28",Bloqueada,"R$ 3.254.710,33","R$ 22.403,02",EMERALD COASTApto. 2302
EMERALD COAST,Apto. 2501,Sala,"147,13",Bloqueada,"R$ 3.506.596,73","R$ 23.833,32",EMERALD COASTApto. 2501
EMERALD COAST,Apto. 601,Síndico,"147,13",Bloqueada,"R$ 2.671.774,04","R$ 18.159,27",EMERALD COASTApto. 601
EMERALD COAST,Apto. 703,Síndico,"125,54",Bloqueada,"R$ 2.022.333,72","R$ 16.109,08",EMERALD COASTApto. 703
EMERALD COAST,Apto. 903,Síndico,"125,54",Bloqueada,"R$ 2.056.366,62","R$ 16.380,17",EMERALD COASTApto. 903
FORT MYERS,Sala Com. 01,Síndico,181,Bloqueada,R$ -,R$ -,FORT MYERSSala Com. 01
FORT MYERS,Sala Com. 02,Síndico,112,Bloqueada,R$ -,R$ -,FORT MYERSSala Com. 02
FORT MYERS,Sala Com. 03,Síndico,91,Bloqueada,R$ -,R$ -,FORT MYERSSala Com. 03
FORT MYERS,Sala Com. 04,Síndico,98,Bloqueada,R$ -,R$ -,FORT MYERSSala Com. 04
FORT MYERS,Tipo - Apto. 1005,Síndico,"85,24",Bloqueada,"R$ 1.112.836,59","R$ 13.055,33",FORT MYERSTipo - Apto. 1005
FORT MYERS,Tipo - Apto. 1503,Síndico,"124,25",Bloqueada,"R$ 2.208.445,55","R$ 17.774,21",FORT MYERSTipo - Apto. 1503
FORT MYERS,Tipo - Apto. 1905,Síndico,"85,24",Bloqueada,"R$ 1.189.318,99","R$ 13.952,59",FORT MYERSTipo - Apto. 1905
FORT MYERS,Tipo - Apto. 2204,Box,"85,88",Bloqueada,"R$ 1.324.464,76","R$ 15.422,27",FORT MYERSTipo - Apto. 2204
FORT MYERS,Tipo - Apto. 3104,Box,"85,88",Bloqueada,"R$ 1.391.626,81","R$ 16.204,32",FORT MYERSTipo - Apto. 3104
KEY WEST,Apto 1102,Vaga,"122,96",Bloqueada,R$ -,R$ -,KEY WESTApto 1102
KEY WEST,Apto 1602,Vaga,"122,96",Bloqueada,R$ -,R$ -,KEY WESTApto 1602
OCEAN PARK,Apto 1005 S,Vaga,"80,91",Bloqueada,"R$ 1.307.689,96","R$ 16.162,28",OCEAN PARKApto 1005 S
OCEAN PARK,Apto 1205 S,Vaga,"80,91",Bloqueada,"R$ 1.145.480,53","R$ 14.157,47",OCEAN PARKApto 1205 S
OCEAN PARK,Sala Com. 06,Vaga,"82,69",Bloqueada,"R$ 2.343.761,11","R$ 28.343,95",OCEAN PARKSala Com. 06
PARADISE BAY,Apto 1801,Vaga,"123,48",Bloqueada,"R$ 2.450.877,44","R$ 19.848,38",PARADISE BAYApto 1801
ROYAL BAY,Apto. 3502,Vaga,"252,81",Bloqueada,"R$ 4.963.584,29","R$ 19.633,65",ROYAL BAYApto. 3502
ROYAL BAY,Apto. 4001,Vaga,"259,47",Bloqueada,"R$ 5.661.132,05","R$ 21.818,06",ROYAL BAYApto. 4001
ROYAL BAY,Apto. 4003,Vaga,"260,03",Bloqueada,"R$ 5.609.231,76","R$ 21.571,48",ROYAL BAYApto. 4003
ROYAL BAY,Apto. 901,Vaga,"191,67",Bloqueada,"R$ 3.488.061,08","R$ 18.198,26",ROYAL BAYApto. 901
BAL HARBOUR,Apto. 1101,Vaga,"165,29",Disponível,"R$ 3.557.642,95","R$ 21.523,64",BAL HARBOURApto. 1101
BAL HARBOUR,Apto. 1301,Vaga,"165,29",Disponível,"R$ 3.608.104,63","R$ 21.828,93",BAL HARBOURApto. 1301
BAL HARBOUR,Apto. 1304,2S,"115,54",Disponível,"R$ 2.011.892,82","R$ 17.412,96",BAL HARBOURApto. 1304
BAL HARBOUR,Apto. 1404,Sala,"115,54",Disponível,"R$ 2.025.082,77","R$ 17.527,11",BAL HARBOURApto. 1404
BAL HARBOUR,Apto. 1501,2S,"165,29",Disponível,"R$ 3.729.804,62","R$ 22.565,22",BAL HARBOURApto. 1501
BAL HARBOUR,Apto. 1802,2S,"144,61",Disponível,"R$ 3.202.774,06","R$ 22.147,67",BAL HARBOURApto. 1802
BAL HARBOUR,Apto. 1804,2S,"115,54",Disponível,"R$ 2.117.600,74","R$ 18.327,86",BAL HARBOURApto. 1804
BAL HARBOUR,Apto. 1901,2S,"165,29",Disponível,"R$ 3.898.292,48","R$ 23.584,56",BAL HARBOURApto. 1901
BAL HARBOUR,Apto. 1904,2S,"115,54",Disponível,"R$ 2.130.790,68","R$ 18.442,02",BAL HARBOURApto. 1904
BAL HARBOUR,Apto. 2004,2S,"115,54",Disponível,"R$ 2.143.980,65","R$ 18.556,18",BAL HARBOURApto. 2004
BAL HARBOUR,Apto. 2103,2S,"129,68",Disponível,"R$ 2.977.406,07","R$ 22.959,64",BAL HARBOURApto. 2103
BAL HARBOUR,Apto. 2203,2S,"129,68",Disponível,"R$ 3.026.789,87","R$ 23.340,45",BAL HARBOURApto. 2203
BAL HARBOUR,Apto. 2204,2S,"115,54",Disponível,"R$ 2.210.118,73","R$ 19.128,60",BAL HARBOURApto. 2204
BAL HARBOUR,Apto. 2301,2S,"298,08",Disponível,"R$ 7.455.608,75","R$ 25.012,11",BAL HARBOURApto. 2301
BAL HARBOUR,Apto. 2302,2S,"144,61",Disponível,"R$ 3.522.216,10","R$ 24.356,66",BAL HARBOURApto. 2302
BAL HARBOUR,Apto. 2303,2S,"129,74",Disponível,"R$ 3.077.597,00","R$ 23.721,27",BAL HARBOURApto. 2303
BAL HARBOUR,Apto. 2401,2S,"298,08",Disponível,"R$ 7.573.698,77","R$ 25.408,28",BAL HARBOURApto. 2401
BAL HARBOUR,Apto. 2501,2S,"298,08",Disponível,"R$ 7.858.082,97","R$ 26.362,33",BAL HARBOURApto. 2501
BAL HARBOUR,Apto. 2502,2S,"277,29",Disponível,"R$ 7.372.488,88","R$ 26.587,65",BAL HARBOURApto. 2502
BAL HARBOUR,Apto. 2503,2S,"271,74",Disponível,"R$ 7.224.927,41","R$ 26.587,65",BAL HARBOURApto. 2503
BAL HARBOUR,Apto. 601,2S,"167,46",Disponível,"R$ 3.306.136,16","R$ 19.742,84",BAL HARBOURApto. 601
BAL HARBOUR,Apto. 603,2S,"146,22",Disponível,"R$ 2.480.910,65","R$ 16.966,97",BAL HARBOURApto. 603
BAL HARBOUR,Apto. 604,2S,"155,45",Disponível,"R$ 2.136.272,89","R$ 13.742,51",BAL HARBOURApto. 604
BAL HARBOUR,Apto. 701,2S,"165,29",Disponível,"R$ 3.306.076,85","R$ 20.001,67",BAL HARBOURApto. 701
BAL HARBOUR,Apto. 702,2S,"144,61",Disponível,"R$ 2.893.810,35","R$ 20.011,14",BAL HARBOURApto. 702
BAL HARBOUR,Apto. 704,2S,"115,54",Disponível,"R$ 1.922.407,43","R$ 16.638,46",BAL HARBOURApto. 704
BAL HARBOUR,Apto. 801,2S,"165,29",Disponível,"R$ 3.348.859,53","R$ 20.260,51",BAL HARBOURApto. 801
BAL HARBOUR,Apto. 901,2S,"165,29",Disponível,"R$ 3.435.881,00","R$ 20.786,99",BAL HARBOURApto. 901
BAL HARBOUR,Apto. 904,2S,"115,54",Disponível,"R$ 1.959.133,01","R$ 16.956,32",BAL HARBOURApto. 904
BLUE COAST,Apartamento 503,2S,"228,12",Disponível,"R$ 2.632.378,71","R$ 11.539,45",BLUE COASTApartamento 503
DESTIN BEACH,Apto. 1001,2S,"130,32",Disponível,"R$ 2.236.031,43","R$ 17.158,01",DESTIN BEACHApto. 1001
DESTIN BEACH,Apto. 1002,2S,"130,34",Disponível,"R$ 2.460.012,05","R$ 18.873,81",DESTIN BEACHApto. 1002
DESTIN BEACH,Apto. 1006,2S,"113,58",Disponível,"R$ 1.753.925,75","R$ 15.442,21",DESTIN BEACHApto. 1006
DESTIN BEACH,Apto. 1007,2S,"82,02",Disponível,"R$ 1.175.095,26","R$ 14.326,94",DESTIN BEACHApto. 1007
DESTIN BEACH,Apto. 1101,2S,"130,32",Disponível,"R$ 2.250.006,63","R$ 17.265,24",DESTIN BEACHApto. 1101
DESTIN BEACH,Apto. 1102,2S,"130,34",Disponível,"R$ 2.473.989,40","R$ 18.981,04",DESTIN BEACHApto. 1102
DESTIN BEACH,Apto. 1103,2S,"82,11",Disponível,"R$ 1.311.985,91","R$ 15.978,39",DESTIN BEACHApto. 1103
DESTIN BEACH,Apto. 1104,2S,"84,84",Disponível,"R$ 1.413.834,34","R$ 16.664,71",DESTIN BEACHApto. 1104
DESTIN BEACH,Apto. 1105,2S,"80,97",Disponível,"R$ 1.194.784,07","R$ 14.755,89",DESTIN BEACHApto. 1105
DESTIN BEACH,Apto. 1106,Garden,"113,58",Disponível,"R$ 1.766.105,81","R$ 15.549,44",DESTIN BEACHApto. 1106
DESTIN BEACH,Apto. 1107,2S,"82,02",Disponível,"R$ 1.183.890,89","R$ 14.434,17",DESTIN BEACHApto. 1107
DESTIN BEACH,Apto. 1301,2S,"130,32",Disponível,"R$ 2.277.957,03","R$ 17.479,72",DESTIN BEACHApto. 1301
DESTIN BEACH,Apto. 1303,2S,"82,11",Disponível,"R$ 1.329.596,46","R$ 16.192,87",DESTIN BEACHApto. 1303
DESTIN BEACH,Apto. 1305,2S,"80,97",Disponível,"R$ 1.212.150,12","R$ 14.970,36",DESTIN BEACHApto. 1305
DESTIN BEACH,Apto. 1306,2S,"113,58",Disponível,"R$ 1.790.465,88","R$ 15.763,92",DESTIN BEACHApto. 1306
DESTIN BEACH,Apto. 1307,2S,"82,02",Disponível,"R$ 1.201.482,13","R$ 14.648,65",DESTIN BEACHApto. 1307
DESTIN BEACH,Apto. 1401,2S,"130,32",Disponível,"R$ 2.291.932,22","R$ 17.586,96",DESTIN BEACHApto. 1401
DESTIN BEACH,Apto. 1402,2S,"130,34",Disponível,"R$ 2.515.921,41","R$ 19.302,76",DESTIN BEACHApto. 1402
DESTIN BEACH,Apto. 1403,2S,"82,11",Disponível,"R$ 1.338.401,73","R$ 16.300,11",DESTIN BEACHApto. 1403
DESTIN BEACH,Apto. 1404,2S,"84,84",Disponível,"R$ 1.441.128,43","R$ 16.986,43",DESTIN BEACHApto. 1404
DESTIN BEACH,Apto. 1406,2S,"113,58",Disponível,"R$ 1.802.645,92","R$ 15.871,16",DESTIN BEACHApto. 1406
DESTIN BEACH,Apto. 1407,3S,"82,02",Disponível,"R$ 1.210.277,74","R$ 14.755,89",DESTIN BEACHApto. 1407
DESTIN BEACH,Apto. 1501,2S,"130,32",Disponível,"R$ 2.431.684,18","R$ 18.659,33",DESTIN BEACHApto. 1501
DESTIN BEACH,Apto. 1503,2S,"82,11",Disponível,"R$ 1.382.428,10","R$ 16.836,29",DESTIN BEACHApto. 1503
DESTIN BEACH,Apto. 1504,Sala,"84,84",Disponível,"R$ 1.532.108,77","R$ 18.058,80",DESTIN BEACHApto. 1504
DESTIN BEACH,Apto. 1505,Sala,"80,97",Disponível,"R$ 1.238.199,18","R$ 15.292,07",DESTIN BEACHApto. 1505
DESTIN BEACH,Apto. 1506,2S,"113,58",Disponível,"R$ 1.863.546,12","R$ 16.407,34",DESTIN BEACHApto. 1506
DESTIN BEACH,Apto. 1507,2S,"82,02",Disponível,"R$ 1.254.255,87","R$ 15.292,07",DESTIN BEACHApto. 1507
DESTIN BEACH,Apto. 1601,2S,"130,32",Disponível,"R$ 2.501.560,17","R$ 19.195,52",DESTIN BEACHApto. 1601
DESTIN BEACH,Apto. 1603,Garden,"82,11",Disponível,"R$ 1.400.038,66","R$ 17.050,77",DESTIN BEACHApto. 1603
DESTIN BEACH,Apto. 1607,2S,"82,02",Disponível,"R$ 1.271.847,11","R$ 15.506,55",DESTIN BEACHApto. 1607
DESTIN BEACH,Apto. 1701,2S,"130,32",Disponível,"R$ 2.529.510,56","R$ 19.410,00",DESTIN BEACHApto. 1701
DESTIN BEACH,Apto. 1702,2S,"130,34",Disponível,"R$ 2.753.536,21","R$ 21.125,80",DESTIN BEACHApto. 1702
DESTIN BEACH,Apto. 1703,2S,"82,11",Disponível,"R$ 1.417.649,20","R$ 17.265,24",DESTIN BEACHApto. 1703
DESTIN BEACH,Apto. 1704,Garden,"84,84",Disponível,"R$ 1.595.795,00","R$ 18.809,46",DESTIN BEACHApto. 1704
DESTIN BEACH,Apto. 1705,Garden,"80,97",Disponível,"R$ 1.272.931,28","R$ 15.721,02",DESTIN BEACHApto. 1705
DESTIN BEACH,Apto. 1706,2S,"113,58",Disponível,"R$ 1.912.266,28","R$ 16.836,29",DESTIN BEACHApto. 1706
DESTIN BEACH,Apto. 1707,2S,"82,02",Disponível,"R$ 1.289.438,35","R$ 15.721,02",DESTIN BEACHApto. 1707
DESTIN BEACH,Apto. 1801,2S,"130,32",Disponível,"R$ 2.557.460,95","R$ 19.624,47",DESTIN BEACHApto. 1801
DESTIN BEACH,Apto. 1802,2S,"130,34",Disponível,"R$ 2.781.490,91","R$ 21.340,27",DESTIN BEACHApto. 1802
DESTIN BEACH,Apto. 1803,2S,"82,11",Disponível,"R$ 1.435.259,75","R$ 17.479,72",DESTIN BEACHApto. 1803
DESTIN BEACH,Apto. 1804,2S,"84,84",Disponível,"R$ 1.613.991,06","R$ 19.023,94",DESTIN BEACHApto. 1804
DESTIN BEACH,Apto. 1805,2S,"80,97",Disponível,"R$ 1.290.297,34","R$ 15.935,50",DESTIN BEACHApto. 1805
DESTIN BEACH,Apto. 1905,3S,"80,97",Disponível,"R$ 1.307.663,38","R$ 16.149,97",DESTIN BEACHApto. 1905
DESTIN BEACH,Apto. 1906,2S,"113,58",Disponível,"R$ 1.960.986,44","R$ 17.265,24",DESTIN BEACHApto. 1906
DESTIN BEACH,Apto. 1907,2S,"82,02",Disponível,"R$ 1.324.620,86","R$ 16.149,97",DESTIN BEACHApto. 1907
DESTIN BEACH,Apto. 2001,2S,"130,32",Disponível,"R$ 2.613.361,74","R$ 20.053,42",DESTIN BEACHApto. 2001
DESTIN BEACH,Apto. 2002,2S,"130,34",Disponível,"R$ 2.837.400,27","R$ 21.769,22",DESTIN BEACHApto. 2002
DESTIN BEACH,Apto. 2003,3S,"82,11",Disponível,"R$ 1.470.480,85","R$ 17.908,67",DESTIN BEACHApto. 2003
DESTIN BEACH,Apto. 2004,2S,"84,84",Disponível,"R$ 1.650.383,20","R$ 19.452,89",DESTIN BEACHApto. 2004
DESTIN BEACH,Apto. 2005,2S,"80,97",Disponível,"R$ 1.325.029,43","R$ 16.364,45",DESTIN BEACHApto. 2005
DESTIN BEACH,Apto. 2006,3S,"113,58",Disponível,"R$ 1.985.346,52","R$ 17.479,72",DESTIN BEACHApto. 2006
DESTIN BEACH,Apto. 2007,2S,"82,02",Disponível,"R$ 1.342.212,10","R$ 16.364,45",DESTIN BEACHApto. 2007
DESTIN BEACH,Apto. 2101,2S,"130,32",Disponível,"R$ 2.641.312,13","R$ 20.267,90",DESTIN BEACHApto. 2101
DESTIN BEACH,Apto. 2102,2S,"130,34",Disponível,"R$ 2.865.354,95","R$ 21.983,70",DESTIN BEACHApto. 2102
DESTIN BEACH,Apto. 2103,3S,"82,11",Disponível,"R$ 1.488.091,40","R$ 18.123,14",DESTIN BEACHApto. 2103
DESTIN BEACH,Apto. 2104,2S,"84,84",Disponível,"R$ 1.668.579,26","R$ 19.667,37",DESTIN BEACHApto. 2104
DESTIN BEACH,Apto. 2105,2S,"80,97",Disponível,"R$ 1.342.395,48","R$ 16.578,92",DESTIN BEACHApto. 2105
DESTIN BEACH,Apto. 2106,2S,"113,58",Disponível,"R$ 2.009.706,60","R$ 17.694,19",DESTIN BEACHApto. 2106
DESTIN BEACH,Apto. 2107,2S,"82,02",Disponível,"R$ 1.359.803,34","R$ 16.578,92",DESTIN BEACHApto. 2107
DESTIN BEACH,Apto. 2301,2S,"130,32",Disponível,"R$ 2.697.212,92","R$ 20.696,85",DESTIN BEACHApto. 2301
DESTIN BEACH,Apto. 2302,3S,"130,34",Disponível,"R$ 2.921.264,31","R$ 22.412,65",DESTIN BEACHApto. 2302
DESTIN BEACH,Apto. 2303,2S,"82,11",Disponível,"R$ 1.523.312,50","R$ 18.552,09",DESTIN BEACHApto. 2303
DESTIN BEACH,Apto. 2304,2S,"84,84",Disponível,"R$ 1.704.971,39","R$ 20.096,32",DESTIN BEACHApto. 2304
DESTIN BEACH,Apto. 2305,3S,"80,97",Disponível,"R$ 1.377.127,57","R$ 17.007,87",DESTIN BEACHApto. 2305
DESTIN BEACH,Apto. 2306,2S,"113,58",Disponível,"R$ 2.058.426,76","R$ 18.123,14",DESTIN BEACHApto. 2306
DESTIN BEACH,Apto. 2307,2S,"82,02",Disponível,"R$ 1.394.985,84","R$ 17.007,87",DESTIN BEACHApto. 2307
DESTIN BEACH,Apto. 2403,2S,"82,11",Disponível,"R$ 1.540.923,04","R$ 18.766,57",DESTIN BEACHApto. 2403
DESTIN BEACH,Apto. 2405,3S,"80,97",Disponível,"R$ 1.394.493,61","R$ 17.222,35",DESTIN BEACHApto. 2405
DESTIN BEACH,Apto. 2406,2S,"113,58",Disponível,"R$ 2.070.606,80","R$ 18.230,38",DESTIN BEACHApto. 2406
DESTIN BEACH,Apto. 2407,3S,"82,02",Disponível,"R$ 1.412.577,09","R$ 17.222,35",DESTIN BEACHApto. 2407
DESTIN BEACH,Apto. 2501,2S,"130,32",Disponível,"R$ 2.795.039,29","R$ 21.447,51",DESTIN BEACHApto. 2501
DESTIN BEACH,Apto. 2502,2S,"130,34",Disponível,"R$ 3.019.105,70","R$ 23.163,31",DESTIN BEACHApto. 2502
DESTIN BEACH,Apto. 2503,2S,"82,11",Disponível,"R$ 1.584.949,42","R$ 19.302,76",DESTIN BEACHApto. 2503
DESTIN BEACH,Apto. 2504,2S,"84,84",Disponível,"R$ 1.768.657,63","R$ 20.846,98",DESTIN BEACHApto. 2504
DESTIN BEACH,Apto. 2505,3S,"80,97",Disponível,"R$ 1.437.908,73","R$ 17.758,54",DESTIN BEACHApto. 2505
DESTIN BEACH,Apto. 2506,2S,"113,58",Disponível,"R$ 2.131.507,00","R$ 18.766,57",DESTIN BEACHApto. 2506
DESTIN BEACH,Apto. 2507,2S,"82,02",Disponível,"R$ 1.456.555,20","R$ 17.758,54",DESTIN BEACHApto. 2507
DESTIN BEACH,Apto. 601,2S,"144,64",Disponível,"R$ 2.326.625,70","R$ 16.085,63",DESTIN BEACHApto. 601
DESTIN BEACH,Apto. 602,2S,"130,34",Disponível,"R$ 2.376.148,00","R$ 18.230,38",DESTIN BEACHApto. 602
DESTIN BEACH,Apto. 604,Sala,"84,84",Disponível,"R$ 1.350.148,10","R$ 15.914,05",DESTIN BEACHApto. 604
DESTIN BEACH,Apto. 605,3S,"80,97",Disponível,"R$ 1.134.002,90","R$ 14.005,22",DESTIN BEACHApto. 605
DESTIN BEACH,Apto. 606,2S,"113,58",Disponível,"R$ 1.680.845,52","R$ 14.798,78",DESTIN BEACHApto. 606
DESTIN BEACH,Apto. 607,3S,"87,53",Disponível,"R$ 1.197.717,66","R$ 13.683,51",DESTIN BEACHApto. 607
DESTIN BEACH,Apto. 701,2S,"130,32",Disponível,"R$ 2.194.105,85","R$ 16.836,29",DESTIN BEACHApto. 701
DESTIN BEACH,Apto. 703,2S,"82,11",Disponível,"R$ 1.276.764,81","R$ 15.549,44",DESTIN BEACHApto. 703
DESTIN BEACH,Apto. 704,2S,"84,84",Disponível,"R$ 1.377.442,21","R$ 16.235,76",DESTIN BEACHApto. 704
DESTIN BEACH,Apto. 705,2S,"80,97",Disponível,"R$ 1.160.051,98","R$ 14.326,94",DESTIN BEACHApto. 705
DESTIN BEACH,Apto. 706,3S,"113,58",Disponível,"R$ 1.717.385,64","R$ 15.120,49",DESTIN BEACHApto. 706
DESTIN BEACH,Apto. 707,2S,"82,02",Disponível,"R$ 1.148.708,39","R$ 14.005,22",DESTIN BEACHApto. 707
DESTIN BEACH,Apto. 801,3S,"130,32",Disponível,"R$ 2.208.081,04","R$ 16.943,53",DESTIN BEACHApto. 801
DESTIN BEACH,Apto. 802,2S,"130,34",Disponível,"R$ 2.432.057,37","R$ 18.659,33",DESTIN BEACHApto. 802
DESTIN BEACH,Apto. 803,2S,"82,11",Disponível,"R$ 1.285.570,09","R$ 15.656,68",DESTIN BEACHApto. 803
DESTIN BEACH,Apto. 804,2S,"84,84",Disponível,"R$ 1.386.540,24","R$ 16.343,00",DESTIN BEACHApto. 804
DESTIN BEACH,Apto. 806,2S,"113,58",Disponível,"R$ 1.729.565,68","R$ 15.227,73",DESTIN BEACHApto. 806
DESTIN BEACH,Apto. 807,3S,"82,02",Disponível,"R$ 1.157.504,02","R$ 14.112,46",DESTIN BEACHApto. 807
DESTIN BEACH,Apto. 903,3S,"82,11",Disponível,"R$ 1.294.375,35","R$ 15.763,92",DESTIN BEACHApto. 903
DESTIN BEACH,Apto. 905,3S,"80,97",Disponível,"R$ 1.177.418,02","R$ 14.541,41",DESTIN BEACHApto. 905
DESTIN BEACH,Apto. 906,Sala,"113,58",Disponível,"R$ 1.741.745,72","R$ 15.334,97",DESTIN BEACHApto. 906
DESTIN BEACH,Apto. 907,Sala,"82,02",Disponível,"R$ 1.166.299,63","R$ 14.219,70",DESTIN BEACHApto. 907
DESTIN BEACH,Box 141,3S,"6,69",Disponível,"R$ 40.476,46","R$ 6.050,29",DESTIN BEACHBox 141
DESTIN BEACH,Box 148,3S,"4,73",Disponível,"R$ 40.476,46","R$ 8.557,39",DESTIN BEACHBox 148
DESTIN BEACH,Vaga de Garagem 03,3S,"14,29",Disponível,"R$ 131.548,49","R$ 9.205,63",DESTIN BEACHVaga de Garagem 03
DESTIN BEACH,Vaga de Garagem 04,2S,"17,88",Disponível,"R$ 141.667,60","R$ 7.923,24",DESTIN BEACHVaga de Garagem 04
DESTIN BEACH,Vaga de Garagem 107,3S,"29,97",Disponível,"R$ 172.024,94","R$ 5.739,90",DESTIN BEACHVaga de Garagem 107
DESTIN BEACH,Vaga de Garagem 145 + Box 149,3S,"18,45",Disponível,"R$ 161.905,83","R$ 8.775,38",DESTIN BEACHVaga de Garagem 145 + Box 149
DESTIN BEACH,Vaga de Garagem 40,3S,"12,75",Disponível,"R$ 141.667,60","R$ 11.111,18",DESTIN BEACHVaga de Garagem 40
DESTIN BEACH,Vaga de Garagem 42,2S,"13,64",Disponível,"R$ 151.786,72","R$ 11.128,06",DESTIN BEACHVaga de Garagem 42
DESTIN BEACH,Vaga de Garagem 43,2S,"13,64",Disponível,"R$ 151.786,72","R$ 11.128,06",DESTIN BEACHVaga de Garagem 43
DESTIN BEACH,Vaga de Garagem 47,2S,"20,54",Disponível,"R$ 161.905,83","R$ 7.882,47",DESTIN BEACHVaga de Garagem 47
DESTIN BEACH,Vaga de Garagem 53,3S,"14,73",Disponível,"R$ 131.548,49","R$ 8.930,65",DESTIN BEACHVaga de Garagem 53
DESTIN BEACH,Vaga de Garagem 73,3S,"29,97",Disponível,"R$ 172.024,94","R$ 5.739,90",DESTIN BEACHVaga de Garagem 73
DESTIN BEACH,Vaga de Garagem 81,3S,"16,13",Disponível,"R$ 141.667,60","R$ 8.782,86",DESTIN BEACHVaga de Garagem 81
DESTIN BEACH,Vaga de Garagem 87,3S,"14,73",Disponível,"R$ 131.548,49","R$ 8.930,65",DESTIN BEACHVaga de Garagem 87
DESTIN BEACH,Sala Com. 01,3S,"64,57",Disponível,"R$ 1.216.845,83","R$ 18.845,37",DESTIN BEACHSala Com. 01
DESTIN BEACH,Sala Com. 02,3S,"53,56",Disponível,"R$ 1.115.913,86","R$ 20.834,84",DESTIN BEACHSala Com. 02
DESTIN BEACH,Sala Com. 03,3S,"47,25",Disponível,"R$ 980.580,09","R$ 20.753,02",DESTIN BEACHSala Com. 03
DESTIN BEACH,Sala Com. 04,3S,"50,9",Disponível,"R$ 1.058.863,49","R$ 20.802,82",DESTIN BEACHSala Com. 04
DESTIN BEACH,Sala Com. 05,3S,"156,98",Disponível,"R$ 3.167.314,41","R$ 20.176,55",DESTIN BEACHSala Com. 05
DESTIN BEACH,Sala Com. 06,3S,"104,02",Disponível,"R$ 2.198.155,13","R$ 21.132,04",DESTIN BEACHSala Com. 06
DOLPHIN BAY,Apto. 502,2S,"119,25",Disponível,"R$ 1.603.754,03","R$ 13.448,67",DOLPHIN BAYApto. 502
DOLPHIN BAY,Apto. 503,2S,"80,68",Disponível,"R$ 1.048.042,88","R$ 12.990,12",DOLPHIN BAYApto. 503
EMERALD COAST,Apto. 1203,2S,"125,54",Disponível,"R$ 2.139.127,07","R$ 17.039,41",EMERALD COASTApto. 1203
EMERALD COAST,Apto. 1303,2S,"125,54",Disponível,"R$ 2.153.528,84","R$ 17.154,12",EMERALD COASTApto. 1303
EMERALD COAST,Apto. 1601,2S,"147,13",Disponível,"R$ 2.968.588,30","R$ 20.176,63",EMERALD COASTApto. 1601
EMERALD COAST,Apto. 2103,2S,"125,54",Disponível,"R$ 2.312.153,93","R$ 18.417,67",EMERALD COASTApto. 2103
EMERALD COAST,Apto. 2401,Sala,"147,13",Disponível,"R$ 3.351.048,30","R$ 22.776,10",EMERALD COASTApto. 2401
EMERALD COAST,Apto. 2402,2S,"145,28",Disponível,"R$ 3.306.957,21","R$ 22.762,65",EMERALD COASTApto. 2402
EMERALD COAST,Apto. 2403,3S,"125,54",Disponível,"R$ 2.355.359,28","R$ 18.761,82",EMERALD COASTApto. 2403
EMERALD COAST,Apto. 501,3S,"147,13",Disponível,"R$ 2.636.743,86","R$ 17.921,18",EMERALD COASTApto. 501
EMERALD COAST,Apto. 502,2S,"145,28",Disponível,"R$ 2.603.973,02","R$ 17.923,82",EMERALD COASTApto. 502
EMERALD COAST,Apto. 503,3S,"151,21",Disponível,"R$ 2.025.383,47","R$ 13.394,51",EMERALD COASTApto. 503
EMERALD COAST,Apto. 504,3S,"152,63",Disponível,"R$ 2.003.638,75","R$ 13.127,42",EMERALD COASTApto. 504
EMERALD COAST,Apto. 603,2S,"125,54",Disponível,"R$ 1.996.561,85","R$ 15.903,79",EMERALD COASTApto. 603
EMERALD COAST,Apto. 701,2S,"147,13",Disponível,"R$ 2.781.624,64","R$ 18.905,90",EMERALD COASTApto. 701
EMERALD COAST,Apto. 702,2S,"145,28",Disponível,"R$ 2.748.038,04","R$ 18.915,46",EMERALD COASTApto. 702
EMERALD COAST,Apto. 803,2S,"125,54",Disponível,"R$ 2.048.029,75","R$ 16.313,76",
FORT MYERS,Cobertura - Apto. 4602,2S,"178,87",Disponível,"R$ 3.720.642,66","R$ 20.800,82",
FORT MYERS,Sky View - Apto. 3301,2S,"133,82",Disponível,"R$ 2.607.461,42","R$ 19.484,84",
FORT MYERS,Sky View - Apto. 3303,3S,"134,83",Disponível,"R$ 2.627.141,13","R$ 19.484,84",
FORT MYERS,Sky View - Apto. 3401,3S,"133,82",Disponível,"R$ 2.620.812,34","R$ 19.584,61",
FORT MYERS,Sky View - Apto. 3501,3S,"133,82",Disponível,"R$ 2.634.163,24","R$ 19.684,38",
FORT MYERS,Sky View - Apto. 3503,2S,"134,83",Disponível,"R$ 2.654.044,49","R$ 19.684,38",
FORT MYERS,Sky View - Apto. 3701,3S,"133,82",Disponível,"R$ 2.660.865,10","R$ 19.883,91",
FORT MYERS,Sky View - Apto. 3703,3S,"134,83",Disponível,"R$ 2.680.947,84","R$ 19.883,91",
FORT MYERS,Sky View - Apto. 3801,3S,"133,82",Disponível,"R$ 2.674.215,99","R$ 19.983,68",
FORT MYERS,Sky View - Apto. 3803,2S,"134,83",Disponível,"R$ 2.694.399,53","R$ 19.983,68",
FORT MYERS,Sky View - Apto. 3901,2S,"133,82",Disponível,"R$ 2.687.566,92","R$ 20.083,45",
FORT MYERS,Sky View - Apto. 3903,2S,"134,83",Disponível,"R$ 2.707.851,21","R$ 20.083,45",
FORT MYERS,Sky View - Apto. 4003,3S,"134,83",Disponível,"R$ 2.721.302,87","R$ 20.183,21",
FORT MYERS,Sky View - Apto. 4101,2S,"133,82",Disponível,"R$ 2.714.268,77","R$ 20.282,98",
FORT MYERS,Sky View - Apto. 4103,3S,"134,83",Disponível,"R$ 2.734.754,57","R$ 20.282,98",
FORT MYERS,Sky View - Apto. 4201,3S,"133,82",Disponível,"R$ 2.727.619,66","R$ 20.382,75",
FORT MYERS,Sky View - Apto. 4203,Sala,"134,83",Disponível,"R$ 2.748.206,26","R$ 20.382,75",
FORT MYERS,Sky View - Apto. 4301,3S,"133,82",Disponível,"R$ 2.740.970,59","R$ 20.482,52",
FORT MYERS,Sky View - Apto. 4303,3S,"134,83",Disponível,"R$ 2.761.657,95","R$ 20.482,52",
FORT MYERS,Sky View - Apto. 4401,3S,"133,82",Disponível,"R$ 2.754.321,49","R$ 20.582,29",
FORT MYERS,Sky View - Apto. 4501,2S,"133,82",Disponível,"R$ 2.767.672,42","R$ 20.682,05",
FORT MYERS,Tipo - Apto. 1101,3S,"128,73",Disponível,"R$ 2.192.353,47","R$ 17.030,63",
FORT MYERS,Tipo - Apto. 1301,3S,"128,73",Disponível,"R$ 2.250.363,53","R$ 17.481,27",
FORT MYERS,Tipo - Apto. 2404,2S,"85,88",Disponível,"R$ 1.342.994,96","R$ 15.638,04",
FORT MYERS,Tipo - Apto. 2601,2S,"128,73",Disponível,"R$ 2.460.458,76","R$ 19.113,33",
FORT MYERS,Tipo - Apto. 2602,3S,"88,28",Disponível,"R$ 1.840.327,05","R$ 20.846,48",
FORT MYERS,Tipo - Apto. 2605,2S,"85,24",Disponível,"R$ 1.248.805,30","R$ 14.650,46",
FORT MYERS,Tipo - Apto. 2702,3S,"88,28",Disponível,"R$ 1.852.839,13","R$ 20.988,21",
FORT MYERS,Tipo - Apto. 2703,2S,"124,25",Disponível,"R$ 2.398.245,58","R$ 19.301,78",
FORT MYERS,Tipo - Apto. 2705,2S,"85,24",Disponível,"R$ 1.257.303,33","R$ 14.750,16",
FORT MYERS,Tipo - Apto. 2805,2S,"85,24",Disponível,"R$ 1.265.801,39","R$ 14.849,85",
FORT MYERS,Tipo - Apto. 2901,3S,"128,73",Disponível,"R$ 2.533.235,09","R$ 19.678,67",
FORT MYERS,Tipo - Apto. 2905,3S,"85,24",Disponível,"R$ 1.274.299,42","R$ 14.949,55",
FORT MYERS,Tipo - Apto. 3003,Sala,"124,25",Disponível,"R$ 2.468.489,15","R$ 19.867,12",
FORT MYERS,Tipo - Apto. 3005,2S,"85,24",Disponível,"R$ 1.282.797,48","R$ 15.049,24",
FORT MYERS,Tipo - Apto. 3101,3S,"128,73",Disponível,"R$ 2.470.576,69","R$ 19.191,93",
FORT MYERS,Tipo - Apto. 503,2S,"124,25",Disponível,"R$ 1.972.361,38","R$ 15.874,14",
FORT MYERS,Tipo - Apto. 601,2S,"128,73",Disponível,"R$ 2.093.674,58","R$ 16.264,08",
FORT MYERS,Tipo - Apto. 603,2S,"124,25",Disponível,"R$ 2.020.811,50","R$ 16.264,08",
FORT MYERS,Tipo - Apto. 604,Sala,"85,88",Disponível,"R$ 1.176.223,23","R$ 13.696,13",
FORT MYERS,Tipo - Apto. 605,3S,"85,24",Disponível,"R$ 1.087.342,44","R$ 12.756,25",
FORT MYERS,Tipo - Apto. 701,2S,"128,73",Disponível,"R$ 2.109.350,45","R$ 16.385,85",
FORT MYERS,Tipo - Apto. 703,3S,"124,25",Disponível,"R$ 2.035.941,83","R$ 16.385,85",
FORT MYERS,Tipo - Apto. 705,2S,"85,24",Disponível,"R$ 1.087.342,44","R$ 12.756,25",
FORT MYERS,Tipo - Apto. 805,3S,"85,24",Disponível,"R$ 1.095.840,50","R$ 12.855,94",
FORT MYERS,Tipo - Apto. 903,2S,"124,25",Disponível,"R$ 2.085.512,77","R$ 16.784,81",
GOLD COAST,Apto. 1402 N,Sala,"237,77",Disponível,"R$ 6.276.456,77","R$ 26.397,18",
GOLD COAST,Apto. 602 N,2S,"144,06",Disponível,"R$ 2.534.380,94","R$ 17.592,54",
GOLD COAST,Apto. 603 N,3S,"125,03",Disponível,"R$ 2.127.669,42","R$ 17.017,27",
GOLD COAST,Apto. 803 N,Sala,"125,03",Disponível,"R$ 2.189.830,72","R$ 17.514,44",
GOLD COAST,Apto. 703 S,2S,"125,03",Disponível,"R$ 1.905.012,61","R$ 15.236,44",
GOLD COAST,Apto. 803 S,3S,"125,03",Disponível,"R$ 1.952.539,87","R$ 15.616,57",
OCEAN PARK,Apto 1103 N,Sala,"78,91",Disponível,"R$ 1.273.486,60","R$ 16.138,47",
OCEAN PARK,Apto 1702 S,3S,"121,37",Disponível,"R$ 2.182.358,37","R$ 17.981,04",
OCEAN PARK,Apto 2505 S,2S,"80,91",Disponível,"R$ 1.362.169,40","R$ 16.835,61",
OCEAN PARK,Apto 504 S,3S,"82,29",Disponível,"R$ 1.246.791,88","R$ 15.151,20",
PARADISE BAY,Apto 1002,3S,"122,21",Disponível,"R$ 1.994.659,65","R$ 16.321,57",
PARADISE BAY,Apto 1401,3S,"123,48",Disponível,"R$ 2.034.495,75","R$ 16.476,32",
PARADISE BAY,Apto 1804,3S,"79,9",Disponível,"R$ 1.306.860,35","R$ 16.356,20",
PARADISE BAY,Apto 501,2S,"172,93",Disponível,"R$ 2.264.941,08","R$ 13.097,44",
PARADISE BAY,Apto 506,2S,"99,88",Disponível,"R$ 1.075.188,94","R$ 10.764,81",
ROYAL BAY,Apto. 1001,2S,"191,67",Disponível,"R$ 3.570.275,33","R$ 18.627,20",
ROYAL BAY,Apto. 2303,Garden,"236,05",Disponível,"R$ 4.447.652,96","R$ 18.842,00",
ROYAL BAY,Apto. 3702,2S,"252,81",Disponível,"R$ 5.055.549,47","R$ 19.997,43",
ROYAL BAY,Apto. 4002,2S,"271,21",Disponível,"R$ 5.951.079,55","R$ 21.942,70",
ROYAL BAY,Apto. 601,Sala,"187,22",Disponível,"R$ 2.453.775,69","R$ 13.106,38",
ROYAL BAY,Apto. 602,2S,"176,5",Disponível,"R$ 2.674.073,52","R$ 15.150,56",
ROYAL BAY,Apto. 603,2S,"172,36",Disponível,"R$ 2.259.014,84","R$ 13.106,38",
ROYAL BAY,Apto. 801,3S,"191,67",Disponível,"R$ 3.465.529,74","R$ 18.080,71",
SOUTH BEACH TOWER,Apartamento1002,2S,"129,5",Disponível,"R$ 2.861.618,55","R$ 22.097,44",
SOUTH BEACH TOWER,Apartamento1102,2S,"129,5",Disponível,"R$ 3.420.887,35","R$ 26.416,12",
TROPICAL BEACH,Apto. 1101,3S,"110,25",Disponível,"R$ 1.690.301,15","R$ 15.331,53",
TROPICAL BEACH,Apto. 1301,3S,"110,25",Disponível,"R$ 1.726.177,16","R$ 15.656,94",
TROPICAL BEACH,Apto. 1401,2S,"110,25",Disponível,"R$ 1.750.033,92","R$ 15.873,32",
TROPICAL BEACH,Apto. 1501,3S,"110,25",Disponível,"R$ 1.840.454,52","R$ 16.693,46",
TROPICAL BEACH,Apto. 1601,2S,"110,25",Disponível,"R$ 1.864.003,82","R$ 16.907,06",
TROPICAL BEACH,Apto. 1705,2S,"82,76",Disponível,"R$ 1.168.146,49","R$ 14.114,87",
TROPICAL BEACH,Apto. 501,3S,"123,76",Disponível,"R$ 1.608.663,07","R$ 12.998,25",
TROPICAL BEACH,Sala Com. 01,3S,"103,45",Disponível,"R$ 1.719.510,36","R$ 16.621,66",
TROPICAL BEACH,Sala Com. 02,2S,"97,16",Disponível,"R$ 1.719.510,36","R$ 17.697,72",
TROPICAL BEACH,Sala Com. 03,3S,"89,29",Disponível,"R$ 1.719.510,36","R$ 19.257,59",
BAL HARBOUR,Apto. 2202,3S,"144,61",Disponível,"R$ 3.465.671,67","R$ 23.965,64",
DESTIN BEACH,Apto. 1806,2S,"113,58",Disponível,"R$ 1.918.423,09","R$ 16.890,50",
FORT MYERS,Sky View - Apto. 4403,3S,"134,83",Disponível,"R$ 2.775.109,61","R$ 20.582,29",
FORT MYERS,Tipo - Apto. 1004,2S,"85,88",Disponível,"R$ 1.213.283,61","R$ 14.127,66",
FORT MYERS,Tipo - Apto. 1404,2S,"85,88",Disponível,"R$ 1.377.986,00","R$ 16.045,48",
FORT MYERS,Tipo - Apto. 704,2S,"85,88",Disponível,"R$ 1.185.488,36","R$ 13.804,01",
OCEAN PARK,Apto 1005 N,2S,"79,69",Disponível,"R$ 1.286.074,58","R$ 16.138,47",
KEY WEST,Apto 1003,2S,"95,93",Vendida,"R$ 441.056,00","R$ 4.597,69",
KEY WEST,Apto 1101,2S,"125,88",Vendida,"R$ 606.452,00","R$ 4.817,70",
KEY WEST,Apto 1301,2S,"125,88",Vendida,"R$ 666.771,42","R$ 5.296,88",
KEY WEST,Apto 901,2S,"125,88",Vendida,"R$ 629.507,20","R$ 5.000,85",
KEY WEST,Apto 1302,2S,"122,96",Vendida,"R$ 655.719,96","R$ 5.332,79",
KEY WEST,Apto 603,2S,"95,93",Vendida,"R$ 413.991,08","R$ 4.315,55",
KEY WEST,Apto 701,2S,"125,88",Vendida,"R$ 618.981,92","R$ 4.917,24",
KEY WEST,Apto 1001,3S,"125,88",Vendida,"R$ 653.974,64","R$ 5.195,22",
KEY WEST,Apto 503,2S,"95,93",Vendida,"R$ 405.824,01","R$ 4.230,42",
KEY WEST,Apto 702,2S,"122,96",Vendida,"R$ 631.512,00","R$ 5.135,91",
KEY WEST,Apto 1501,2S,"125,88",Vendida,"R$ 696.523,89","R$ 5.533,24",
KEY WEST,Apto 903,3S,"95,93",Vendida,"R$ 438.900,96","R$ 4.575,22",
KEY WEST,Apto 802,3S,"122,96",Vendida,"R$ 632.281,14","R$ 5.142,17",
KEY WEST,Apto 803,2S,"95,93",Vendida,"R$ 457.572,30","R$ 4.769,86",
KEY WEST,Apto 703,2S,"95,93",Vendida,"R$ 467.662,10","R$ 4.875,03",
KEY WEST,Apto 801,3S,"125,88",Vendida,"R$ 661.584,00","R$ 5.255,67",
KEY WEST,Apto 902,2S,"122,96",Vendida,"R$ 676.620,00","R$ 5.502,77",
KEY WEST,Apto 403,3S,"95,93",Vendida,"R$ 395.948,00","R$ 4.127,47",
KEY WEST,Apto 602,2S,"122,96",Vendida,"R$ 621.487,92","R$ 5.054,39",
KEY WEST,Apto 1103,Garden,"95,93",Vendida,"R$ 451.079,96","R$ 4.702,18",
KEY WEST,Apto 502,2S,"122,96",Vendida,"R$ 664.236,81","R$ 5.402,06",
KEY WEST,Apto 501,2S,"125,88",Vendida,"R$ 690.653,60","R$ 5.486,60",
KEY WEST,Apto 1702,2S,"122,96",Vendida,"R$ 781.489,87","R$ 6.355,64",
KEY WEST,Apto 601,2S,"125,88",Vendida,"R$ 705.395,09","R$ 5.603,71",
KEY WEST,Apto 1701,2S,"125,88",Vendida,"R$ 751.799,88","R$ 5.972,35",
KEY WEST,Apto 1203,2S,"95,93",Vendida,"R$ 525.243,21","R$ 5.475,28",
KEY WEST,Apto 401,2S,"125,88",Vendida,"R$ 567.062,20","R$ 4.504,78",
KEY WEST,Apto 1201,3S,"125,88",Vendida,"R$ 777.067,26","R$ 6.173,08",
KEY WEST,Apto 1002,2S,"122,96",Vendida,"R$ 766.836,20","R$ 6.236,47",
KEY WEST,Apto 1401,2S,"125,88",Vendida,"R$ 763.816,77","R$ 6.067,82",
KEY WEST,Apto 402,3S,"122,96",Vendida,"R$ 638.528,80","R$ 5.192,98",
ATLANTIC,Apto 1203,2S,"100,53",Vendida,"R$ 548.206,56","R$ 5.453,16",
ATLANTIC,Apto 1101,3S,"119,77",Vendida,"R$ 651.560,14","R$ 5.440,09",
ATLANTIC,Apto 1502,3S,"78,63",Vendida,"R$ 459.672,63","R$ 5.846,02",
ATLANTIC,Apto 1001,3S,"119,77",Vendida,"R$ 659.108,21","R$ 5.503,12",
ATLANTIC,Apto 602,2S,"78,63",Vendida,"R$ 384.381,43","R$ 4.888,48",
ATLANTIC,Apto 801,2S,"119,77",Vendida,"R$ 641.936,53","R$ 5.359,74",
ATLANTIC,Apto 402,2S,"78,63",Vendida,"R$ 371.890,40","R$ 4.729,62",
ATLANTIC,Apto 802,Garden,"78,63",Vendida,"R$ 410.984,00","R$ 5.226,81",
ATLANTIC,Apto 901,2S,"119,77",Vendida,"R$ 652.316,44","R$ 5.446,41",
ATLANTIC,Apto 1501,2S,"119,77",Vendida,"R$ 705.867,03","R$ 5.893,52",
KEY WEST,Apto 1802,2S,"122,96",Vendida,"R$ 781.872,00","R$ 6.358,75",
ATLANTIC,Apto 1402,3S,"78,63",Vendida,"R$ 456.048,81","R$ 5.799,93",
ATLANTIC,Apto 504,2S,"174,14",Vendida,"R$ 771.848,00","R$ 4.432,34",
ATLANTIC,Apto 502,2S,"78,63",Vendida,"R$ 406.585,09","R$ 5.170,86",
ATLANTIC,Sala com. 03,2S,"32,39",Vendida,"R$ 227.677,30","R$ 7.029,25",
ATLANTIC,Apto 1301,2S,"119,77",Vendida,"R$ 713.367,98","R$ 5.956,15",
ATLANTIC,Apto 1903,2S,"100,53",Vendida,"R$ 628.086,80","R$ 6.247,75",
KEY WEST,Apto 1402,2S,"122,96",Vendida,"R$ 836.863,66","R$ 6.805,98",
ATLANTIC,Apto 703,2S,"100,53",Vendida,"R$ 538.918,37","R$ 5.360,77",
ATLANTIC,Apto 1901,2S,"119,77",Vendida,"R$ 817.223,71","R$ 6.823,28",
ATLANTIC,Apto 702,Garden,"78,63",Vendida,"R$ 443.990,50","R$ 5.646,58",
PALM BEACH,Apto 1501,Sala,"128,28",Vendida,"R$ 798.784,49","R$ 6.226,88",
PALM BEACH,Apto 1002,2S,"129,13",Vendida,"R$ 701.680,00","R$ 5.433,90",
PALM BEACH,Apto 1401,2S,"128,28",Vendida,"R$ 827.527,39","R$ 6.450,95",
PALM BEACH,Apto 501,2S,"128,28",Vendida,"R$ 653.109,79","R$ 5.091,28",
PALM BEACH,Apto 1701,2S,"128,28",Vendida,"R$ 765.418,64","R$ 5.966,78",
PALM BEACH,Apto 1001,2S,"128,28",Vendida,"R$ 712.255,32","R$ 5.552,35",
PALM BEACH,Apto 801,3S,"128,28",Vendida,"R$ 700.278,89","R$ 5.458,99",
ATLANTIC,Apto 1603,2S,"100,53",Vendida,"R$ 571.990,12","R$ 5.689,75",
PALM BEACH,Apto 601,2S,"128,28",Vendida,"R$ 680.767,82","R$ 5.306,89",
PALM BEACH,Apto 901,3S,"128,28",Vendida,"R$ 710.885,09","R$ 5.541,67",
ATLANTIC,Apto 803,2S,"100,53",Vendida,"R$ 471.131,21","R$ 4.686,47",
PALM BEACH,Apto 1201,2S,"128,28",Vendida,"R$ 731.752,05","R$ 5.704,33",
PALM BEACH,Apto 701,2S,"128,28",Vendida,"R$ 690.548,79","R$ 5.383,14",
PALM BEACH,Apto 1802,2S,"129,13",Vendida,"R$ 818.960,80","R$ 6.342,14",
ATLANTIC,Apto 903,2S,"100,53",Vendida,"R$ 556.569,56","R$ 5.536,35",
PALM BEACH,Apto 1502,3S,"129,13",Vendida,"R$ 769.342,00","R$ 5.957,89",
PALM BEACH,Apto 1301,3S,"128,28",Vendida,"R$ 788.888,75","R$ 6.149,74",
PALM BEACH,Apto 902,2S,"129,13",Vendida,"R$ 706.019,54","R$ 5.467,51",
PALM BEACH,Apto 1302,2S,"129,13",Vendida,"R$ 829.627,32","R$ 6.424,74",
PALM BEACH,Apto 802,3S,"129,13",Vendida,"R$ 719.762,02","R$ 5.573,93",
PALM BEACH,Apto 603,2S,"132,06",Vendida,"R$ 659.994,02","R$ 4.997,68",
KEY WEST,Apto 1801,3S,"125,88",Vendida,"R$ 1.021.445,60","R$ 8.114,44",
ATLANTIC,Apto 1902,2S,"78,63",Vendida,"R$ 533.344,11","R$ 6.782,96",
PALM BEACH,Apto 903,3S,"132,06",Vendida,"R$ 692.045,27","R$ 5.240,39",
ATLANTIC,Apto 1303,3S,"100,53",Vendida,"R$ 591.593,39","R$ 5.884,74",
KEY WEST,Apto 1303,3S,"95,93",Vendida,"R$ 623.492,80","R$ 6.499,46",
ATLANTIC,Apto 1802,Garden,"78,63",Vendida,"R$ 529.097,67","R$ 6.728,95",
ATLANTIC,Apto 1401,3S,"119,77",Vendida,"R$ 817.016,24","R$ 6.821,54",
KEY WEST,Apto 1502,2S,"122,96",Vendida,"R$ 972.328,00","R$ 7.907,68",
ATLANTIC,Apto 1403,2S,"100,53",Vendida,"R$ 603.687,03","R$ 6.005,04",
KEY WEST,Apto 1503,3S,"95,93",Vendida,"R$ 651.560,00","R$ 6.792,04",
PALM BEACH,Apto 602,2S,"129,13",Vendida,"R$ 729.747,20","R$ 5.651,26",
PALM BEACH,Apto 1003,3S,"132,06",Vendida,"R$ 725.165,60","R$ 5.491,18",
PALM BEACH,Apto 502,2S,"129,13",Vendida,"R$ 693.660,80","R$ 5.371,80",
ATLANTIC,Apto 1003,2S,"100,53",Vendida,"R$ 561.344,00","R$ 5.583,85",
PALM BEACH,Apto 401,2S,"128,28",Vendida,"R$ 681.670,83","R$ 5.313,93",
ATLANTIC,Apto 1601,3S,"119,77",Vendida,"R$ 864.797,62","R$ 7.220,49",
ATLANTIC,Apto 1602,2S,"78,63",Vendida,"R$ 530.124,43","R$ 6.742,01",
PALM BEACH,Apto 1702,3S,"129,13",Vendida,"R$ 1.027.460,00","R$ 7.956,79",
KEY WEST,Apto 1601,2S,"125,88",Vendida,"R$ 1.202.880,00","R$ 9.555,77",
ATLANTIC,Apto 1002,2S,"78,63",Vendida,"R$ 481.152,00","R$ 6.119,19",
PALM BEACH,Apto 402,3S,"129,13",Vendida,"R$ 688.301,14","R$ 5.330,30",
ATLANTIC,Apto 1803,2S,"100,53",Vendida,"R$ 630.509,60","R$ 6.271,86",
ATLANTIC,Apto 503,3S,"100,53",Vendida,"R$ 533.276,80","R$ 5.304,65",
PALM BEACH,Apto 702,3S,"129,13",Vendida,"R$ 811.944,00","R$ 6.287,80",
ATLANTIC,Apto 601,2S,"119,77",Vendida,"R$ 786.869,87","R$ 6.569,84",
PALM BEACH,Apto 803,2S,"132,06",Vendida,"R$ 701.680,15","R$ 5.313,34",
ATLANTIC,Apto 1701,2S,"119,77",Vendida,"R$ 879.311,09","R$ 7.341,66",
SOUTH BEACH TOWER,Apartamento 402,2S,"129,5",Vendida,"R$ 849.032,80","R$ 6.556,24",
SOUTH BEACH TOWER,Apartamento 703,2S,"79,02",Vendida,"R$ 365.876,00","R$ 4.630,17",
SOUTH BEACH TOWER,Apartamento1003,3S,"79,02",Vendida,"R$ 404.957,07","R$ 5.124,74",
SOUTH BEACH TOWER,Apartamento1901,2S,"127,82",Vendida,"R$ 994.529,01","R$ 7.780,70",
SOUTH BEACH TOWER,Apartamento1902,3S,"129,5",Vendida,"R$ 974.835,34","R$ 7.527,69",
SOUTH BEACH TOWER,Apartamento 603,2S,"79,02",Vendida,"R$ 360.864,55","R$ 4.566,75",
SOUTH BEACH TOWER,Apartamento1103,2S,"79,02",Vendida,"R$ 402.463,95","R$ 5.093,19",
SOUTH BEACH TOWER,Apartamento 903,3S,"79,02",Vendida,"R$ 380.912,00","R$ 4.820,45",
SOUTH BEACH TOWER,Apartamento 503,3S,"79,02",Vendida,"R$ 350.840,00","R$ 4.439,89",
SOUTH BEACH TOWER,Apartamento 901,Sala,"127,82",Vendida,"R$ 798.110,88","R$ 6.244,02",
SOUTH BEACH TOWER,Apartamento1203,2S,"79,02",Vendida,"R$ 403.466,00","R$ 5.105,87",
SOUTH BEACH TOWER,Apartamento1403,2S,"79,02",Vendida,"R$ 411.494,98","R$ 5.207,48",
SOUTH BEACH TOWER,Apartamento1603,2S,"79,02",Vendida,"R$ 446.068,00","R$ 5.645,00",
SOUTH BEACH TOWER,Apartamento1803,2S,"79,02",Vendida,"R$ 515.233,60","R$ 6.520,29",
ATLANTIC,Apto 403,2S,"100,53",Vendida,"R$ 540.293,60","R$ 5.374,45",
SOUTH BEACH TOWER,Apartamento1302,3S,"129,5",Vendida,"R$ 859.307,40","R$ 6.635,58",
SOUTH BEACH TOWER,Apartamento 803,2S,"79,02",Vendida,"R$ 399.531,58","R$ 5.056,08",
KEY WEST,Apto 1902,2S,"122,96",Vendida,"R$ 1.202.880,00","R$ 9.782,69",
PALM BEACH,Apto 403,2S,"132,06",Vendida,"R$ 641.957,72","R$ 4.861,11",
SOUTH BEACH TOWER,Apartamento 602,2S,"129,5",Vendida,"R$ 748.015,89","R$ 5.776,18",
SOUTH BEACH TOWER,Apartamento 802,2S,"129,5",Vendida,"R$ 767.537,98","R$ 5.926,93",
SOUTH BEACH TOWER,Apartamento 902,Sala,"129,5",Vendida,"R$ 816.163,30","R$ 6.302,42",
SOUTH BEACH TOWER,Apartamento1303,3S,"79,02",Vendida,"R$ 410.984,00","R$ 5.201,01",
SOUTH BEACH TOWER,Apartamento 702,2S,"129,5",Vendida,"R$ 757.777,11","R$ 5.851,56",
SOUTH BEACH TOWER,Apartamento1401,2S,"127,82",Vendida,"R$ 883.463,24","R$ 6.911,78",
SOUTH BEACH TOWER,Apartamento1001,2S,"127,82",Vendida,"R$ 831.992,00","R$ 6.509,09",
SOUTH BEACH TOWER,Apartamento1601,Garden,"127,82",Vendida,"R$ 936.630,08","R$ 7.327,73",
PALM BEACH,Apto 1602,2S,"129,13",Vendida,"R$ 1.007.076,50","R$ 7.798,94",
PALM BEACH,Apto 1103,2S,"132,06",Vendida,"R$ 761.824,04","R$ 5.768,77",
PALM BEACH,Apto 1203,3S,"132,06",Vendida,"R$ 782.321,08","R$ 5.923,98",
SOUTH BEACH TOWER,Apartamento1201,2S,"127,82",Vendida,"R$ 862.092,07","R$ 6.744,58",
SOUTH BEACH TOWER,Apartamento1301,2S,"127,82",Vendida,"R$ 896.911,69","R$ 7.016,99",
SOUTH BEACH TOWER,Apartamento1501,3S,"127,82",Vendida,"R$ 935.211,36","R$ 7.316,63",
ATLANTIC,Apto 1302,2S,"78,63",Vendida,"R$ 512.036,71","R$ 6.511,98",
PALM BEACH,Apto 1303,Sala,"132,06",Vendida,"R$ 793.197,12","R$ 6.006,34",
SOUTH BEACH TOWER,Apartamento 401,2S,"127,82",Vendida,"R$ 749.925,75","R$ 5.867,05",
SOUTH BEACH TOWER,Apartamento 801,3S,"127,82",Vendida,"R$ 884.106,86","R$ 6.916,81",
ATLANTIC,Apto 1702,2S,"78,63",Vendida,"R$ 542.334,74","R$ 6.897,30",
SOUTH BEACH TOWER,Apartamento 701,2S,"127,82",Vendida,"R$ 831.025,21","R$ 6.501,53",
SOUTH BEACH TOWER,Apartamento1101,2S,"127,82",Vendida,"R$ 874.949,45","R$ 6.845,17",
SOUTH BEACH TOWER,Apartamento 601,2S,"127,82",Vendida,"R$ 861.045,26","R$ 6.736,39",
ATLANTIC,Apto 1703,2S,"100,53",Vendida,"R$ 676.620,00","R$ 6.730,53",
SOUTH BEACH TOWER,Apartamento1903,2S,"79,02",Vendida,"R$ 545.506,08","R$ 6.903,39",
SOUTH BEACH TOWER,Apartamento 501,2S,"127,82",Vendida,"R$ 851.101,29","R$ 6.658,59",
ATLANTIC,Apto 1202,2S,"78,63",Vendida,"R$ 555.943,14","R$ 7.070,37",
SOUTH BEACH TOWER,Apartamento1602,2S,"129,5",Vendida,"R$ 1.083.843,24","R$ 8.369,45",
SOUTH BEACH TOWER,Apartamento1701,2S,"127,82",Vendida,"R$ 1.045.640,90","R$ 8.180,57",
SOUTH BEACH TOWER,Apartamento1702,2S,"129,5",Vendida,"R$ 1.104.911,47","R$ 8.532,13",
ATLANTIC,Apto 1102,2S,"78,63",Vendida,"R$ 535.281,60","R$ 6.807,60",
PALM BEACH,Apto 1503,2S,"132,06",Vendida,"R$ 857.435,68","R$ 6.492,77",
ATLANTIC,Apto 1103,2S,"100,53",Vendida,"R$ 631.111,04","R$ 6.277,84",
ATLANTIC,Apto 902,2S,"78,63",Vendida,"R$ 558.425,01","R$ 7.101,93",
PALM BEACH,Apto 1402,2S,"129,13",Vendida,"R$ 984.113,22","R$ 7.621,10",
SOUTH BEACH TOWER,Apartamento1801,2S,"127,82",Vendida,"R$ 1.138.554,48","R$ 8.907,48",
SOUTH BEACH TOWER,Apartamento 502,2S,"129,5",Vendida,"R$ 940.359,89","R$ 7.261,47",
PALM SPRINGS,Apartamento 601,2S,"142,41",Vendida,"R$ 1.077.680,24","R$ 7.567,45",
PALM SPRINGS,Apartamento1002,2S,"140,3",Vendida,"R$ 1.220.522,24","R$ 8.699,37",
PALM SPRINGS,Apartamento1702,2S,"140,3",Vendida,"R$ 1.669.497,20","R$ 11.899,48",
KEY WEST,Apto 1202,2S,"122,96",Vendida,"R$ 902.160,00","R$ 7.337,02",
PALM SPRINGS,Apartamento1301,2S,"142,41",Vendida,"R$ 1.447.064,64","R$ 10.161,26",
PALM SPRINGS,Apartamento 701,2S,"142,41",Vendida,"R$ 1.173.409,44","R$ 8.239,66",
PALM SPRINGS,Apartamento1101,2S,"142,41",Vendida,"R$ 1.307.915,41","R$ 9.184,15",
PALM SPRINGS,Apartamento 901,2S,"142,41",Vendida,"R$ 1.214.507,84","R$ 8.528,25",
PALM SPRINGS,Apartamento1501,2S,"142,41",Vendida,"R$ 1.517.733,84","R$ 10.657,49",
SOUTH BEACH TOWER,Apartamento 403,3S,"79,02",Vendida,"R$ 672.252,98","R$ 8.507,38",
PALM SPRINGS,Apartamento 801,2S,"142,41",Vendida,"R$ 1.217.916,05","R$ 8.552,18",
PALM SPRINGS,Apartamento 802,2S,"140,3",Vendida,"R$ 1.122.688,00","R$ 8.002,05",
PALM SPRINGS,Apartamento 702,Sala,"140,3",Vendida,"R$ 1.083.694,64","R$ 7.724,12",
PALM SPRINGS,Apartamento1102,2S,"140,3",Vendida,"R$ 1.293.096,00","R$ 9.216,65",
SUNSET TOWER,Apartamento1004,2S,"79,13",Vendida,"R$ 451.831,80","R$ 5.709,99",
SUNSET TOWER,Apartamento 904,3S,"79,13",Vendida,"R$ 443.562,00","R$ 5.605,48",
SUNSET TOWER,Apartamento1304,2S,"79,13",Vendida,"R$ 501.200,00","R$ 6.333,88",
SUNSET TOWER,Apartamento1901,2S,"126,57",Vendida,"R$ 1.192.855,80","R$ 9.424,47",
SUNSET TOWER,Apartamento1904,Garden,"79,13",Vendida,"R$ 598.833,76","R$ 7.567,72",
SUNSET TOWER,Apartamento1204,2S,"79,13",Vendida,"R$ 491.682,21","R$ 6.213,60",
SUNSET TOWER,Apartamento1604,2S,"79,13",Vendida,"R$ 531.272,00","R$ 6.713,91",
SUNSET TOWER,Apartamento 704,2S,"79,13",Vendida,"R$ 427.022,40","R$ 5.396,47",
SUNSET TOWER,Apartamento1701,3S,"126,57",Vendida,"R$ 1.117.676,00","R$ 8.830,50",
PALM SPRINGS,Apartamento 803,2S,"137,47",Vendida,"R$ 1.733.237,69","R$ 12.608,12",
PALM SPRINGS,Apartamento 903,2S,"137,47",Vendida,"R$ 1.733.237,69","R$ 12.608,12",
SUNSET TOWER,Apartamento1203,2S,"79,13",Vendida,"R$ 491.682,22","R$ 6.213,60",
SUNSET TOWER,Apartamento1104,Garden,"79,13",Vendida,"R$ 460.101,60","R$ 5.814,50",
PALM SPRINGS,Apartamento1602,3S,"140,3",Vendida,"R$ 1.558.832,24","R$ 11.110,71",
SUNSET TOWER,Apartamento 503,2S,"79,13",Vendida,"R$ 378.240,10","R$ 4.779,98",
SUNSET TOWER,Apartamento1801,3S,"126,57",Vendida,"R$ 1.152.760,00","R$ 9.107,69",
SUNSET TOWER,Apartamento 404,3S,"94,07",Vendida,"R$ 454.488,16","R$ 4.831,38",
SUNSET TOWER,Apartamento 504,Garden,"79,13",Vendida,"R$ 378.245,62","R$ 4.780,05",
SUNSET TOWER,Apartamento1503,2S,"79,13",Vendida,"R$ 533.632,65","R$ 6.743,75",
SUNSET TOWER,Apartamento1504,2S,"79,13",Vendida,"R$ 533.632,65","R$ 6.743,75",
SUNSET TOWER,Apartamento 901,2S,"126,57",Vendida,"R$ 872.731,99","R$ 6.895,25",
PALM SPRINGS,Apartamento1001,3S,"142,41",Vendida,"R$ 1.396.635,90","R$ 9.807,15",
SUNSET TOWER,Apartamento1804,2S,"79,13",Vendida,"R$ 595.234,70","R$ 7.522,24",
SUNSET TOWER,Apartamento 804,2S,"79,13",Vendida,"R$ 442.512,96","R$ 5.592,23",
SUNSET TOWER,Apartamento1404,2S,"79,13",Vendida,"R$ 528.269,27","R$ 6.675,97",
PALM SPRINGS,Apartamento 602,2S,"140,3",Vendida,"R$ 1.098.939,17","R$ 7.832,78",
PALM SPRINGS,Apartamento1201,2S,"142,41",Vendida,"R$ 1.430.552,24","R$ 10.045,31",
SUNSET TOWER,Apartamento 604,2S,"79,13",Vendida,"R$ 425.698,99","R$ 5.379,74",
SUNSET TOWER,Apartamento 903,2S,"79,13",Vendida,"R$ 450.919,94","R$ 5.698,47",
SUNSET TOWER,Apartamento1103,Sala,"79,13",Vendida,"R$ 467.733,90","R$ 5.910,96",
SUNSET TOWER,Apartamento1403,2S,"79,13",Vendida,"R$ 528.269,27","R$ 6.675,97",
SUNSET TOWER,Apartamento 603,2S,"79,13",Vendida,"R$ 425.698,99","R$ 5.379,74",
SUNSET TOWER,Apartamento 701,2S,"126,57",Vendida,"R$ 831.992,00","R$ 6.573,37",
SUNSET TOWER,Apartamento1303,2S,"79,13",Vendida,"R$ 511.224,00","R$ 6.460,56",
SUNSET TOWER,Apartamento1601,2S,"126,57",Vendida,"R$ 1.089.653,82","R$ 8.609,10",
SUNSET TOWER,Apartamento1003,3S,"79,13",Vendida,"R$ 437.156,29","R$ 5.524,53",
SUNSET TOWER,Apartamento 403,3S,"88,31",Vendida,"R$ 443.575,11","R$ 5.022,93",
SUNSET TOWER,Apartamento 703,2S,"79,13",Vendida,"R$ 430.029,60","R$ 5.434,47",
SUNSET TOWER,Apartamento 801,2S,"126,57",Vendida,"R$ 854.107,88","R$ 6.748,11",
SUNSET TOWER,Apartamento 803,2S,"79,13",Vendida,"R$ 465.485,89","R$ 5.882,55",
SUNSET TOWER,Apartamento1803,2S,"79,13",Vendida,"R$ 626.136,14","R$ 7.912,75",
PALM SPRINGS,Apartamento 502,2S,"140,3",Vendida,"R$ 1.172.973,26","R$ 8.360,47",
SUNSET TOWER,Apartamento1101,2S,"126,57",Vendida,"R$ 987.025,26","R$ 7.798,26",
SUNSET TOWER,Apartamento1703,2S,"79,13",Vendida,"R$ 611.900,90","R$ 7.732,86",
SUNSET TOWER,Apartamento 902,2S,"126,57",Vendida,"R$ 933.234,40","R$ 7.373,27",
SUNSET TOWER,Apartamento1704,2S,"79,13",Vendida,"R$ 561.599,61","R$ 7.097,18",
PALM BEACH,Apto 1601,2S,"128,28",Vendida,"R$ 1.182.778,53","R$ 9.220,29",
SUNSET TOWER,Apartamento1603,2S,"79,13",Vendida,"R$ 568.521,39","R$ 7.184,65",
PALM SPRINGS,Apartamento1401,3S,"142,41",Vendida,"R$ 1.682.892,98","R$ 11.817,24",
SUNSET TOWER,Apartamento 402,2S,"140,44",Vendida,"R$ 862.214,32","R$ 6.139,38",
SUNSET TOWER,Apartamento 602,2S,"126,57",Vendida,"R$ 854.360,58","R$ 6.750,10",
SUNSET TOWER,Apartamento 702,2S,"126,57",Vendida,"R$ 875.586,92","R$ 6.917,81",
SUNSET TOWER,Apartamento1201,2S,"126,57",Vendida,"R$ 1.013.558,20","R$ 8.007,89",
PALM SPRINGS,Apartamento 902,2S,"140,3",Vendida,"R$ 1.243.787,76","R$ 8.865,20",
SUNSET TOWER,Apartamento 401,2S,"176,73",Vendida,"R$ 894.159,98","R$ 5.059,47",
SUNSET TOWER,Apartamento1002,2S,"126,57",Vendida,"R$ 1.002.962,28","R$ 7.924,17",
SUNSET TOWER,Apartamento1102,2S,"126,57",Vendida,"R$ 1.030.945,32","R$ 8.145,26",
SUNSET TOWER,Apartamento1301,2S,"126,57",Vendida,"R$ 1.102.532,02","R$ 8.710,85",
SUNSET TOWER,Apartamento 802,Garden,"126,57",Vendida,"R$ 994.662,38","R$ 7.858,60",
BREEZE TOWER,Apartamento 503,3S,"82,06",Vendida,"R$ 443.361,52","R$ 5.402,89",
BREEZE TOWER,Apartamento 603,2S,"82,06",Vendida,"R$ 449.426,04","R$ 5.476,80",
BREEZE TOWER,Apartamento1603,2S,"82,06",Vendida,"R$ 593.090,01","R$ 7.227,52",
BREEZE TOWER,Apartamento 803,2S,"82,06",Vendida,"R$ 472.430,12","R$ 5.757,13",
BREEZE TOWER,Apartamento1403,2S,"82,06",Vendida,"R$ 561.344,20","R$ 6.840,66",
BREEZE TOWER,Apartamento 403,2S,"87,34",Vendida,"R$ 450.278,08","R$ 5.155,46",
BREEZE TOWER,Apartamento 802,Sala,"125,51",Vendida,"R$ 872.090,00","R$ 6.948,37",
BREEZE TOWER,Apartamento1103,3S,"82,06",Vendida,"R$ 512.125,16","R$ 6.240,86",
BREEZE TOWER,Apartamento1203,2S,"82,06",Vendida,"R$ 525.356,84","R$ 6.402,11",
BREEZE TOWER,Apartamento1503,2S,"82,06",Vendida,"R$ 577.853,53","R$ 7.041,84",
BREEZE TOWER,Apartamento1102,3S,"125,51",Vendida,"R$ 959.815,04","R$ 7.647,32",
BREEZE TOWER,Apartamento 901,2S,"129,15",Vendida,"R$ 929.257,88","R$ 7.195,18",
BREEZE TOWER,Apartamento 902,3S,"125,51",Vendida,"R$ 892.731,43","R$ 7.112,83",
BREEZE TOWER,Apartamento1001,2S,"129,15",Vendida,"R$ 923.620,01","R$ 7.151,53",
BREEZE TOWER,Apartamento1003,2S,"82,06",Vendida,"R$ 424.059,46","R$ 5.167,68",
BREEZE TOWER,Apartamento1101,2S,"129,15",Vendida,"R$ 999.089,07","R$ 7.735,88",
BREEZE TOWER,Apartamento 601,2S,"129,15",Vendida,"R$ 866.644,55","R$ 6.710,37",
BREEZE TOWER,Apartamento 801,2S,"129,15",Vendida,"R$ 862.385,72","R$ 6.677,40",
BREEZE TOWER,Apartamento1803,2S,"82,06",Vendida,"R$ 621.688,48","R$ 7.576,02",
SOUTH BEACH TOWER,Apartamento1503,2S,"79,02",Vendida,"R$ 651.560,00","R$ 8.245,51",
BREEZE TOWER,Apartamento 701,Garden,"129,15",Vendida,"R$ 888.176,75","R$ 6.877,09",
BREEZE TOWER,Apartamento1002,2S,"125,51",Vendida,"R$ 936.002,67","R$ 7.457,59",
PALM BEACH,Apto 1902,3S,"129,13",Vendida,"R$ 1.202.880,00","R$ 9.315,26",
BREEZE TOWER,Apartamento 702,2S,"125,51",Vendida,"R$ 882.112,00","R$ 7.028,22",
BREEZE TOWER,Apartamento 501,Garden,"129,15",Vendida,"R$ 899.051,72","R$ 6.961,30",
BREEZE TOWER,Apartamento1201,2S,"129,15",Vendida,"R$ 1.086.829,17","R$ 8.415,25",
BREEZE TOWER,Apartamento1301,3S,"129,15",Vendida,"R$ 1.102.640,00","R$ 8.537,67",
BREEZE TOWER,Apartamento1802,2S,"125,51",Vendida,"R$ 1.262.580,42","R$ 10.059,60",
BREEZE TOWER,Apartamento 602,3S,"125,51",Vendida,"R$ 862.064,00","R$ 6.868,49",
BREEZE TOWER,Apartamento1303,2S,"82,06",Vendida,"R$ 637.233,47","R$ 7.765,46",
BREEZE TOWER,Apartamento1202,2S,"125,51",Vendida,"R$ 1.001.268,96","R$ 7.977,60",
PALM BEACH,Apto 1603,Garden,"132,06",Vendida,"R$ 968.877,19","R$ 7.336,64",
BREEZE TOWER,Apartamento 502,2S,"125,51",Vendida,"R$ 871.868,52","R$ 6.946,61",
BREEZE TOWER,Apartamento 401,3S,"165,81",Vendida,"R$ 967.855,09","R$ 5.837,13",
SUNSET TOWER,Apartamento1202,3S,"126,57",Vendida,"R$ 1.144.427,21","R$ 9.041,85",
BREEZE TOWER,Apartamento 402,2S,"162,25",Vendida,"R$ 929.808,56","R$ 5.730,72",
BREEZE TOWER,Apartamento1302,2S,"125,51",Vendida,"R$ 1.087.075,54","R$ 8.661,27",
ATLANTIC,Apto 404,Sala,"174,14",Vendida,"R$ 1.301.844,15","R$ 7.475,85",
BREEZE TOWER,Apartamento1501,2S,"129,15",Vendida,"R$ 1.216.874,20","R$ 9.422,18",
SUNSET TOWER,Apartamento1501,2S,"126,57",Vendida,"R$ 1.279.088,28","R$ 10.105,78",
PALM BEACH,Apto 1803,2S,"132,06",Vendida,"R$ 987.435,46","R$ 7.477,17",
PALM BEACH,Apto 1202,3S,"129,13",Vendida,"R$ 1.253.000,00","R$ 9.703,40",
PALM SPRINGS,Apartamento1601,3S,"142,41",Vendida,"R$ 1.973.350,30","R$ 13.856,82",
SUNRISE TOWER,Apartamento 404,Garden,"85,51",Vendida,"R$ 524.255,10","R$ 6.130,92",
SUNRISE TOWER,Apartamento 602,2S,"129,9",Vendida,"R$ 1.007.356,87","R$ 7.754,86",
SUNRISE TOWER,Apartamento 901,3S,"129,72",Vendida,"R$ 1.062.333,50","R$ 8.189,43",
SUNRISE TOWER,Apartamento 902,2S,"129,9",Vendida,"R$ 1.062.333,50","R$ 8.178,09",
SUNRISE TOWER,Apartamento1001,2S,"129,72",Vendida,"R$ 1.142.325,02","R$ 8.806,08",
SUNRISE TOWER,Apartamento 403,2S,"91,24",Vendida,"R$ 524.756,40","R$ 5.751,39",
SUNRISE TOWER,Apartamento 501,2S,"129,72",Vendida,"R$ 992.075,28","R$ 7.647,82",
SUNRISE TOWER,Apartamento 701,2S,"129,72",Vendida,"R$ 1.022.638,46","R$ 7.883,43",
SUNRISE TOWER,Apartamento 704,3S,"84,83",Vendida,"R$ 562.246,16","R$ 6.627,92",
SUNRISE TOWER,Apartamento 803,2S,"84,83",Vendida,"R$ 573.523,16","R$ 6.760,85",
SUNRISE TOWER,Apartamento1002,3S,"129,9",Vendida,"R$ 1.082.181,02","R$ 8.330,88",
SUNRISE TOWER,Apartamento1102,3S,"129,9",Vendida,"R$ 1.102.028,39","R$ 8.483,67",
SUNRISE TOWER,Apartamento1201,2S,"129,72",Vendida,"R$ 1.142.425,35","R$ 8.806,86",
SUNRISE TOWER,Apartamento1202,3S,"129,9",Vendida,"R$ 1.085.303,99","R$ 8.354,92",
SUNRISE TOWER,Apartamento1701,3S,"129,72",Vendida,"R$ 1.278.060,00","R$ 9.852,45",
SUNRISE TOWER,Apartamento1702,2S,"129,9",Vendida,"R$ 1.278.060,00","R$ 9.838,80",
SUNRISE TOWER,Apartamento1801,2S,"129,72",Vendida,"R$ 1.362.151,34","R$ 10.500,70",
PALM SPRINGS,Apartamento 401,2S,"171,26",Vendida,"R$ 1.330.680,85","R$ 7.769,95",
SUNRISE TOWER,Apartamento 401,3S,"141,13",Vendida,"R$ 991.874,80","R$ 7.028,09",
SUNRISE TOWER,Apartamento 402,3S,"134,63",Vendida,"R$ 985.258,96","R$ 7.318,27",
SUNRISE TOWER,Apartamento 504,2S,"84,83",Vendida,"R$ 539.692,16","R$ 6.362,04",
SUNRISE TOWER,Apartamento1103,Sala,"84,83",Vendida,"R$ 615.122,76","R$ 7.251,24",
SUNRISE TOWER,Apartamento1104,2S,"84,83",Vendida,"R$ 616.125,16","R$ 7.263,06",
SUNRISE TOWER,Apartamento1204,2S,"84,83",Vendida,"R$ 621.137,16","R$ 7.322,14",
SUNRISE TOWER,Apartamento1404,2S,"84,83",Vendida,"R$ 671.257,16","R$ 7.912,97",
SUNRISE TOWER,Apartamento1504,2S,"84,83",Vendida,"R$ 676.269,16","R$ 7.972,05",
SUNRISE TOWER,Apartamento1604,3S,"84,83",Vendida,"R$ 688.297,96","R$ 8.113,85",
SUNRISE TOWER,Apartamento 603,2S,"84,83",Vendida,"R$ 550.969,16","R$ 6.494,98",
SUNRISE TOWER,Apartamento1904,2S,"84,83",Vendida,"R$ 688.165,14","R$ 8.112,29",
SUNRISE TOWER,Apartamento 503,2S,"84,83",Vendida,"R$ 539.692,16","R$ 6.362,04",
SUNRISE TOWER,Apartamento 604,2S,"84,83",Vendida,"R$ 550.969,16","R$ 6.494,98",
SUNRISE TOWER,Apartamento1004,2S,"84,83",Vendida,"R$ 596.077,16","R$ 7.026,73",
SUNRISE TOWER,Apartamento 802,2S,"129,9",Vendida,"R$ 1.042.485,98","R$ 8.025,30",
SUNRISE TOWER,Apartamento1101,2S,"129,72",Vendida,"R$ 1.102.028,54","R$ 8.495,44",
SUNRISE TOWER,Apartamento1301,2S,"129,72",Vendida,"R$ 1.162.272,78","R$ 8.959,86",
SUNRISE TOWER,Apartamento1903,2S,"84,83",Vendida,"R$ 724.384,36","R$ 8.539,25",
SUNRISE TOWER,Apartamento 904,3S,"84,83",Vendida,"R$ 584.800,16","R$ 6.893,79",
SUNRISE TOWER,Apartamento1603,3S,"84,83",Vendida,"R$ 688.297,96","R$ 8.113,85",
SUNRISE TOWER,Apartamento 702,3S,"129,9",Vendida,"R$ 1.022.638,46","R$ 7.872,51",
SUNRISE TOWER,Apartamento1704,2S,"84,83",Vendida,"R$ 700.326,76","R$ 8.255,65",
CORAL GABLES,Apartamento1303,2S,"82,41",Vendida,"R$ 643.741,28","R$ 7.811,45",
SUNSET TOWER,Apartamento 601,2S,"126,57",Vendida,"R$ 995.667,07","R$ 7.866,53",
CORAL GABLES,Apartamento 503,3S,"82,41",Vendida,"R$ 549.515,68","R$ 6.668,07",
CORAL GABLES,Apartamento 901,2S,"128,79",Vendida,"R$ 1.074.171,84","R$ 8.340,49",
CORAL GABLES,Apartamento1503,2S,"83,33",Vendida,"R$ 669.803,68","R$ 8.037,97",
SUNRISE TOWER,Apartamento 903,2S,"84,83",Vendida,"R$ 584.800,16","R$ 6.893,79",
SUNRISE TOWER,Apartamento1203,3S,"84,83",Vendida,"R$ 606.850,96","R$ 7.153,73",
SUNRISE TOWER,Apartamento1303,2S,"84,83",Vendida,"R$ 686.293,16","R$ 8.090,22",
SUNRISE TOWER,Apartamento1403,2S,"84,83",Vendida,"R$ 671.257,16","R$ 7.912,97",
SUNRISE TOWER,Apartamento1601,2S,"129,72",Vendida,"R$ 1.287.973,74","R$ 9.928,88",
SUNSET TOWER,Apartamento 501,2S,"126,57",Vendida,"R$ 977.114,27","R$ 7.719,95",
CORAL GABLES,Apartamento 603,2S,"82,41",Vendida,"R$ 560.542,08","R$ 6.801,87",
CORAL GABLES,Apartamento 401,2S,"143,96",Vendida,"R$ 981.850,80","R$ 6.820,30",
CORAL GABLES,Apartamento 403,3S,"84,99",Vendida,"R$ 504.232,21","R$ 5.932,84",
CORAL GABLES,Apartamento1203,2S,"83,33",Vendida,"R$ 690.854,08","R$ 8.290,58",
CORAL GABLES,Apartamento1603,2S,"82,41",Vendida,"R$ 682.834,88","R$ 8.285,83",
SUNRISE TOWER,Apartamento1804,2S,"84,83",Vendida,"R$ 712.355,56","R$ 8.397,45",
CORAL GABLES,Apartamento1103,2S,"82,41",Vendida,"R$ 677.822,88","R$ 8.225,01",
SUNRISE TOWER,Apartamento1902,Sala,"129,9",Vendida,"R$ 1.412.381,60","R$ 10.872,84",
CORAL GABLES,Apartamento 703,2S,"83,33",Vendida,"R$ 542.990,23","R$ 6.516,14",
CORAL GABLES,Apartamento 701,3S,"128,79",Vendida,"R$ 1.094.620,80","R$ 8.499,27",
CORAL GABLES,Apartamento 803,2S,"82,41",Vendida,"R$ 553.469,30","R$ 6.716,05",
SUNRISE TOWER,Apartamento1803,2S,"84,83",Vendida,"R$ 712.355,56","R$ 8.397,45",
BREEZE TOWER,Apartamento1801,Sala,"129,15",Vendida,"R$ 1.431.729,52","R$ 11.085,79",
CORAL GABLES,Apartamento1001,2S,"126,86",Vendida,"R$ 1.154.163,36","R$ 9.097,93",
CORAL GABLES,Apartamento1601,2S,"126,83",Vendida,"R$ 1.303.220,24","R$ 10.275,33",
BREEZE TOWER,Apartamento1701,2S,"129,15",Vendida,"R$ 1.318.747,52","R$ 10.210,98",
CORAL GABLES,Apartamento1003,2S,"83,33",Vendida,"R$ 604.647,68","R$ 7.256,06",
CORAL GABLES,Apartamento 501,3S,"139,82",Vendida,"R$ 994.781,76","R$ 7.114,73",
CORAL GABLES,Apartamento 801,2S,"126,83",Vendida,"R$ 1.001.608,10","R$ 7.897,25",
CORAL GABLES,Apartamento1101,2S,"128,79",Vendida,"R$ 1.058.173,54","R$ 8.216,27",
SUNRISE TOWER,Apartamento 502,2S,"129,9",Vendida,"R$ 992.075,28","R$ 7.637,22",
SUNRISE TOWER,Apartamento1402,2S,"129,9",Vendida,"R$ 1.182.120,30","R$ 9.100,23",
CORAL GABLES,Apartamento1301,2S,"128,79",Vendida,"R$ 1.153.561,92","R$ 8.956,92",
CORAL GABLES,Apartamento1002,2S,"136,36",Vendida,"R$ 1.128.038,00","R$ 8.272,50",
PALM BEACH,Apto 1703,2S,"132,06",Vendida,"R$ 1.051.183,43","R$ 7.959,89",
BREEZE TOWER,Apartamento1601,2S,"129,15",Vendida,"R$ 1.363.264,08","R$ 10.555,66",
BREEZE TOWER,Apartamento1702,2S,"125,51",Vendida,"R$ 1.368.659,40","R$ 10.904,78",
CORAL GABLES,Apartamento1901,3S,"128,79",Vendida,"R$ 1.342.815,04","R$ 10.426,39",
CORAL GABLES,Apartamento 802,2S,"136,35",Vendida,"R$ 1.149.024,76","R$ 8.427,02",
CORAL GABLES,Apartamento2103,2S,"83,33",Vendida,"R$ 838.206,89","R$ 10.058,89",
SUNSET TOWER,Apartamento1302,2S,"126,57",Vendida,"R$ 1.250.341,15","R$ 9.878,65",
SUNSET TOWER,Apartamento 502,2S,"126,57",Vendida,"R$ 1.002.811,70","R$ 7.922,98",
BREEZE TOWER,Apartamento1602,2S,"125,51",Vendida,"R$ 1.325.696,50","R$ 10.562,48",
BREEZE TOWER,Apartamento1502,3S,"125,51",Vendida,"R$ 1.282.733,59","R$ 10.220,17",
CORAL GABLES,Apartamento1402,3S,"136,35",Vendida,"R$ 1.240.378,86","R$ 9.097,02",
BREEZE TOWER,Apartamento1402,2S,"125,51",Vendida,"R$ 1.254.805,77","R$ 9.997,66",
SUNRISE TOWER,Apartamento1304,2S,"84,83",Vendida,"R$ 741.776,00","R$ 8.744,27",
BREEZE TOWER,Apartamento 903,2S,"82,06",Vendida,"R$ 721.728,03","R$ 8.795,13",
SUNRISE TOWER,Apartamento1503,2S,"84,83",Vendida,"R$ 776.860,00","R$ 9.157,85",
CORAL GABLES,Apartamento1403,2S,"82,41",Vendida,"R$ 623.933,86","R$ 7.571,09",
CORAL GABLES,Apartamento1903,2S,"83,33",Vendida,"R$ 771.777,57","R$ 9.261,70",
PALM SPRINGS,Apartamento1003,Garden,"137,47",Vendida,"R$ 1.164.830,14","R$ 8.473,34",
CORAL GABLES,Apartamento2201,2S,"236,64",Vendida,"R$ 2.572.326,00","R$ 10.870,21",
SUNRISE TOWER,Apartamento1003,2S,"84,83",Vendida,"R$ 751.799,77","R$ 8.862,43",
CORAL GABLES,Apartamento 903,2S,"82,41",Vendida,"R$ 731.752,08","R$ 8.879,41",
SOUTH BEACH TOWER,Apartamento1202,2S,"129,5",Vendida,"R$ 1.373.989,63","R$ 10.609,96",
SUNRISE TOWER,Apartamento1401,2S,"129,72",Vendida,"R$ 1.361.654,36","R$ 10.496,87",
PALM SPRINGS,Apartamento1103,2S,"137,47",Vendida,"R$ 1.210.919,24","R$ 8.808,61",
CORAL GABLES,Apartamento1202,2S,"136,36",Vendida,"R$ 1.209.674,61","R$ 8.871,18",
SUNSET TOWER,Apartamento1402,2S,"126,57",Vendida,"R$ 1.333.506,85","R$ 10.535,73",
CORAL GABLES,Apartamento1803,2S,"82,41",Vendida,"R$ 828.298,63","R$ 10.050,95",
SUNSET TOWER,Apartamento1903,2S,"79,13",Vendida,"R$ 836.037,95","R$ 10.565,37",
PALM BEACH,Apto 1101,3S,"128,28",Vendida,"R$ 1.463.395,80","R$ 11.407,83",
PALM SPRINGS,Apartamento1302,2S,"140,3",Vendida,"R$ 1.713.921,79","R$ 12.216,12",
SUNSET TOWER,Apartamento1502,2S,"126,57",Vendida,"R$ 1.393.128,99","R$ 11.006,79",
CORAL GABLES,Apartamento1102,2S,"132,27",Vendida,"R$ 1.179.570,75","R$ 8.917,90",
CORAL GABLES,Apartamento2601,2S,"206,17",Vendida,"R$ 2.545.427,53","R$ 12.346,26",
CORAL GABLES,Apartamento 702,Sala,"132,27",Vendida,"R$ 1.146.199,60","R$ 8.665,61",
SOUTH BEACH TOWER,Apartamento1502,Sala,"129,5",Vendida,"R$ 1.515.659,96","R$ 11.703,94",
SUNRISE TOWER,Apartamento1602,Sala,"129,9",Vendida,"R$ 1.517.414,12","R$ 11.681,40",
CORAL GABLES,Apartamento2001,Sala,"126,83",Vendida,"R$ 1.452.477,60","R$ 11.452,16",
PALM SPRINGS,Apartamento1502,Sala,"140,3",Vendida,"R$ 2.004.800,00","R$ 14.289,38",
SUNSET TOWER,Apartamento1902,Sala,"126,57",Vendida,"R$ 1.661.770,67","R$ 13.129,26",
CORAL GABLES,Apartamento1902,2S,"132,27",Vendida,"R$ 1.521.851,68","R$ 11.505,65",
CORAL GABLES,Apartamento 2002,2S,"136,35",Vendida,"R$ 1.558.933,80","R$ 11.433,32",
PALM SPRINGS,Apartamento1603,3S,"137,47",Vendida,"R$ 1.543.665,20","R$ 11.229,11",
BREEZE TOWER,Apartamento1401,2S,"129,15",Vendida,"R$ 1.606.154,32","R$ 12.436,35",
THE WAVE,Apartamento1302,2S,"144,08",Vendida,"R$ 1.657.668,88","R$ 11.505,20",
THE WAVE,Apartamento1702,3S,"144,08",Vendida,"R$ 1.770.574,20","R$ 12.288,83",
SUNSET TOWER,Apartamento1802,2S,"126,57",Vendida,"R$ 1.640.697,22","R$ 12.962,77",
THE WAVE,Apartamento1103,2S,"120,29",Vendida,"R$ 1.219.319,36","R$ 10.136,50",
THE WAVE,Apartamento1201,3S,"144,69",Vendida,"R$ 1.628.098,08","R$ 11.252,32",
THE WAVE,Apartamento1203,3S,"120,29",Vendida,"R$ 1.244.780,32","R$ 10.348,16",
THE WAVE,Apartamento 603,2S,"120,29",Vendida,"R$ 1.116.473,12","R$ 9.281,51",
THE WAVE,Apartamento1002,3S,"144,08",Vendida,"R$ 1.568.956,48","R$ 10.889,48",
THE WAVE,Apartamento1101,2S,"144,69",Vendida,"R$ 1.598.527,28","R$ 11.047,95",
THE WAVE,Apartamento1202,2S,"144,08",Vendida,"R$ 1.628.098,08","R$ 11.299,96",
THE WAVE,Apartamento1301,2S,"144,69",Vendida,"R$ 1.657.668,88","R$ 11.456,69",
THE WAVE,Apartamento1501,2S,"144,69",Vendida,"R$ 1.728.237,84","R$ 11.944,42",
THE WAVE,Apartamento1602,3S,"144,08",Vendida,"R$ 1.763.522,32","R$ 12.239,88",
THE WAVE,Apartamento1701,2S,"144,69",Vendida,"R$ 1.863.762,32","R$ 12.881,07",
THE WAVE,Apartamento1801,3S,"144,69",Vendida,"R$ 1.964.002,32","R$ 13.573,86",
THE WAVE,Apartamento 503,2S,"120,29",Vendida,"R$ 1.097.126,80","R$ 9.120,68",
THE WAVE,Apartamento 701,2S,"144,69",Vendida,"R$ 1.404.663,12","R$ 9.708,09",
THE WAVE,Apartamento 702,3S,"144,08",Vendida,"R$ 1.404.663,12","R$ 9.749,19",
THE WAVE,Apartamento 703,2S,"120,29",Vendida,"R$ 1.135.819,44","R$ 9.442,34",
THE WAVE,Apartamento 801,2S,"144,69",Vendida,"R$ 1.434.233,92","R$ 9.912,46",
THE WAVE,Apartamento 802,2S,"144,08",Vendida,"R$ 1.434.233,92","R$ 9.954,43",
THE WAVE,Apartamento1402,2S,"144,08",Vendida,"R$ 1.692.953,36","R$ 11.750,09",
THE WAVE,Apartamento1502,2S,"144,08",Vendida,"R$ 1.728.237,84","R$ 11.994,99",
THE WAVE,Apartamento1601,2S,"144,69",Vendida,"R$ 1.763.522,32","R$ 12.188,28",
THE WAVE,Apartamento1902,3S,"144,08",Vendida,"R$ 2.074.266,32","R$ 14.396,63",
SUNSET TOWER,Apartamento1702,2S,"126,57",Vendida,"R$ 1.603.840,00","R$ 12.671,57",
THE WAVE,Apartamento 902,2S,"144,08",Vendida,"R$ 1.266.898,18","R$ 8.793,02",
THE WAVE,Apartamento1401,2S,"144,69",Vendida,"R$ 1.492.473,36","R$ 10.314,97",
THE WAVE,Apartamento 501,3S,"144,69",Vendida,"R$ 1.166.091,92","R$ 8.059,24",
THE WAVE,Apartamento1001,2S,"144,69",Vendida,"R$ 1.669.196,48","R$ 11.536,36",
THE WAVE,Apartamento1803,2S,"120,29",Vendida,"R$ 1.416.792,16","R$ 11.778,14",
THE WAVE,Apartamento 601,3S,"144,69",Vendida,"R$ 1.385.116,32","R$ 9.572,99",
THE WAVE,Apartamento 901,2S,"144,69",Vendida,"R$ 1.490.468,56","R$ 10.301,12",
THE WAVE,Apartamento 502,2S,"144,08",Vendida,"R$ 1.365.569,52","R$ 9.477,86",
THE WAVE,Apartamento1802,2S,"144,08",Vendida,"R$ 1.964.002,32","R$ 13.631,33",
THE WAVE,Apartamento1901,3S,"144,69",Vendida,"R$ 2.217.308,80","R$ 15.324,55",
SUNRISE TOWER,Apartamento1302,3S,"129,9",Vendida,"R$ 1.553.720,15","R$ 11.960,89",
SUNSET TOWER,Apartamento1602,2S,"126,57",Vendida,"R$ 1.555.949,79","R$ 12.293,20",
THE WAVE,Apartamento 903,2S,"120,29",Vendida,"R$ 1.174.512,08","R$ 9.764,00",
CORAL GABLES,Apartamento2003,3S,"82,41",Vendida,"R$ 952.280,00","R$ 11.555,39",
PALM SPRINGS,Apartamento1403,2S,"137,47",Vendida,"R$ 1.553.196,10","R$ 11.298,44",
BREEZE TOWER,Apartamento1703,3S,"82,06",Vendida,"R$ 941.037,31","R$ 11.467,67",
THE WAVE,Apartamento 401,2S,"170,9",Vendida,"R$ 1.376.545,33","R$ 8.054,68",
BREEZE TOWER,Apartamento1903,2S,"82,06",Vendida,"R$ 960.299,20","R$ 11.702,40",
SUNSET TOWER,Apartamento1001,3S,"126,57",Vendida,"R$ 1.653.960,00","R$ 13.067,55",
CORAL GABLES,Apartamento2202,Sala,"136,24",Vendida,"R$ 1.730.417,43","R$ 12.701,24",
CORAL GABLES,Apartamento 602,2S,"136,35",Vendida,"R$ 1.285.949,37","R$ 9.431,24",
CORAL GABLES,Apartamento3201,2S,"206,17",Vendida,"R$ 3.069.850,00","R$ 14.889,90",
SOUTH BEACH TOWER,Apartamento1402,2S,"129,5",Vendida,"R$ 1.571.262,00","R$ 12.133,30",
THE WAVE,Apartamento 402,2S,"166,27",Vendida,"R$ 1.448.995,09","R$ 8.714,71",
CORAL GABLES,Apartamento 601,2S,"126,83",Vendida,"R$ 1.328.732,85","R$ 10.476,49",
CORAL GABLES,Apartamento 902,2S,"132,27",Vendida,"R$ 1.581.262,23","R$ 11.954,81",
CORAL GABLES,Apartamento 502,2S,"133,35",Vendida,"R$ 1.306.466,01","R$ 9.797,27",
BLUE COAST,Apartamento 1202,2S,82,Vendida,"R$ 826.980,00","R$ 10.085,12",
BLUE COAST,Apartamento 502,2S,"106,11",Vendida,"R$ 937.244,00","R$ 8.832,76",
BLUE COAST,Apartamento 1002,2S,82,Vendida,"R$ 801.920,00","R$ 9.779,51",
BLUE COAST,Apartamento 1702,2S,82,Vendida,"R$ 889.630,00","R$ 10.849,15",
BLUE COAST,Apartamento 902,2S,82,Vendida,"R$ 789.390,00","R$ 9.626,71",
BLUE COAST,Apartamento 2002,2S,82,Vendida,"R$ 927.220,00","R$ 11.307,56",
BLUE COAST,Apartamento 2502,2S,82,Vendida,"R$ 989.870,00","R$ 12.071,59",
BLUE COAST,Apartamento 3002,2S,82,Vendida,"R$ 1.052.520,00","R$ 12.835,61",
BLUE COAST,Apartamento 1203,2S,"131,52",Vendida,"R$ 1.337.201,60","R$ 10.167,29",
BLUE COAST,Apartamento 2501,3S,"131,99",Vendida,"R$ 1.654.962,40","R$ 12.538,54",
BLUE COAST,Apartamento 501,3S,"205,5",Vendida,"R$ 1.854.440,00","R$ 9.024,04",
BLUE COAST,Apartamento 802,2S,82,Vendida,"R$ 776.860,00","R$ 9.473,90",
BLUE COAST,Apartamento 3501,2S,"163,57",Vendida,"R$ 2.786.672,00","R$ 17.036,57",
BLUE COAST,Apartamento 2402,Garden,82,Vendida,"R$ 977.340,00","R$ 11.918,78",
BLUE COAST,Apartamento 2602,3S,82,Vendida,"R$ 1.002.400,00","R$ 12.224,39",
PALM SPRINGS,Apartamento1303,2S,"137,47",Vendida,"R$ 1.529.022,81","R$ 11.122,59",
BLUE COAST,Apartamento 702,2S,82,Vendida,"R$ 764.330,00","R$ 9.321,10",
BLUE COAST,Apartamento 1301,2S,"131,99",Vendida,"R$ 1.365.770,00","R$ 10.347,53",
BLUE COAST,Apartamento 1501,2S,"131,99",Vendida,"R$ 1.412.882,80","R$ 10.704,47",
BLUE COAST,Apartamento 1903,2S,"131,52",Vendida,"R$ 1.502.096,40","R$ 11.421,05",
BLUE COAST,Apartamento 2702,3S,82,Vendida,"R$ 1.014.930,00","R$ 12.377,20",
BLUE COAST,Apartamento 2802,2S,82,Vendida,"R$ 1.027.460,00","R$ 12.530,00",
BLUE COAST,Apartamento 1502,2S,82,Vendida,"R$ 864.570,00","R$ 10.543,54",
BLUE COAST,Apartamento 2701,2S,"131,99",Vendida,"R$ 1.702.075,20","R$ 12.895,49",
BLUE COAST,Apartamento 2703,2S,"131,52",Vendida,"R$ 1.697.063,20","R$ 12.903,46",
BLUE COAST,Apartamento 901,2S,"131,99",Vendida,"R$ 1.207.967,18","R$ 9.151,96",
BLUE COAST,Apartamento 1101,2S,"131,99",Vendida,"R$ 1.318.657,20","R$ 9.990,58",
BLUE COAST,Apartamento 1603,2S,"131,52",Vendida,"R$ 1.431.427,20","R$ 10.883,72",
BLUE COAST,Apartamento 2201,2S,"131,99",Vendida,"R$ 1.584.293,20","R$ 12.003,13",
BLUE COAST,Apartamento 3502,2S,"192,58",Vendida,"R$ 3.283.862,40","R$ 17.051,94",
PALM SPRINGS,Apartamento 603,3S,"137,47",Vendida,"R$ 1.314.390,59","R$ 9.561,29",
BLUE COAST,Apartamento 1802,2S,82,Vendida,"R$ 902.160,00","R$ 11.001,95",
BLUE COAST,Apartamento 701,2S,"131,99",Vendida,"R$ 1.224.431,60","R$ 9.276,70",
BLUE COAST,Apartamento 703,3S,"131,52",Vendida,"R$ 1.219.419,60","R$ 9.271,74",
BLUE COAST,Apartamento 1302,2S,82,Vendida,"R$ 839.510,00","R$ 10.237,93",
BLUE COAST,Apartamento 1102,2S,82,Vendida,"R$ 772.913,05","R$ 9.425,77",
BLUE COAST,Apartamento 2202,2S,82,Vendida,"R$ 952.280,00","R$ 11.613,17",
BLUE COAST,Apartamento 2003,2S,"131,52",Vendida,"R$ 1.532.168,40","R$ 11.649,70",
BLUE COAST,Apartamento 1602,2S,82,Vendida,"R$ 879.182,59","R$ 10.721,74",
BLUE COAST,Apartamento 1103,3S,"131,52",Vendida,"R$ 1.316.764,32","R$ 10.011,89",
BLUE COAST,Apartamento 903,3S,"131,52",Vendida,"R$ 1.266.532,40","R$ 9.629,96",
BLUE COAST,Apartamento 1503,Sala,"131,52",Vendida,"R$ 1.411.213,64","R$ 10.730,03",
THE WAVE,Apartamento 403,2S,"127,31",Vendida,"R$ 1.121.640,15","R$ 8.810,31",
BLUE COAST,Apartamento 1003,2S,"131,52",Vendida,"R$ 1.293.151,98","R$ 9.832,36",
BLUE COAST,Apartamento 2302,2S,82,Vendida,"R$ 967.100,84","R$ 11.793,91",
OCEAN PARK,Apto 1004 N,3S,"83,4",Vendida,"R$ 812.946,40","R$ 9.747,56",
OCEAN PARK,Apto 1702 N,2S,"122,55",Vendida,"R$ 1.428.420,00","R$ 11.655,81",
OCEAN PARK,Apto 1802 N,3S,"122,55",Vendida,"R$ 1.443.456,00","R$ 11.778,51",
OCEAN PARK,Apto 2502 N,2S,"122,55",Vendida,"R$ 1.573.768,00","R$ 12.841,84",
OCEAN PARK,Apto 1603 N,2S,"78,91",Vendida,"R$ 844.020,80","R$ 10.695,99",
OCEAN PARK,Apto 1704 N,3S,"83,4",Vendida,"R$ 890.131,20","R$ 10.673,04",
OCEAN PARK,Apto 2004 N,2S,"83,4",Vendida,"R$ 804.676,60","R$ 9.648,40",
OCEAN PARK,Apto 2504 N,2S,"83,4",Vendida,"R$ 892.136,00","R$ 10.697,07",
OCEAN PARK,Apto 704 N,2S,"83,4",Vendida,"R$ 715.713,60","R$ 8.581,70",
OCEAN PARK,Apto 805 N,2S,"79,69",Vendida,"R$ 683.135,60","R$ 8.572,41",
SUNRISE TOWER,Apartamento1502,2S,"129,9",Vendida,"R$ 1.731.790,16","R$ 13.331,72",
OCEAN PARK,Apto 904 N,2S,"83,4",Vendida,"R$ 697.068,96","R$ 8.358,14",
THE WAVE,Apartamento1403,2S,"120,29",Vendida,"R$ 1.406.369,26","R$ 11.691,49",
BLUE COAST,Apartamento 1902,3S,82,Vendida,"R$ 916.861,84","R$ 11.181,24",
OCEAN PARK,Apto 1201 N,3S,"121,37",Vendida,"R$ 1.335.196,80","R$ 11.001,04",
OCEAN PARK,Apto 1501 N,3S,"121,37",Vendida,"R$ 1.403.360,00","R$ 11.562,66",
OCEAN PARK,Apto 1503 N,2S,"78,91",Vendida,"R$ 834.999,20","R$ 10.581,67",
OCEAN PARK,Apto 1104 N,2S,"83,4",Vendida,"R$ 751.800,00","R$ 9.014,39",
OCEAN PARK,Apto 1504 N,2S,"83,4",Vendida,"R$ 801.920,00","R$ 9.615,35",
OCEAN PARK,Apto 1604 N,2S,"83,4",Vendida,"R$ 810.941,60","R$ 9.723,52",
OCEAN PARK,Apto 1605 N,2S,"79,69",Vendida,"R$ 769.342,00","R$ 9.654,18",
OCEAN PARK,Apto 1701 N,2S,"121,37",Vendida,"R$ 1.421.403,20","R$ 11.711,32",
OCEAN PARK,Apto 703 N,3S,"78,91",Vendida,"R$ 817.958,40","R$ 10.365,71",
OCEAN PARK,Apto 705 N,2S,"79,69",Vendida,"R$ 674.114,00","R$ 8.459,20",
OCEAN PARK,Apto 804 N,2S,"83,4",Vendida,"R$ 724.735,20","R$ 8.689,87",
BLUE COAST,Apartamento 1601,2S,"131,99",Vendida,"R$ 1.439.849,88","R$ 10.908,78",
OCEAN PARK,Apto 1903 N,3S,"78,91",Vendida,"R$ 871.085,60","R$ 11.038,98",
OCEAN PARK,Apto 2401 N,2S,"121,37",Vendida,"R$ 1.421.403,20","R$ 11.711,32",
OCEAN PARK,Apto 2402 N,3S,"122,55",Vendida,"R$ 1.405.364,80","R$ 11.467,69",
OCEAN PARK,Apto 604 N,2S,"83,4",Vendida,"R$ 706.692,00","R$ 8.473,53",
OCEAN PARK,Apto 803 N,2S,"78,91",Vendida,"R$ 756.812,00","R$ 9.590,82",
OCEAN PARK,Apto 1304 N,2S,"83,4",Vendida,"R$ 731.351,04","R$ 8.769,20",
BLUE COAST,Apartamento 601,3S,"131,99",Vendida,"R$ 1.212.123,05","R$ 9.183,45",
OCEAN PARK,Apto 1204 N,3S,"83,4",Vendida,"R$ 760.821,60","R$ 9.122,56",
OCEAN PARK,Apto 1901 N,2S,"121,37",Vendida,"R$ 1.503.600,00","R$ 12.388,56",
OCEAN PARK,Apto 1403 N,2S,"78,91",Vendida,"R$ 814.951,20","R$ 10.327,60",
OCEAN PARK,Apto 1705 N,3S,"79,69",Vendida,"R$ 783.793,01","R$ 9.835,53",
OCEAN PARK,Apto 2501 N,2S,"121,37",Vendida,"R$ 1.554.722,40","R$ 12.809,78",
OCEAN PARK,Apto 2302 N,2S,"122,55",Vendida,"R$ 1.541.341,73","R$ 12.577,25",
OCEAN PARK,Apto 504 N,2S,"83,4",Vendida,"R$ 697.670,40","R$ 8.365,35",
OCEAN PARK,Apto 905 N,Garden,"79,69",Vendida,"R$ 696.985,28","R$ 8.746,21",
OCEAN PARK,Apto 1003 N,2S,"78,91",Vendida,"R$ 853.706,93","R$ 10.818,74",
BLUE COAST,Apartamento 1701,2S,"131,99",Vendida,"R$ 1.479.346,37","R$ 11.208,02",
KEY WEST,Decorado Key West,3S,100,Vendida,R$ -,R$ -,
PALM BEACH,Decorado Palm Beach,2S,100,Vendida,R$ -,R$ -,
OCEAN PARK,Apto 1804 N,2S,"83,4",Vendida,"R$ 837.982,39","R$ 10.047,75",
BLUE COAST,Apartamento 1001,2S,"131,99",Vendida,"R$ 1.312.298,10","R$ 9.942,41",
OCEAN PARK,Apto 2101 N,3S,"121,37",Vendida,"R$ 1.491.547,85","R$ 12.289,26",
OCEAN PARK,Apto 2301 N,3S,"121,37",Vendida,"R$ 1.522.163,37","R$ 12.541,51",
OCEAN PARK,Apto 2001 N,2S,"121,37",Vendida,"R$ 1.473.308,82","R$ 12.138,99",
OCEAN PARK,Apto 2002 N,2S,"122,55",Vendida,"R$ 1.492.561,13","R$ 12.179,20",
OCEAN PARK,Apto 1602 N,2S,"122,55",Vendida,"R$ 1.428.724,50","R$ 11.658,30",
OCEAN PARK,Apto 1405 N,2S,"79,69",Vendida,"R$ 770.518,63","R$ 9.668,95",
OCEAN PARK,Apto 1601 N,Garden,"121,37",Vendida,"R$ 1.470.089,04","R$ 12.112,46",
BLUE COAST,Apartamento 2001,2S,"131,99",Vendida,"R$ 1.682.027,20","R$ 12.743,60",
OCEAN PARK,Apto 1904 N,3S,"83,4",Vendida,"R$ 872.245,86","R$ 10.458,58",
OCEAN PARK,Apto 1905 N,2S,"79,69",Vendida,"R$ 828.946,57","R$ 10.402,14",
BLUE COAST,Apartamento 1201,2S,"131,99",Vendida,"R$ 1.190.315,66","R$ 9.018,23",
BLUE COAST,Apartamento 1401,2S,"131,99",Vendida,"R$ 1.232.096,71","R$ 9.334,77",
OCEAN PARK,Apto 1205 N,2S,"79,69",Vendida,"R$ 748.608,15","R$ 9.394,00",
PALM SPRINGS,Apartamento1402,3S,"140,3",Vendida,"R$ 1.864.749,86","R$ 13.291,16",
BLUE COAST,Apartamento 1403,2S,"131,52",Vendida,"R$ 1.444.296,37","R$ 10.981,57",
OCEAN PARK,Apto 1801 N,2S,"121,37",Vendida,"R$ 1.488.869,44","R$ 12.267,19",
THE WAVE,Apartamento1503,2S,"120,29",Vendida,"R$ 1.482.256,58","R$ 12.322,36",
THE WAVE,Apartamento1903,2S,"120,29",Vendida,"R$ 1.690.762,14","R$ 14.055,72",
THE WAVE,Apartamento1102,2S,"144,08",Vendida,"R$ 1.257.073,61","R$ 8.724,83",
OCEAN PARK,Apto 2204 N,Sala,"83,4",Vendida,"R$ 916.837,71","R$ 10.993,26",
OCEAN PARK,Apto 2005 N,2S,"79,69",Vendida,"R$ 847.688,36","R$ 10.637,32",
OCEAN PARK,Apto 2304 N,2S,"83,4",Vendida,"R$ 926.332,67","R$ 11.107,11",
THE WAVE,Apartamento 803,2S,"120,29",Vendida,"R$ 1.308.132,00","R$ 10.874,82",
OCEAN PARK,Apto 2102 N,3S,"122,55",Vendida,"R$ 1.572.997,32","R$ 12.835,56",
OCEAN PARK,Apto 2201 N,3S,"121,37",Vendida,"R$ 1.571.942,32","R$ 12.951,65",
OCEAN PARK,Apto 1203 N,3S,"78,91",Vendida,"R$ 834.500,93","R$ 10.575,35",
BLUE COAST,Apartamento 1803,2S,"131,52",Vendida,"R$ 1.559.812,38","R$ 11.859,89",
KEY WEST,Apto 1403,2S,"95,93",Vendida,R$ -,R$ -,
OCEAN PARK,Apto 1404 N,3S,"83,4",Vendida,"R$ 822.896,14","R$ 9.866,86",
OCEAN PARK,Apto 1502 N,Sala,"122,55",Vendida,"R$ 1.489.218,02","R$ 12.151,92",
OCEAN PARK,Apto 1505 N,2S,"79,69",Vendida,"R$ 809.728,93","R$ 10.160,99",
OCEAN PARK,Apto 1805 N,3S,"79,69",Vendida,"R$ 838.552,51","R$ 10.522,68",
PALM SPRINGS,Apartamento1503,2S,"137,47",Vendida,"R$ 1.932.171,50","R$ 14.055,22",
PALM BEACH,Apto 1102,3S,"129,13",Vendida,R$ -,R$ -,
PALM BEACH,Apto 1403,3S,"132,06",Vendida,R$ -,R$ -,
PALM BEACH,Apto 503,3S,"132,06",Vendida,R$ -,R$ -,
PALM BEACH,Apto 703,2S,"132,06",Vendida,R$ -,R$ -,
PALM BEACH,Apto 1801,3S,"128,28",Vendida,R$ -,R$ -,
PALM BEACH,Apto 1903,2S,"132,06",Vendida,R$ -,R$ -,
PALM BEACH,Síndico,3S,100,Vendida,R$ -,R$ -,
OCEAN PARK,Apto 503 N,2S,"78,91",Vendida,"R$ 777.168,97","R$ 9.848,80",
BLUE COAST,Apartamento 3302,3S,82,Vendida,"R$ 1.214.534,72","R$ 14.811,40",
BLUE COAST,Apartamento 1801,2S,"131,99",Vendida,"R$ 1.504.524,95","R$ 11.398,78",
OCEAN PARK,Apto 1303 N,2S,"78,91",Vendida,"R$ 854.031,84","R$ 10.822,86",
OCEAN PARK,Apto 2003 N,3S,"78,91",Vendida,"R$ 937.299,93","R$ 11.878,09",
BLUE COAST,Apartamento 1703,2S,"131,52",Vendida,"R$ 1.565.313,79","R$ 11.901,72",
OCEAN PARK,Apto 1106 S,2S,"80,03",Vendida,"R$ 886.025,11","R$ 11.071,16",
OCEAN PARK,Apto 2106 S,3S,"80,03",Vendida,"R$ 931.992,22","R$ 11.645,54",
OCEAN PARK,Apto 2301 S,Sala,"122,55",Vendida,"R$ 1.693.013,50","R$ 13.814,88",
OCEAN PARK,Apto 2406 S,3S,"80,03",Vendida,"R$ 959.327,36","R$ 11.987,10",
OCEAN PARK,Apto 2503 N,3S,"78,91",Vendida,"R$ 212.850,79","R$ 2.697,39",
OCEAN PARK,Apto 1006 S,3S,"80,03",Vendida,"R$ 839.861,45","R$ 10.494,33",
OCEAN PARK,Apto 1801 S,3S,"122,55",Vendida,"R$ 1.569.944,32","R$ 12.810,64",
OCEAN PARK,Apto 1806 S,3S,"80,03",Vendida,"R$ 906.681,56","R$ 11.329,27",
OCEAN PARK,Apto 1903 S,3S,"79,8",Vendida,"R$ 892.947,76","R$ 11.189,82",
OCEAN PARK,Apto 2001 S,2S,"122,55",Vendida,"R$ 1.610.319,93","R$ 13.140,11",
OCEAN PARK,Apto 2006 S,2S,"80,03",Vendida,"R$ 922.880,34","R$ 11.531,68",
OCEAN PARK,Apto 706 S,2S,"80,03",Vendida,"R$ 817.081,76","R$ 10.209,69",
OCEAN PARK,Apto 1706 S,Sala,"80,03",Vendida,"R$ 898.582,16","R$ 11.228,07",
OCEAN PARK,Apto 2003 S,3S,"79,8",Vendida,"R$ 900.966,96","R$ 11.290,31",
OCEAN PARK,Apto 2101 S,3S,"122,55",Vendida,"R$ 1.652.596,74","R$ 13.485,08",
OCEAN PARK,Apto 806 S,3S,"80,03",Vendida,"R$ 824.675,15","R$ 10.304,58",
BLUE COAST,Apartamento 2902,2S,82,Vendida,"R$ 1.102.640,00","R$ 13.446,83",
OCEAN PARK,Apto 1606 S,2S,"80,03",Vendida,"R$ 890.482,77","R$ 11.126,86",
OCEAN PARK,Apto 2002 S,2S,"121,37",Vendida,"R$ 1.542.979,28","R$ 12.713,02",
OCEAN PARK,Apto 1701 S,2S,"122,55",Vendida,"R$ 1.591.971,58","R$ 12.990,38",
OCEAN PARK,Apto 1601 S,3S,"122,55",Vendida,"R$ 1.499.686,98","R$ 12.237,35",
OCEAN PARK,Apto 2404 N,2S,"83,4",Vendida,"R$ 954.332,90","R$ 11.442,84",
OCEAN PARK,Apto 2201 S,Sala,"122,55",Vendida,"R$ 1.672.805,12","R$ 13.649,98",
OCEAN PARK,Apto 606 S,2S,"80,03",Vendida,"R$ 809.488,85","R$ 10.114,82",
OCEAN PARK,Apto 1901 S,2S,"122,55",Vendida,"R$ 1.612.179,97","R$ 13.155,28",
OCEAN PARK,Apto 905 S,3S,"80,91",Vendida,"R$ 826.283,36","R$ 10.212,38",
OCEAN PARK,Apto 2202 S,3S,"121,37",Vendida,"R$ 1.669.566,63","R$ 13.756,01",
OCEAN PARK,Apto 2102 S,2S,"121,37",Vendida,"R$ 1.649.651,40","R$ 13.591,92",
BLUE COAST,Apartamento 2103,2S,"131,52",Vendida,"R$ 1.363.625,15","R$ 10.368,20",
OCEAN PARK,Apto 2302 S,2S,"121,37",Vendida,"R$ 1.774.685,82","R$ 14.622,11",
OCEAN PARK,Apto 2501 S,2S,"122,55",Vendida,"R$ 1.747.236,06","R$ 14.257,33",
OCEAN PARK,Apto 2506 S,3S,"80,03",Vendida,"R$ 1.020.334,31","R$ 12.749,40",
OCEAN PARK,Apto 503 S,3S,"79,8",Vendida,"R$ 783.848,25","R$ 9.822,66",
OCEAN PARK,Apto 906 S,2S,"80,03",Vendida,"R$ 835.110,85","R$ 10.434,97",
SUNNY ISLAND,Apto 1601,2S,"122,79",Vendida,"R$ 1.468.515,97","R$ 11.959,57",
SUNNY ISLAND,Apto 2303,2S,"84,13",Vendida,"R$ 913.587,12","R$ 10.859,23",
SUNNY ISLAND,Apto 503,3S,"90,67",Vendida,"R$ 842.015,76","R$ 9.286,60",
OCEAN PARK,Apto 2502 S,3S,"121,37",Vendida,"R$ 1.737.611,81","R$ 14.316,65",
SUNNY ISLAND,Apto 1004,2S,"83,25",Vendida,"R$ 772.249,11","R$ 9.276,27",
SUNNY ISLAND,Apto 2004,3S,"83,25",Vendida,"R$ 872.488,96","R$ 10.480,35",
SUNNY ISLAND,Apto 603,2S,"84,13",Vendida,"R$ 781.270,62","R$ 9.286,47",
SUNNY ISLAND,Apto 604,2S,"83,25",Vendida,"R$ 744.181,85","R$ 8.939,12",
SUNNY ISLAND,Apto 801,3S,"122,79",Vendida,"R$ 1.247.987,79","R$ 10.163,59",
SUNNY ISLAND,Apto 1401,3S,"122,79",Vendida,"R$ 1.398.348,00","R$ 11.388,13",
SUNNY ISLAND,Apto 1503,2S,"84,13",Vendida,"R$ 849.433,82","R$ 10.096,68",
SUNNY ISLAND,Apto 1704,3S,"83,25",Vendida,"R$ 840.412,31","R$ 10.095,04",
SUNNY ISLAND,Apto 1801,2S,"122,79",Vendida,"R$ 1.518.636,15","R$ 12.367,75",
SUNNY ISLAND,Apto 1904,2S,"83,25",Vendida,"R$ 860.460,28","R$ 10.335,86",
SUNNY ISLAND,Apto 2104,2S,"83,25",Vendida,"R$ 879.505,52","R$ 10.564,63",
SUNNY ISLAND,Apto 2504,2S,"83,25",Vendida,"R$ 907.572,78","R$ 10.901,78",
SUNNY ISLAND,Apto 601,2S,"122,79",Vendida,"R$ 1.207.891,85","R$ 9.837,05",
SUNNY ISLAND,Apto 602,3S,"122,79",Vendida,"R$ 1.207.891,85","R$ 9.837,05",
OCEAN PARK,Apto 605 S,2S,"80,91",Vendida,"R$ 806.731,93","R$ 9.970,73",
SUNNY ISLAND,Apto 901,3S,"122,79",Vendida,"R$ 1.204.634,01","R$ 9.810,52",
SUNNY ISLAND,Apto 1002,2S,"122,79",Vendida,"R$ 1.288.084,24","R$ 10.490,14",
SUNNY ISLAND,Apto 1301,2S,"122,79",Vendida,"R$ 1.348.228,15","R$ 10.979,95",
SUNNY ISLAND,Apto 1304,3S,"83,25",Vendida,"R$ 798.311,42","R$ 9.589,33",
SUNNY ISLAND,Apto 1804,3S,"83,25",Vendida,"R$ 850.436,04","R$ 10.215,45",
SUNNY ISLAND,Apto 701,3S,"122,79",Vendida,"R$ 1.227.939,82","R$ 10.000,32",
SUNNY ISLAND,Apto 1102,2S,"122,79",Vendida,"R$ 1.308.132,21","R$ 10.653,41",
SUNNY ISLAND,Apto 902,2S,"122,79",Vendida,"R$ 1.268.035,76","R$ 10.326,87",
BLUE COAST,Apartamento 3303,2S,"131,52",Vendida,"R$ 2.136.194,66","R$ 16.242,36",
SUNNY ISLAND,Apto 1901,2S,"122,79",Vendida,"R$ 1.538.684,12","R$ 12.531,02",
OCEAN PARK,Apto 2206 S,2S,"80,03",Vendida,"R$ 995.594,57","R$ 12.440,27",
SUNNY ISLAND,Apto 2204,2S,"83,25",Vendida,"R$ 934.362,57","R$ 11.223,57",
OCEAN PARK,Apto 1602 S,3S,"121,37",Vendida,"R$ 1.566.421,17","R$ 12.906,16",
SUNNY ISLAND,Apto 1201,3S,"122,79",Vendida,"R$ 1.261.771,00","R$ 10.275,84",
SUNNY ISLAND,Apto 1203,2S,"84,13",Vendida,"R$ 782.203,03","R$ 9.297,55",
OCEAN PARK,Apto 2402 S,3S,"121,37",Vendida,"R$ 1.709.942,67","R$ 14.088,68",
SUNNY ISLAND,Apto 2601,2S,"122,79",Vendida,"R$ 1.709.092,12","R$ 13.918,82",
SUNNY ISLAND,Apto 2602,2S,"122,79",Vendida,"R$ 1.709.092,12","R$ 13.918,82",
OCEAN PARK,Apto 2401 S,3S,"122,55",Vendida,"R$ 1.627.533,66","R$ 13.280,57",
SUNNY ISLAND,Apto 1404,2S,"83,25",Vendida,"R$ 848.786,61","R$ 10.195,63",
SUNNY ISLAND,Apto 1504,2S,"83,25",Vendida,"R$ 856.182,10","R$ 10.284,47",
BLUE COAST,Apartamento 3003,3S,"131,52",Vendida,"R$ 2.029.547,15","R$ 15.431,47",
BLUE COAST,Apartamento 3403,3S,"131,52",Vendida,"R$ 2.362.358,32","R$ 17.961,97",
OCEAN PARK,Apto 1001 S,3S,"122,55",Vendida,"R$ 1.440.395,79","R$ 11.753,54",
OCEAN PARK,Apto 2306 S,2S,"80,03",Vendida,"R$ 1.008.280,28","R$ 12.598,78",
SUNNY ISLAND,Apto 1101,2S,"122,79",Vendida,"R$ 1.378.723,36","R$ 11.228,30",
OCEAN PARK,Apto 1206 S,3S,"80,03",Vendida,"R$ 904.555,71","R$ 11.302,71",
OCEAN PARK,Apto 1505 S,3S,"80,91",Vendida,"R$ 885.167,17","R$ 10.940,15",
OCEAN PARK,Apto 805 S,2S,"80,91",Vendida,"R$ 827.426,02","R$ 10.226,50",
OCEAN PARK,Apto 804 S,2S,"82,29",Vendida,"R$ 817.149,22","R$ 9.930,12",
SUNNY ISLAND,Apto 702,2S,"122,79",Vendida,"R$ 1.298.125,94","R$ 10.571,92",
OCEAN PARK,Apto 703 S,2S,"79,8",Vendida,"R$ 674.326,77","R$ 8.450,21",
SUNNY ISLAND,Apto 1202,3S,"122,79",Vendida,"R$ 1.404.095,47","R$ 11.434,93",
SUNNY ISLAND,Apto 2603,2S,"84,13",Vendida,"R$ 988.059,45","R$ 11.744,44",
OCEAN PARK,Apto 1501 S,2S,"122,55",Vendida,"R$ 1.596.330,82","R$ 13.025,96",
OCEAN PARK,Apto 1906 S,Garden,"80,03",Vendida,"R$ 970.679,99","R$ 12.128,95",
SUNNY ISLAND,Apto 1403,2S,"84,13",Vendida,"R$ 890.567,52","R$ 10.585,61",
SUNNY ISLAND,Apto 2501,3S,"122,79",Vendida,"R$ 1.785.585,48","R$ 14.541,78",
OCEAN PARK,Apto 1405 S,Garden,"80,91",Vendida,"R$ 873.011,36","R$ 10.789,91",
SUNNY ISLAND,Apto 1702,3S,"122,79",Vendida,"R$ 1.584.243,57","R$ 12.902,06",
BREEZE TOWER,Apartamento 703,3S,"82,06",Vendida,R$ -,R$ -,
BREEZE TOWER,Apartamento1901,3S,"129,15",Vendida,R$ -,R$ -,
BREEZE TOWER,Apartamento1902,2S,"125,51",Vendida,R$ -,R$ -,
PALM SPRINGS,Apartamento 403,2S,"137,11",Vendida,R$ -,R$ -,
PALM SPRINGS,Apartamento 501,2S,"142,41",Vendida,R$ -,R$ -,
PALM SPRINGS,Apartamento 503,3S,"137,47",Vendida,R$ -,R$ -,
PALM SPRINGS,Apartamento1202,2S,"140,3",Vendida,R$ -,R$ -,
PALM SPRINGS,Apartamento1703,2S,"137,47",Vendida,R$ -,R$ -,
SUNRISE TOWER,Apartamento 601,3S,"129,72",Vendida,R$ -,R$ -,
SUNRISE TOWER,Apartamento 703,2S,"84,83",Vendida,R$ -,R$ -,
SUNRISE TOWER,Apartamento 801,3S,"129,72",Vendida,R$ -,R$ -,
SUNRISE TOWER,Apartamento 804,2S,"84,83",Vendida,R$ -,R$ -,
BLUE COAST,Apartamento 602,3S,82,Vendida,"R$ 950.275,20","R$ 11.588,72",
OCEAN PARK,Apto 1306 S,3S,"80,03",Vendida,"R$ 915.353,97","R$ 11.437,64",
SUNNY ISLAND,Apto 1302,3S,"122,79",Vendida,"R$ 1.425.289,48","R$ 11.607,54",
OCEAN PARK,Apto 1401 S,2S,"122,55",Vendida,"R$ 1.604.747,23","R$ 13.094,63",
OCEAN PARK,Apto 1406 S,2S,"80,03",Vendida,"R$ 923.411,36","R$ 11.538,32",
SUNNY ISLAND,Apto 1303,3S,"84,13",Vendida,"R$ 883.149,68","R$ 10.497,44",
SUNNY ISLAND,Apto 1703,2S,"84,13",Vendida,"R$ 918.119,44","R$ 10.913,10",
SUNNY ISLAND,Apto 2101,2S,"122,79",Vendida,"R$ 1.669.019,29","R$ 13.592,47",
SUNNY ISLAND,Apto 2304,2S,"83,25",Vendida,"R$ 944.612,04","R$ 11.346,69",
OCEAN PARK,Apto 1902 S,Garden,"121,37",Vendida,"R$ 1.628.222,21","R$ 13.415,36",
OCEAN PARK,Apto 603 N,2S,"78,91",Vendida,"R$ 804.708,82","R$ 10.197,81",
OCEAN PARK,Apto 705 S,3S,"80,91",Vendida,"R$ 823.322,84","R$ 10.175,79",
BLUE COAST,Apartamento 3401,3S,"132,19",Vendida,"R$ 2.333.954,40","R$ 17.656,06",
OCEAN PARK,Apto 1103 S,2S,"79,8",Vendida,"R$ 838.587,79","R$ 10.508,62",
SUNNY ISLAND,Apto 1803,2S,"84,13",Vendida,"R$ 929.482,13","R$ 11.048,17",
SUNNY ISLAND,Apto 2404,3S,"83,25",Vendida,"R$ 959.183,04","R$ 11.521,72",
SUNNY ISLAND,Apto 2604,2S,"83,25",Vendida,"R$ 970.986,36","R$ 11.663,50",
BLUE COAST,Apartamento 3102,3S,82,Vendida,"R$ 1.210.285,80","R$ 14.759,58",
OCEAN PARK,Apto 1504 S,2S,"82,29",Vendida,"R$ 878.619,42","R$ 10.677,11",
OCEAN PARK,Apto 1605 S,2S,"80,91",Vendida,"R$ 897.078,85","R$ 11.087,37",
BLUE COAST,Sala Com. 01,2S,"81,58",Vendida,"R$ 1.226.636,88","R$ 15.036,00",
BLUE COAST,Sala Com. 02,3S,"69,45",Vendida,"R$ 1.044.250,60","R$ 15.036,01",
BLUE COAST,Sala Com. 03,2S,"90,38",Vendida,"R$ 1.358.953,68","R$ 15.036,00",
BLUE COAST,Sala Com. 04,2S,"80,97",Vendida,"R$ 1.217.465,32","R$ 15.036,00",
BLUE COAST,Sala Com. 05,3S,"79,79",Vendida,"R$ 1.199.722,84","R$ 15.036,01",
BLUE COAST,Sala Com. 06,2S,"160,89",Vendida,"R$ 2.419.142,44","R$ 15.036,00",
BLUE COAST,Sala Com. 07,3S,"96,04",Vendida,"R$ 1.444.057,44","R$ 15.036,00",
CORAL GABLES,Sala Com. 01,2S,"66,07",Vendida,"R$ 993.428,92","R$ 15.036,01",
CORAL GABLES,Sala Com. 02,Sala,"58,83",Vendida,"R$ 884.568,28","R$ 15.036,01",
CORAL GABLES,Sala Com. 04,3S,"236,29",Vendida,"R$ 3.552.856,84","R$ 15.036,00",
CORAL GABLES,Sala Com. 05,3S,"124,19",Vendida,"R$ 1.867.321,24","R$ 15.036,00",
CORAL GABLES,Sala Com. 06,3S,"307,98",Vendida,"R$ 4.630.787,28","R$ 15.036,00",
OCEAN PARK,Sala Com. 01,3S,"56,04",Vendida,"R$ 842.617,44","R$ 15.036,00",
OCEAN PARK,Sala Com. 02,2S,"96,01",Vendida,"R$ 1.443.606,76","R$ 15.036,00",
OCEAN PARK,Sala Com. 03,2S,"61,6",Vendida,"R$ 926.217,60","R$ 15.036,00",
OCEAN PARK,Sala Com. 04,2S,"63,07",Vendida,"R$ 948.320,92","R$ 15.036,01",
OCEAN PARK,Sala Com. 05,3S,"67,04",Vendida,"R$ 1.008.013,44","R$ 15.036,00",
OCEAN PARK,Sala Com. 07,3S,"59,93",Vendida,"R$ 901.107,88","R$ 15.036,01",
SUNNY ISLAND,Sala Com. 01,2S,"39,99",Vendida,"R$ 601.290,04","R$ 15.036,01",
SUNNY ISLAND,Sala Com. 02,3S,"41,96",Vendida,"R$ 630.910,56","R$ 15.036,00",
SUNNY ISLAND,Sala Com. 03,2S,"41,94",Vendida,"R$ 630.609,84","R$ 15.036,00",
SUNNY ISLAND,Sala Com. 04,2S,"44,97",Vendida,"R$ 676.169,32","R$ 15.036,01",
OCEAN PARK,Apto 1105 S,3S,"80,91",Vendida,"R$ 853.842,63","R$ 10.552,99",
PALM SPRINGS,Apartamento1701,Garden,"142,41",Vendida,"R$ 2.506.000,00","R$ 17.597,08",
SOUTH BEACH TOWER,Apartamento1802,2S,"129,5",Vendida,"R$ 2.506.000,00","R$ 19.351,35",
SUNNY ISLAND,Apto 2503,3S,"84,13",Vendida,"R$ 938.609,31","R$ 11.156,65",
OCEAN PARK,Apto 601 N,2S,"121,37",Vendida,"R$ 1.389.488,56","R$ 11.448,37",
OCEAN PARK,Apto 1201 S,2S,"122,55",Vendida,"R$ 1.475.556,32","R$ 12.040,44",
THE WAVE,Apartamento 602,2S,"144,08",Vendida,"R$ 2.055.142,37","R$ 14.263,90",
OCEAN PARK,Apto 2005 S,2S,"80,91",Vendida,"R$ 932.642,85","R$ 11.526,92",
OCEAN PARK,Apto 1101 S,3S,"122,55",Vendida,"R$ 1.552.338,40","R$ 12.666,98",
PALM SPRINGS,Apartamento1203,2S,"137,47",Vendida,"R$ 1.834.590,01","R$ 13.345,38",
SUNNY ISLAND,Apto 1603,2S,"84,13",Vendida,"R$ 917.028,63","R$ 10.900,14",
SUNNY ISLAND,Apto 501,3S,"136,44",Vendida,"R$ 1.393.823,81","R$ 10.215,65",
GOLD COAST,Apto. 1401 N,2S,"184,28",Vendida,"R$ 3.889.512,54","R$ 21.106,54",
GOLD COAST,Apto. 903 N,2S,"125,03",Vendida,"R$ 1.657.969,60","R$ 13.260,57",
GOLD COAST,Apto. 1201 S,Garden,"144,06",Vendida,"R$ 2.536.372,90","R$ 17.606,36",
GOLD COAST,Apto. 1402 S,3S,"184,28",Vendida,"R$ 3.889.512,48","R$ 21.106,54",
SUNNY ISLAND,Apto 1903,Garden,"84,13",Vendida,"R$ 943.396,15","R$ 11.213,55",
GOLD COAST,Apto. 901 N,3S,"132,2",Vendida,"R$ 1.994.706,04","R$ 15.088,55",
GOLD COAST,Apto. 1301 S,2S,"140,47",Vendida,"R$ 2.586.492,72","R$ 18.413,13",
OCEAN PARK,Apto 1305 S,3S,"80,91",Vendida,"R$ 871.916,07","R$ 10.776,37",
GOLD COAST,Apto. 1001 N,3S,"132,2",Vendida,"R$ 2.035.303,09","R$ 15.395,64",
GOLD COAST,Apto. 1202 N,2S,"144,06",Vendida,"R$ 2.536.372,90","R$ 17.606,36",
GOLD COAST,Apto. 1101 S,2S,"140,47",Vendida,"R$ 2.476.028,24","R$ 17.626,74",
GOLD COAST,Apto. 1102 N,3S,"140,47",Vendida,"R$ 2.476.028,24","R$ 17.626,74",
BLUE COAST,Apartamento 3202,3S,82,Vendida,"R$ 1.232.359,42","R$ 15.028,77",
GOLD COAST,Apto. 702 N,2S,"140,47",Vendida,"R$ 2.099.506,96","R$ 14.946,30",
GOLD COAST,Apto. 701 S,3S,"140,47",Vendida,"R$ 2.099.506,96","R$ 14.946,30",
GOLD COAST,Apto. 1101 N,3S,"132,2",Vendida,"R$ 2.135.543,03","R$ 16.153,88",
GOLD COAST,Apto. 1301 N,3S,"132,2",Vendida,"R$ 2.286.875,36","R$ 17.298,60",
GOLD COAST,Apto. 601 N,3S,"132,2",Vendida,"R$ 1.768.363,76","R$ 13.376,43",
GOLD COAST,Apto. 1001 S,2S,"140,47",Vendida,"R$ 2.435.581,37","R$ 17.338,80",
GOLD COAST,Apto. 902 S,2S,"132,2",Vendida,"R$ 1.994.706,04","R$ 15.088,55",
SUNNY ISLAND,Apto 2103,3S,"84,13",Vendida,"R$ 961.612,69","R$ 11.430,08",
BLUE COAST,Apartamento 1901,3S,"131,99",Vendida,R$ -,R$ -,
BLUE COAST,Apartamento 801,3S,"131,99",Vendida,R$ -,R$ -,
BLUE COAST,Apartamento 803,3S,"131,52",Vendida,R$ -,R$ -,
GOLD COAST,Apto. 1002 S,3S,"132,2",Vendida,"R$ 2.035.303,09","R$ 15.395,64",
GOLD COAST,Apto. 602 S,2S,"132,2",Vendida,"R$ 1.768.363,76","R$ 13.376,43",
GOLD COAST,Apto. 702 S,2S,"132,2",Vendida,"R$ 1.828.808,54","R$ 13.833,65",
GOLD COAST,Apto. 802 S,3S,"132,2",Vendida,"R$ 1.929.098,96","R$ 14.592,28",
OCEAN PARK,Apto 1902 N,3S,"122,55",Vendida,R$ -,R$ -,
OCEAN PARK,Apto 605 N,2S,"79,69",Vendida,"R$ 400.960,00","R$ 5.031,50",
OCEAN PARK,Apto 702 N,2S,"122,55",Vendida,R$ -,R$ -,
OCEAN PARK,Apto 901 N,3S,"121,37",Vendida,R$ -,R$ -,
OCEAN PARK,Apto 902 N,2S,"122,55",Vendida,R$ -,R$ -,
OCEAN PARK,Apto 903 N,3S,"78,91",Vendida,R$ -,R$ -,
OCEAN PARK,Apto 1703 S,2S,"79,8",Vendida,"R$ 902.160,00","R$ 11.305,26",
OCEAN PARK,Apto 501 S,2S,"122,55",Vendida,R$ -,R$ -,
OCEAN PARK,Apto 506 S,3S,"80,03",Vendida,R$ -,R$ -,
OCEAN PARK,Apto 601 S,3S,"122,55",Vendida,R$ -,R$ -,
OCEAN PARK,Apto 602 S,3S,"121,37",Vendida,R$ -,R$ -,
OCEAN PARK,Apto 603 S,3S,"79,8",Vendida,R$ -,R$ -,
OCEAN PARK,Apto 902 S,3S,"121,37",Vendida,R$ -,R$ -,
SUNRISE TOWER,Apartamento1501,3S,"129,72",Vendida,R$ -,R$ -,
OCEAN PARK,Apto 904 S,3S,"82,29",Vendida,"R$ 833.976,30","R$ 10.134,60",
SUNNY ISLAND,Apto 2003,3S,"84,13",Vendida,"R$ 954.111,44","R$ 11.340,92",
SUNRISE TOWER,Apartamento1703,2S,"84,83",Vendida,"R$ 1.082.592,00","R$ 12.761,90",
CORAL GABLES,Apartamento1602,3S,"136,35",Vendida,"R$ 1.902.005,48","R$ 13.949,44",
OCEAN PARK,Apto 2305 N,2S,"79,69",Vendida,"R$ 913.055,11","R$ 11.457,59",
SUNNY ISLAND,Apto 1602,3S,"122,79",Vendida,"R$ 1.575.145,65","R$ 12.827,96",
OCEAN PARK,Apto 1301 S,3S,"122,55",Vendida,"R$ 1.679.060,53","R$ 13.701,02",
OCEAN PARK,Apto 505 S,2S,"80,91",Vendida,"R$ 808.423,95","R$ 9.991,64",
THE WAVE,Apartamento1003,3S,"120,29",Vendida,"R$ 1.415.646,17","R$ 11.768,61",
GOLD COAST,Apto. 802 N,3S,"140,47",Vendida,"R$ 2.220.065,31","R$ 15.804,55",
OCEAN PARK,Apto 2104 N,Sala,"83,4",Vendida,"R$ 948.393,59","R$ 11.371,63",
SUNNY ISLAND,Apto 1502,Garden,"122,79",Vendida,"R$ 1.529.761,64","R$ 12.458,36",
BLUE COAST,Apartamento 2102,Sala,82,Vendida,"R$ 1.038.532,76","R$ 12.665,03",
GOLD COAST,Apto. 1302 S,3S,"132,2",Vendida,"R$ 2.362.598,67","R$ 17.871,40",
OCEAN PARK,Apto 502 S,3S,"121,37",Vendida,"R$ 1.351.967,20","R$ 11.139,22",
GOLD COAST,Apto. 1401 S,2S,"237,77",Vendida,"R$ 5.302.642,70","R$ 22.301,56",
GOLD COAST,Apto. 901 S,Garden,"144,06",Vendida,"R$ 2.443.736,82","R$ 16.963,33",
OCEAN PARK,Apto 2403 N,Garden,"78,91",Vendida,"R$ 1.014.557,15","R$ 12.857,14",
OCEAN PARK,Apto 701 S,3S,"122,55",Vendida,"R$ 1.435.233,68","R$ 11.711,41",
OCEAN PARK,Apto 901 S,3S,"122,55",Vendida,"R$ 1.455.306,77","R$ 11.875,21",
GOLD COAST,Apto. 603 S,3S,"125,03",Vendida,"R$ 1.579.066,16","R$ 12.629,50",
GOLD COAST,Apto. 801 N,3S,"132,2",Vendida,"R$ 2.069.858,67","R$ 15.657,02",
OCEAN PARK,Apto 604 S,3S,"82,29",Vendida,"R$ 813.379,22","R$ 9.884,30",
OCEAN PARK,Apto 1305 N,2S,"79,69",Vendida,"R$ 801.130,36","R$ 10.053,09",
OCEAN PARK,Apto 1803 S,2S,"79,8",Vendida,"R$ 907.029,57","R$ 11.366,29",
SUNNY ISLAND,Apto 1402,Sala,"122,79",Vendida,"R$ 1.499.334,49","R$ 12.210,56",
GOLD COAST,Apto. 1201 N,3S,"132,2",Vendida,"R$ 2.289.796,48","R$ 17.320,70",
GOLD COAST,Apto. 1202 S,2S,"132,2",Vendida,"R$ 2.321.176,55","R$ 17.558,07",
SUNNY ISLAND,Apto 1604,3S,"83,25",Vendida,"R$ 902.559,16","R$ 10.841,55",
BLUE COAST,Apartamento 2403,3S,"131,52",Vendida,"R$ 1.910.775,68","R$ 14.528,40",
GOLD COAST,Apto. 801 S,3S,"140,47",Vendida,"R$ 2.220.065,31","R$ 15.804,55",
OCEAN PARK,Apto 2505 N,3S,"79,69",Vendida,"R$ 955.242,53","R$ 11.986,98",
BLUE COAST,Apartamento 3402,2S,82,Vendida,"R$ 1.285.764,85","R$ 15.680,06",
GOLD COAST,Apto. 601 S,3S,"144,06",Vendida,"R$ 2.032.380,66","R$ 14.107,88",
SUNNY ISLAND,Apto 802,3S,"122,79",Vendida,"R$ 1.356.453,19","R$ 11.046,94",
GOLD COAST,Apto. 1102 S,3S,"132,2",Vendida,"R$ 2.236.490,39","R$ 16.917,48",
SUNNY ISLAND,Apto 904,3S,"83,25",Vendida,"R$ 917.595,40","R$ 11.022,17",
SOUTH BEACH TOWER,Decorado,3S,"127,82",Vendida,R$ -,R$ -,
GOLD COAST,Apto. 502 S,3S,"132,2",Vendida,"R$ 1.736.250,42","R$ 13.133,51",
OCEAN PARK,Apto 1704 S,2S,"82,29",Vendida,"R$ 916.179,24","R$ 11.133,54",
GOLD COAST,Apto. 501 S,3S,"140,47",Vendida,"R$ 1.945.666,93","R$ 13.851,12",
OCEAN PARK,Apto 1002 S,3S,"121,37",Vendida,"R$ 1.452.090,79","R$ 11.964,17",
SUNNY ISLAND,Apto 704,3S,"83,25",Vendida,"R$ 896.517,00","R$ 10.768,97",
SUNNY ISLAND,Apto 804,3S,"83,25",Vendida,"R$ 903.449,41","R$ 10.852,25",
GOLD COAST,Apto. 402 S,3S,"132,08",Vendida,"R$ 1.667.416,33","R$ 12.624,29",
OCEAN PARK,Apto 2504 S,2S,"82,29",Vendida,"R$ 996.057,92","R$ 12.104,24",
GOLD COAST,Apto. 701 N,3S,"132,2",Vendida,"R$ 1.859.473,05","R$ 14.065,61",
GOLD COAST,Apto. 501 N,3S,"132,2",Vendida,"R$ 1.750.333,99","R$ 13.240,05",
OCEAN PARK,Apto 1705 S,3S,"80,91",Vendida,"R$ 924.212,80","R$ 11.422,73",
BLUE COAST,Apartamento 2101,3S,"131,99",Vendida,"R$ 1.839.750,50","R$ 13.938,56",
GOLD COAST,Apto. 401 S,2S,"144,19",Vendida,"R$ 1.879.250,61","R$ 13.033,15",
SUNRISE TOWER,Apartamento1901,3S,"129,72",Vendida,"R$ 2.599.510,54","R$ 20.039,40",
GOLD COAST,Apto. 1002 N,3S,"140,47",Vendida,"R$ 2.573.758,23","R$ 18.322,48",
SUNNY ISLAND,Apto 1501,3S,"122,79",Vendida,"R$ 1.576.775,20","R$ 12.841,23",
ATLANTIC,Apto 1503,3S,"100,53",Vendida,R$ -,R$ -,
ATLANTIC,Apto 1801,3S,"119,77",Vendida,R$ -,R$ -,
ATLANTIC,Sala com. 01,2S,"33,07",Vendida,R$ -,R$ -,
ATLANTIC,Sala com. 02,3S,"34,44",Vendida,R$ -,R$ -,
OCEAN PARK,Apto 1003 S,3S,"79,8",Vendida,"R$ 858.438,25","R$ 10.757,37",
OCEAN PARK,Apto 803 S,3S,"79,8",Vendida,"R$ 842.673,80","R$ 10.559,82",
SUNNY ISLAND,Apto 2203,2S,"84,13",Vendida,"R$ 994.302,24","R$ 11.818,64",
ATLANTIC,Apto 1201,3S,"119,77",Vendida,R$ -,R$ -,
ATLANTIC,Apto 603,3S,"100,53",Vendida,R$ -,R$ -,
ATLANTIC,Apto 701,3S,"119,77",Vendida,R$ -,R$ -,
CORAL GABLES,Apartamento1703,3S,"82,41",Vendida,"R$ 1.185.052,12","R$ 14.379,96",
OCEAN PARK,Apto 2403 S,2S,"79,8",Vendida,"R$ 982.451,85","R$ 12.311,43",
OCEAN PARK,Apto 2503 S,3S,"79,8",Vendida,"R$ 991.910,42","R$ 12.429,96",
OCEAN PARK,Apto 2103 S,4S,"79,8",Vendida,"R$ 954.075,74","R$ 11.955,84",
GOLD COAST,Apto. 1302 N,2S,"140,47",Vendida,"R$ 2.733.331,87","R$ 19.458,47",
GOLD COAST,Apto. 1303 S,3S,"125,03",Vendida,"R$ 1.931.745,38","R$ 15.450,25",
OCEAN PARK,Apto 1503 S,3S,"79,8",Vendida,"R$ 902.578,79","R$ 11.310,51",
CORAL GABLES,Apartamento1701,3S,"128,79",Vendida,"R$ 2.039.354,32","R$ 15.834,73",
SUNRISE TOWER,Apartamento1802,3S,"129,9",Vendida,"R$ 2.353.797,51","R$ 18.120,07",
OCEAN PARK,Apto 1104 S,3S,"82,29",Vendida,"R$ 871.397,63","R$ 10.589,35",
OCEAN PARK,Apto 1304 S,3S,"82,29",Vendida,"R$ 887.184,08","R$ 10.781,19",
SUNNY ISLAND,Apto 1802,2S,"122,79",Vendida,"R$ 1.665.599,38","R$ 13.564,62",
BLUE COAST,Apartamento 2401,2S,"131,99",Vendida,"R$ 1.904.560,00","R$ 14.429,58",
OCEAN PARK,Apto 1404 S,3S,"82,29",Vendida,"R$ 895.649,99","R$ 10.884,07",
SUNNY ISLAND,Apto 504,3S,"89,72",Vendida,R$ -,R$ -,
SUNNY ISLAND,Apto 703,3S,"84,13",Vendida,R$ -,R$ -,
SUNNY ISLAND,Apto 803,3S,"84,13",Vendida,R$ -,R$ -,
SUNNY ISLAND,Apto 903,3S,"84,13",Vendida,R$ -,R$ -,
OCEAN PARK,Apto 2105 N,3S,"79,69",Vendida,"R$ 970.469,97","R$ 12.178,06",
OCEAN PARK,Apto 2203 S,3S,"79,8",Vendida,"R$ 964.165,17","R$ 12.082,27",
SUNNY ISLAND,Apto 1001,3S,"122,79",Vendida,R$ -,R$ -,
SUNNY ISLAND,Apto 1104,3S,"83,25",Vendida,R$ -,R$ -,
SUNNY ISLAND,Apto 1204,2S,"83,25",Vendida,R$ -,R$ -,
OCEAN PARK,Apto 2405 S,3S,"80,91",Vendida,"R$ 998.211,19","R$ 12.337,30",
SUNNY ISLAND,Apto 1003,3S,"84,13",Vendida,"R$ 903.643,11","R$ 10.741,03",
SUNNY ISLAND,Apto 2102,3S,"122,79",Vendida,"R$ 1.732.696,81","R$ 14.111,06",
OCEAN PARK,Apto 1805 S,3S,"80,91",Vendida,"R$ 944.178,33","R$ 11.669,49",
BLUE COAST,Apartamento 2203,3S,"131,52",Vendida,"R$ 1.864.604,70","R$ 14.177,35",
OCEAN PARK,Apto 1802 S,2S,"121,37",Vendida,"R$ 1.819.659,22","R$ 14.992,66",
SUNNY ISLAND,Apto 1701,3S,"122,79",Vendida,"R$ 1.660.324,34","R$ 13.521,66",
GOLD COAST,Apto. 403 N,3S,"124,96",Vendida,"R$ 1.543.865,58","R$ 12.354,88",
SUNNY ISLAND,Apto 2301,3S,"122,79",Vendida,"R$ 1.809.705,71","R$ 14.738,22",
OCEAN PARK,Apto 502 N,3S,"122,55",Vendida,"R$ 1.398.596,31","R$ 11.412,45",
OCEAN PARK,Apto 801 S,3S,"122,55",Vendida,"R$ 1.480.652,97","R$ 12.082,03",
CORAL GABLES,Apartamento1401,3S,"126,83",Vendida,"R$ 1.946.215,35","R$ 15.345,07",
OCEAN PARK,Apto 903 S,3S,"79,8",Vendida,"R$ 851.870,00","R$ 10.675,06",
PALM SPRINGS,Apartamento 703,3S,"137,47",Vendida,"R$ 1.762.043,88","R$ 12.817,66",
SOUTH BEACH TOWER,Apartamento1703,3S,"79,02",Vendida,"R$ 1.253.095,74","R$ 15.857,96",
OCEAN PARK,Apto 1502 S,3S,"121,37",Vendida,"R$ 1.615.319,70","R$ 13.309,05",
PARADISE BAY,Apto 2403,3S,"81,14",Vendida,"R$ 1.108.472,97","R$ 13.661,24",
PARADISE BAY,Apto 704,2S,"79,9",Vendida,"R$ 819.054,06","R$ 10.250,99",
PARADISE BAY,Apto 1203,2S,"81,14",Vendida,"R$ 893.149,37","R$ 11.007,51",
PARADISE BAY,Apto 1603,3S,"81,14",Vendida,"R$ 979.785,86","R$ 12.075,25",
PARADISE BAY,Apto 1701,3S,"123,48",Vendida,"R$ 1.807.748,21","R$ 14.640,01",
PARADISE BAY,Apto 2203,3S,"81,14",Vendida,"R$ 1.042.957,10","R$ 12.853,80",
PARADISE BAY,Apto 2301,3S,"123,48",Vendida,"R$ 1.918.022,23","R$ 15.533,06",
PARADISE BAY,Apto 2501,2S,"123,48",Vendida,"R$ 1.967.911,68","R$ 15.937,09",
OCEAN PARK,Apto 1905 S,3S,"80,91",Vendida,"R$ 953.512,33","R$ 11.784,85",
PARADISE BAY,Apto 1103,3S,"81,14",Vendida,"R$ 878.063,25","R$ 10.821,58",
PARADISE BAY,Apto 1303,3S,"81,14",Vendida,"R$ 908.235,49","R$ 11.193,44",
PARADISE BAY,Apto 1601,2S,"123,48",Vendida,"R$ 1.796.716,80","R$ 14.550,67",
PARADISE BAY,Apto 1802,3S,"122,21",Vendida,"R$ 1.789.344,14","R$ 14.641,55",
PARADISE BAY,Apto 1903,3S,"81,14",Vendida,"R$ 1.007.412,00","R$ 12.415,73",
PARADISE BAY,Apto 2303,3S,"81,14",Vendida,"R$ 1.052.259,38","R$ 12.968,44",
PARADISE BAY,Apto 2401,3S,"123,48",Vendida,"R$ 1.937.268,31","R$ 15.688,92",
PARADISE BAY,Apto 2402,3S,"122,21",Vendida,"R$ 1.909.401,59","R$ 15.623,94",
PARADISE BAY,Apto 2506,Sala,"81,1",Vendida,"R$ 1.115.230,14","R$ 13.751,30",
PARADISE BAY,Apto 604,2S,"79,9",Vendida,"R$ 807.921,83","R$ 10.111,66",
PARADISE BAY,Apto 1403,3S,"81,14",Vendida,"R$ 1.050.877,01","R$ 12.951,41",
PARADISE BAY,Apto 2002,3S,"122,21",Vendida,"R$ 1.832.417,27","R$ 14.994,00",
PARADISE BAY,Apto 2003,3S,"81,14",Vendida,"R$ 1.024.352,56","R$ 12.624,51",
PARADISE BAY,Apto 2504,2S,"79,9",Vendida,"R$ 1.181.288,30","R$ 14.784,58",
PARADISE BAY,Apto 1806,2S,"81,1",Vendida,"R$ 1.062.954,98","R$ 13.106,72",
PARADISE BAY,Apto 1003,3S,"81,14",Vendida,"R$ 866.931,01","R$ 10.684,39",
PARADISE BAY,Apto 1901,3S,"123,48",Vendida,"R$ 1.829.811,03","R$ 14.818,68",
PARADISE BAY,Apto 2101,3S,"123,48",Vendida,"R$ 1.879.530,07","R$ 15.221,33",
PARADISE BAY,Apto 2204,3S,"79,9",Vendida,"R$ 1.143.357,49","R$ 14.309,86",
PARADISE BAY,Apto 503,2S,"99,91",Vendida,"R$ 834.731,60","R$ 8.354,84",
PARADISE BAY,Apto 2502,3S,"122,21",Vendida,"R$ 1.940.044,96","R$ 15.874,68",
PARADISE BAY,Apto 904,3S,"79,9",Vendida,"R$ 841.318,53","R$ 10.529,64",
PARADISE BAY,Apto 2104,2S,"79,9",Vendida,"R$ 1.144.079,22","R$ 14.318,89",
PARADISE BAY,Apto 2201,Garden,"123,48",Vendida,"R$ 1.898.776,15","R$ 15.377,20",
CORAL GABLES,Apartamento1501,3S,"128,79",Vendida,"R$ 1.978.463,61","R$ 15.361,94",
PARADISE BAY,Apto 2102,3S,"122,21",Vendida,"R$ 1.851.663,35","R$ 15.151,49",
GOLD COAST,Apto. 503 S,2S,"125,03",Vendida,"R$ 1.581.721,12","R$ 12.650,73",
CORAL GABLES,Apartamento1201,2S,"126,86",Vendida,"R$ 1.886.440,70","R$ 14.870,26",
GOLD COAST,Apto. 1003 N,3S,"125,03",Vendida,"R$ 1.768.647,21","R$ 14.145,78",
GOLD COAST,Apto. 1303 N,3S,"125,03",Vendida,"R$ 1.934.877,92","R$ 15.475,31",
PARADISE BAY,Apto 703,3S,"81,14",Vendida,"R$ 833.534,31","R$ 10.272,79",
BLUE COAST,Apartamento 3301,2S,"135,7",Vendida,"R$ 2.233.145,15","R$ 16.456,49",
PARADISE BAY,Apto 2503,3S,"81,14",Vendida,"R$ 1.070.863,92","R$ 13.197,73",
PARADISE BAY,Apto 1703,3S,"81,14",Vendida,"R$ 993.268,14","R$ 12.241,41",
PARADISE BAY,Apto 2302,3S,"122,21",Vendida,"R$ 1.890.155,51","R$ 15.466,46",
PARADISE BAY,Apto 504,3S,"86,62",Vendida,"R$ 821.175,56","R$ 9.480,21",
PARADISE BAY,Apto 803,3S,"81,14",Vendida,"R$ 844.666,55","R$ 10.409,99",
PARADISE BAY,Apto 903,2S,"81,14",Vendida,"R$ 855.798,78","R$ 10.547,19",
BLUE COAST,Apartamento 2303,2S,"131,52",Vendida,"R$ 1.894.245,93","R$ 14.402,72",
CORAL GABLES,Apartamento2402,3S,"136,24",Vendida,"R$ 2.295.788,94","R$ 16.851,06",
PARADISE BAY,Apto 2202,3S,"122,21",Vendida,"R$ 1.870.909,43","R$ 15.308,97",
PARADISE BAY,Apto 603,Sala,"81,14",Vendida,"R$ 822.402,08","R$ 10.135,59",
SUNNY ISLAND,Apto 1103,3S,"84,13",Vendida,"R$ 911.044,97","R$ 10.829,01",
PARADISE BAY,Apto 1902,3S,"122,21",Vendida,"R$ 1.800.941,91","R$ 14.736,45",
GOLD COAST,Apto. 502 N,3S,"140,47",Vendida,"R$ 1.966.502,56","R$ 13.999,45",
GOLD COAST,Apto. 703 N,3S,"125,03",Vendida,"R$ 1.653.953,32","R$ 13.228,45",
PARADISE BAY,Apto 902,3S,"122,21",Vendida,"R$ 1.496.851,84","R$ 12.248,19",
PARADISE BAY,Apto 804,Sala,"79,9",Vendida,"R$ 830.186,30","R$ 10.390,32",
OCEAN PARK,Apto 2205 N,3S,"79,69",Vendida,"R$ 1.029.925,99","R$ 12.924,16",
PALM SPRINGS,Apartamento 402,2S,"156,22",Vendida,"R$ 2.232.344,80","R$ 14.289,75",
PARADISE BAY,Apto 1504,3S,"79,9",Vendida,"R$ 940.847,05","R$ 11.775,31",
PARADISE BAY,Apto 1602,3S,"122,21",Vendida,"R$ 1.766.148,61","R$ 14.451,75",
PARADISE BAY,Apto 1702,3S,"122,21",Vendida,"R$ 1.777.746,38","R$ 14.546,65",
PARADISE BAY,Apto 1904,Sala,"79,9",Vendida,"R$ 1.005.186,67","R$ 12.580,56",
PARADISE BAY,Apto 2001,3S,"123,48",Vendida,"R$ 1.860.283,99","R$ 15.065,47",
PARADISE BAY,Apto 2004,3S,"79,9",Vendida,"R$ 1.014.488,94","R$ 12.696,98",
PARADISE BAY,Apto 2206,3S,"81,1",Vendida,"R$ 1.092.826,50","R$ 13.475,05",
PARADISE BAY,Apto 502,3S,"131,81",Vendida,"R$ 1.392.734,56","R$ 10.566,23",
PARADISE BAY,Apto 705,3S,"81,53",Vendida,"R$ 1.016.049,21","R$ 12.462,27",
SUNNY ISLAND,Apto 2001,2S,"122,79",Vendida,"R$ 1.712.347,81","R$ 13.945,34",
SUNNY ISLAND,Apto 2202,Sala,"122,79",Vendida,"R$ 1.756.395,30","R$ 14.304,06",
BLUE COAST,Apartamento 1402,3S,82,Vendida,"R$ 1.152.760,00","R$ 14.058,05",
PARADISE BAY,Apto 1004,3S,"79,9",Vendida,"R$ 852.450,76","R$ 10.668,97",
BLUE COAST,Apartamento 2301,3S,"131,99",Vendida,"R$ 2.002.709,18","R$ 15.173,19",
GOLD COAST,Apto. 402 N,3S,"144,19",Vendida,"R$ 1.878.417,41","R$ 13.027,38",
GOLD COAST,Apto. 1003 S,3S,"125,03",Vendida,"R$ 1.763.319,39","R$ 14.103,17",
PARADISE BAY,Apto 1704,3S,"79,9",Vendida,"R$ 984.752,17","R$ 12.324,81",
GOLD COAST,Apto. 403 S,3S,"124,96",Vendida,"R$ 1.545.357,87","R$ 12.366,82",
OCEAN PARK,Apto 1603 S,3S,"79,8",Vendida,"R$ 958.086,82","R$ 12.006,10",
PARADISE BAY,Apto 2404,3S,"79,9",Vendida,"R$ 1.051.698,03","R$ 13.162,68",
PARADISE BAY,Apto 1306,3S,"81,1",Vendida,"R$ 996.074,86","R$ 12.282,06",
PARADISE BAY,Apto 2406,3S,"81,1",Vendida,"R$ 1.107.752,24","R$ 13.659,09",
SUNNY ISLAND,Apto 2302,3S,"122,79",Vendida,"R$ 1.811.454,78","R$ 14.752,46",
SUNNY ISLAND,Apto 2403,3S,"84,13",Vendida,"R$ 1.066.550,44","R$ 12.677,41",
BLUE COAST,Apartamento 3201,3S,"131,99",Vendida,"R$ 2.217.653,78","R$ 16.801,68",
GOLD COAST,Apto. 1203 S,Garden,"125,03",Vendida,"R$ 1.872.658,70","R$ 14.977,67",
PARADISE BAY,Apto 1404,3S,"79,9",Vendida,"R$ 916.108,76","R$ 11.465,69",
SUNNY ISLAND,Apto 2401,3S,"122,79",Vendida,"R$ 1.833.490,59","R$ 14.931,92",
PARADISE BAY,Apto 1001,3S,"123,48",Vendida,"R$ 1.621.015,12","R$ 13.127,75",
PARADISE BAY,Apto 1204,3S,"79,9",Vendida,"R$ 878.669,12","R$ 10.997,11",
KEY WEST,Apto 1901,2S,"125,88",Vendida,"R$ 3.007.200,00","R$ 23.889,42",
PARADISE BAY,Apto 1104,Sala,"79,9",Vendida,"R$ 863.583,00","R$ 10.808,30",
PARADISE BAY,Apto 1706,3S,"81,1",Vendida,"R$ 1.160.739,10","R$ 14.312,44",
CORAL GABLES,Apartamento2401,3S,"206,17",Vendida,"R$ 3.532.681,75","R$ 17.134,80",
BLUE COAST,Apartamento 3203,3S,"131,52",Vendida,"R$ 2.219.430,72","R$ 16.875,23",
PARADISE BAY,Apto 1304,3S,"79,9",Vendida,"R$ 893.755,24","R$ 11.185,92",
PARADISE BAY,Apto 1406,3S,"81,1",Vendida,"R$ 1.012.013,02","R$ 12.478,58",
PARADISE BAY,Apto 1505,3S,"81,53",Vendida,"R$ 996.736,44","R$ 12.225,39",
PARADISE BAY,Apto 605,3S,"81,53",Vendida,"R$ 884.628,98","R$ 10.850,35",
BLUE COAST,Apartamento 2503,3S,"131,52",Vendida,"R$ 1.859.420,48","R$ 14.137,93",
SUNNY ISLAND,Apto 2201,2S,"122,79",Vendida,"R$ 1.756.388,33","R$ 14.304,00",
PARADISE BAY,Apto 706,3S,"81,1",Vendida,"R$ 929.281,47","R$ 11.458,46",
PARADISE BAY,Apto 1506,3S,"81,1",Vendida,"R$ 1.030.076,26","R$ 12.701,31",
BLUE COAST,Apartamento 2601,3S,"131,99",Vendida,"R$ 1.991.485,30","R$ 15.088,15",
OCEAN PARK,Apto 2203 N,3S,"78,91",Vendida,"R$ 1.063.090,09","R$ 13.472,18",
OCEAN PARK,Apto 702 S,3S,"121,37",Vendida,"R$ 1.423.935,39","R$ 11.732,19",
OCEAN PARK,Apto 802 S,3S,"121,37",Vendida,"R$ 1.438.580,37","R$ 11.852,85",
PARADISE BAY,Apto 1606,3S,"81,1",Vendida,"R$ 1.048.182,80","R$ 12.924,57",
PARADISE BAY,Apto 2006,3S,"81,1",Vendida,"R$ 1.078.058,98","R$ 13.292,96",
OCEAN PARK,Apto 1302 N,3S,"122,55",Vendida,"R$ 1.516.440,10","R$ 12.374,05",
PARADISE BAY,Apto 806,3S,"81,1",Vendida,"R$ 940.560,48","R$ 11.597,54",
GOLD COAST,Apto. 1103 S,Sala,"125,03",Vendida,"R$ 1.805.606,22","R$ 14.441,38",
OCEAN PARK,Apto 1302 S,Sala,"121,37",Vendida,"R$ 1.506.875,01","R$ 12.415,55",
PARADISE BAY,Apto 2106,Sala,"81,1",Vendida,"R$ 1.085.528,03","R$ 13.385,06",
BLUE COAST,Apartamento 2603,3S,"131,52",Vendida,"R$ 1.887.733,66","R$ 14.353,21",
OCEAN PARK,Apto 1301 N,3S,"121,37",Vendida,"R$ 1.516.492,54","R$ 12.494,79",
PARADISE BAY,Apto 1906,2S,"81,1",Vendida,"R$ 1.190.896,71","R$ 14.684,30",
OCEAN PARK,Apto 1102 S,3S,"121,37",Vendida,"R$ 1.483.671,80","R$ 12.224,37",
PARADISE BAY,Apto 1605,3S,"81,53",Vendida,"R$ 1.014.776,63","R$ 12.446,67",
PARADISE BAY,Apto 2505,3S,"81,53",Vendida,"R$ 1.082.050,64","R$ 13.271,81",
SUNNY ISLAND,Apto 1902,3S,"122,79",Vendida,"R$ 1.691.907,40","R$ 13.778,87",
BLUE COAST,Apartamento 1303,3S,"131,52",Vendida,"R$ 1.844.416,00","R$ 14.023,84",
OCEAN PARK,Apto 2004 S,3S,"82,29",Vendida,"R$ 999.752,50","R$ 12.149,14",
PARADISE BAY,Apto 2305,3S,"81,53",Vendida,"R$ 1.067.100,91","R$ 13.088,44",
PARADISE BAY,Apto 2304,3S,"79,9",Vendida,"R$ 1.073.667,63","R$ 13.437,64",
PARADISE BAY,Apto 1006,3S,"81,1",Vendida,"R$ 963.579,69","R$ 11.881,38",
BLUE COAST,Apartamento 2803,3S,"131,52",Vendida,"R$ 2.043.028,87","R$ 15.533,98",
CORAL GABLES,Apartamento2701,3S,"206,17",Vendida,"R$ 3.841.362,38","R$ 18.632,01",
OCEAN PARK,Apto 1001 N,3S,"121,37",Vendida,"R$ 1.485.959,14","R$ 12.243,22",
OCEAN PARK,Apto 1102 N,3S,"122,55",Vendida,"R$ 1.488.221,07","R$ 12.143,79",
PARADISE BAY,Apto 1206,3S,"81,1",Vendida,"R$ 985.865,00","R$ 12.156,17",
PARADISE BAY,Apto 1502,3S,"122,21",Vendida,"R$ 1.735.123,84","R$ 14.197,89",
PARADISE BAY,Apto 1805,3S,"81,53",Vendida,"R$ 1.135.466,75","R$ 13.926,98",
OCEAN PARK,Apto 1101 N,3S,"121,37",Vendida,"R$ 1.496.137,12","R$ 12.327,08",
GOLD COAST,Apto. 503 N,3S,"125,03",Vendida,"R$ 1.725.469,65","R$ 13.800,45",
OCEAN PARK,Apto 1402 S,3S,"121,37",Vendida,"R$ 1.553.903,02","R$ 12.803,02",
PARADISE BAY,Apto 906,3S,"81,1",Vendida,"R$ 952.747,88","R$ 11.747,82",
OCEAN PARK,Apto 2303 N,3S,"78,91",Vendida,"R$ 1.047.880,89","R$ 13.279,44",
OCEAN PARK,Apto 1402 N,3S,"122,55",Vendida,"R$ 1.553.903,02","R$ 12.679,75",
OCEAN PARK,Apto 1202 S,3S,"121,37",Vendida,"R$ 1.498.817,20","R$ 12.349,16",
BLUE COAST,Apartamento 2801,3S,"131,99",Vendida,"R$ 2.061.387,94","R$ 15.617,76",
SUNNY ISLAND,Apto 2002,3S,"122,79",Vendida,"R$ 1.714.511,07","R$ 13.962,95",
PARADISE BAY,Apto 2105,3S,"81,53",Vendida,"R$ 1.052.494,55","R$ 12.909,29",
OCEAN PARK,Apto 801 N,3S,"121,37",Vendida,"R$ 1.513.236,86","R$ 12.467,96",
PARADISE BAY,Apto 1405,3S,"81,53",Vendida,"R$ 980.882,97","R$ 12.030,95",
EMERALD COAST,Apto. 1104,3S,"83,11",Vendida,"R$ 1.141.513,19","R$ 13.734,97",
EMERALD COAST,Apto. 1204,3S,"83,11",Vendida,"R$ 1.152.491,93","R$ 13.867,07",
EMERALD COAST,Apto. 2101,3S,"147,13",Vendida,"R$ 2.784.354,43","R$ 18.924,45",
EMERALD COAST,Apto. 2102,3S,"145,28",Vendida,"R$ 2.745.921,82","R$ 18.900,89",
EMERALD COAST,Apto. 802,3S,"145,28",Vendida,"R$ 2.361.386,09","R$ 16.254,03",
EMERALD COAST,Apto. 804,3S,"83,11",Vendida,"R$ 1.232.717,78","R$ 14.832,36",
EMERALD COAST,Apto. 904,3S,"83,11",Vendida,"R$ 1.065.926,55","R$ 12.825,49",
EMERALD COAST,Apto. 1504,2S,"83,11",Vendida,"R$ 1.185.428,14","R$ 14.263,36",
EMERALD COAST,Apto. 2001,3S,"147,13",Vendida,"R$ 2.728.876,38","R$ 18.547,38",
EMERALD COAST,Apto. 704,3S,"83,11",Vendida,"R$ 1.102.926,64","R$ 13.270,69",
EMERALD COAST,Apto. 1004,3S,"83,11",Vendida,"R$ 1.075.136,00","R$ 12.936,30",
EMERALD COAST,Apto. 1704,3S,"83,11",Vendida,"R$ 1.207.385,61","R$ 14.527,56",
PARADISE BAY,Apto 805,3S,"81,53",Vendida,"R$ 913.249,96","R$ 11.201,40",
EMERALD COAST,Apto. 1002,3S,"145,28",Vendida,"R$ 2.542.738,75","R$ 17.502,33",
EMERALD COAST,Apto. 1404,3S,"83,11",Vendida,"R$ 1.174.449,40","R$ 14.131,26",
EMERALD COAST,Apto. 2104,3S,"83,11",Vendida,"R$ 1.251.300,55","R$ 15.055,96",
OCEAN PARK,Apto 2103 N,3S,"78,91",Vendida,"R$ 1.049.318,01","R$ 13.297,66",
OCEAN PARK,Apto 1303 S,3S,"79,8",Vendida,"R$ 934.193,23","R$ 11.706,68",
EMERALD COAST,Apto. 1102,3S,"145,28",Vendida,"R$ 2.593.131,97","R$ 17.849,20",
EMERALD COAST,Apto. 1304,3S,"83,11",Vendida,"R$ 1.283.758,66","R$ 15.446,50",
EMERALD COAST,Apto. 2304,3S,"83,11",Vendida,"R$ 1.312.672,50","R$ 15.794,40",
EMERALD COAST,Apto. 2504,3S,"83,11",Vendida,"R$ 1.348.228,00","R$ 16.222,21",
PARADISE BAY,Apto 1305,3S,"81,53",Vendida,"R$ 969.301,25","R$ 11.888,89",
EMERALD COAST,Apto. 1801,3S,"147,13",Vendida,"R$ 2.673.278,71","R$ 18.169,50",
PALM BEACH,Apto 1901,3S,"128,28",Vendida,"R$ 3.307.920,00","R$ 25.786,72",
CORAL GABLES,Apartamento2101,3S,"128,79",Vendida,"R$ 2.995.334,03","R$ 23.257,50",
CORAL GABLES,Apartamento2301,3S,"210,51",Vendida,"R$ 4.921.735,98","R$ 23.380,06",
CORAL GABLES,Apartamento2501,3S,"206,17",Vendida,"R$ 3.216.973,06","R$ 15.603,50",
EMERALD COAST,Apto. 1103,3S,"125,54",Vendida,"R$ 1.852.046,19","R$ 14.752,64",
EMERALD COAST,Apto. 1604,3S,"83,11",Vendida,"R$ 1.196.406,87","R$ 14.395,46",
OCEAN PARK,Apto 1002 N,3S,"122,55",Vendida,"R$ 1.474.000,69","R$ 12.027,75",
OCEAN PARK,Apto 1202 N,3S,"122,55",Vendida,"R$ 1.578.583,23","R$ 12.881,14",
OCEAN PARK,Apto 2303 S,3S,"79,8",Vendida,"R$ 1.017.225,78","R$ 12.747,19",
PARADISE BAY,Apto 1501,3S,"123,48",Vendida,"R$ 1.798.201,44","R$ 14.562,69",
PARADISE BAY,Apto 1905,3S,"81,53",Vendida,"R$ 1.043.494,05","R$ 12.798,90",
EMERALD COAST,Apto. 1401,3S,"147,13",Vendida,"R$ 1.553.720,00","R$ 10.560,18",
EMERALD COAST,Apto. 1201,3S,"147,13",Vendida,"R$ 1.453.480,00","R$ 9.878,88",
PARADISE BAY,Apto 1005,3S,"81,53",Vendida,"R$ 935.670,47","R$ 11.476,39",
SUNSET TOWER,Síndico,3S,100,Vendida,R$ -,R$ -,
THE WAVE,Apartamento1703,3S,"120,29",Vendida,"R$ 1.802.467,61","R$ 14.984,35",
EMERALD COAST,Apto. 2204,3S,"83,11",Vendida,"R$ 1.392.025,97","R$ 16.749,20",
EMERALD COAST,Apto. 1001,3S,"147,13",Vendida,"R$ 2.487.781,02","R$ 16.908,73",
PARADISE BAY,Apto 905,3S,"81,53",Vendida,"R$ 930.784,81","R$ 11.416,47",
OCEAN PARK,Apto 1403 S,3S,"79,8",Vendida,"R$ 979.255,51","R$ 12.271,37",
CORAL GABLES,Apartamento1302,3S,"132,27",Vendida,"R$ 1.880.214,22","R$ 14.214,97",
EMERALD COAST,Apto. 1402,3S,"145,28",Vendida,"R$ 2.535.875,67","R$ 17.455,09",
EMERALD COAST,Apto. 2404,3S,"83,11",Vendida,"R$ 1.336.791,87","R$ 16.084,61",
EMERALD COAST,Apto. 604,3S,"83,11",Vendida,"R$ 1.100.998,77","R$ 13.247,49",
OCEAN PARK,Apto 1803 N,3S,"78,91",Vendida,"R$ 1.034.396,98","R$ 13.108,57",
OCEAN PARK,Apto 701 N,3S,"121,37",Vendida,"R$ 1.453.480,00","R$ 11.975,61",
OCEAN PARK,Apto 802 N,3S,"122,55",Vendida,"R$ 1.443.456,00","R$ 11.778,51",
SUNSET TOWER,Apartamento1401,3S,"126,57",Vendida,"R$ 2.305.520,00","R$ 18.215,37",
CORAL GABLES,Apartamento2801,2S,"206,17",Vendida,"R$ 3.851.185,95","R$ 18.679,66",
OCEAN PARK,Apto 2304 S,3S,"82,29",Vendida,"R$ 1.042.956,98","R$ 12.674,16",
EMERALD COAST,Apto. 1502,3S,"145,28",Vendida,"R$ 2.551.247,01","R$ 17.560,90",
PARADISE BAY,Apto 1402,3S,"122,21",Vendida,"R$ 1.653.960,00","R$ 13.533,75",
OCEAN PARK,Apto 1004 S,3S,"82,29",Vendida,"R$ 967.818,41","R$ 11.761,07",
EMERALD COAST,Apto. 902,2S,"145,28",Vendida,"R$ 2.408.282,47","R$ 16.576,83",
BLUE COAST,Apartamento 3103,3S,"131,52",Vendida,"R$ 2.214.244,12","R$ 16.835,80",
BLUE COAST,Apartamento 3001,3S,"131,99",Vendida,"R$ 2.146.369,44","R$ 16.261,61",
CORAL GABLES,Apartamento1502,3S,"132,27",Vendida,"R$ 2.046.191,92","R$ 15.469,81",
PARADISE BAY,Apto 1105,3S,"81,53",Vendida,"R$ 959.703,57","R$ 11.771,17",
EMERALD COAST,Apto. 1301,3S,"147,13",Vendida,"R$ 2.576.232,06","R$ 17.509,90",
EMERALD COAST,Apto. 2004,3S,"83,11",Vendida,"R$ 1.379.035,45","R$ 16.592,89",
ROYAL BAY,Apto. 1303,2S,"132,52",Vendida,"R$ 1.674.311,31","R$ 12.634,40",
ROYAL BAY,Apto. 1403,3S,"132,52",Vendida,"R$ 1.625.980,01","R$ 12.269,70",
ROYAL BAY,Apto. 1503,3S,"132,52",Vendida,"R$ 1.738.873,30","R$ 13.121,59",
EMERALD COAST,Apto. 901,3S,"147,13",Vendida,"R$ 2.453.262,24","R$ 16.674,11",
OCEAN PARK,Apto 2105 S,3S,"80,91",Vendida,"R$ 1.093.088,81","R$ 13.509,93",
ROYAL BAY,Apto. 2502,3S,"138,06",Vendida,"R$ 2.222.002,36","R$ 16.094,47",
ROYAL BAY,Apto. 1401,3S,"132,14",Vendida,"R$ 1.806.797,08","R$ 13.673,35",
ROYAL BAY,Apto. 1402,3S,"138,06",Vendida,"R$ 1.942.150,00","R$ 14.067,43",
ROYAL BAY,Apto. 1903,3S,"132,52",Vendida,"R$ 1.848.134,90","R$ 13.946,08",
ROYAL BAY,Apto. 2301,3S,"132,14",Vendida,"R$ 1.968.452,27","R$ 14.896,72",
ROYAL BAY,Apto. 3801,3S,"132,14",Vendida,"R$ 2.229.069,36","R$ 16.869,00",
ROYAL BAY,Apto. 1003,3S,"132,52",Vendida,"R$ 1.649.445,71","R$ 12.446,77",
ROYAL BAY,Apto. 1103,3S,"132,52",Vendida,"R$ 1.657.692,94","R$ 12.509,00",
ROYAL BAY,Apto. 1901,Garden,"132,14",Vendida,"R$ 1.854.644,69","R$ 14.035,45",
ROYAL BAY,Apto. 2001,3S,"132,14",Vendida,"R$ 1.882.464,36","R$ 14.245,98",
ROYAL BAY,Apto. 2002,3S,"138,06",Vendida,"R$ 2.016.026,88","R$ 14.602,54",
ROYAL BAY,Apto. 2101,2S,"132,14",Vendida,"R$ 1.995.905,32","R$ 15.104,47",
ROYAL BAY,Apto. 3103,Sala,"132,52",Vendida,"R$ 2.072.619,64","R$ 15.640,05",
ROYAL BAY,Apto. 3701,3S,"132,14",Vendida,"R$ 2.206.999,37","R$ 16.701,98",
ROYAL BAY,Apto. 1701,3S,"132,14",Vendida,"R$ 1.800.232,65","R$ 13.623,68",
ROYAL BAY,Apto. 1702,3S,"138,06",Vendida,"R$ 1.936.486,44","R$ 14.026,41",
ROYAL BAY,Apto. 1703,3S,"132,52",Vendida,"R$ 1.793.504,10","R$ 13.533,84",
ROYAL BAY,Apto. 1803,3S,"132,52",Vendida,"R$ 1.820.819,50","R$ 13.739,96",
ROYAL BAY,Apto. 2103,3S,"132,52",Vendida,"R$ 1.689.774,30","R$ 12.751,09",
ROYAL BAY,Apto. 2201,3S,"132,14",Vendida,"R$ 2.024.565,84","R$ 15.321,37",
ROYAL BAY,Apto. 2202,3S,"138,06",Vendida,"R$ 2.056.323,36","R$ 14.894,42",
ROYAL BAY,Apto. 2501,3S,"132,14",Vendida,"R$ 2.113.152,74","R$ 15.991,77",
ROYAL BAY,Apto. 3001,3S,"132,14",Vendida,"R$ 2.058.905,52","R$ 15.581,24",
ROYAL BAY,Apto. 3301,Sala,"132,14",Vendida,"R$ 2.206.087,00","R$ 16.695,07",
ROYAL BAY,Apto. 3601,3S,"132,14",Vendida,"R$ 2.185.147,88","R$ 16.536,61",
ROYAL BAY,Apto. 701,3S,"132,14",Vendida,"R$ 1.620.289,87","R$ 12.261,92",
ROYAL BAY,Apto. 903,3S,"132,52",Vendida,"R$ 1.641.239,51","R$ 12.384,84",
EMERALD COAST,Apto. 1904,3S,"83,11",Vendida,"R$ 1.245.991,09","R$ 14.992,07",
ROYAL BAY,Apto. 1502,Garden,"138,06",Vendida,"R$ 1.883.459,48","R$ 13.642,33",
ROYAL BAY,Apto. 1603,Garden,"132,52",Vendida,"R$ 1.851.392,70","R$ 13.970,67",
ROYAL BAY,Apto. 2503,3S,"132,52",Vendida,"R$ 2.004.053,47","R$ 15.122,65",
ROYAL BAY,Apto. 3101,3S,"132,14",Vendida,"R$ 2.079.093,24","R$ 15.734,02",
ROYAL BAY,Apto. 3201,3S,"132,14",Vendida,"R$ 2.099.884,17","R$ 15.891,36",
ROYAL BAY,Apto. 3501,3S,"132,14",Vendida,"R$ 2.163.512,76","R$ 16.372,88",
PARADISE BAY,Apto 1205,3S,"81,53",Vendida,"R$ 981.305,16","R$ 12.036,12",
ROYAL BAY,Apto. 3401,3S,"132,14",Vendida,"R$ 2.164.679,38","R$ 16.381,71",
PARADISE BAY,Apto 1106,3S,"81,1",Vendida,"R$ 1.004.396,39","R$ 12.384,67",
PARADISE BAY,Apto 1503,3S,"81,14",Vendida,"R$ 1.084.562,46","R$ 13.366,56",
PARADISE BAY,Apto 2405,3S,"81,53",Vendida,"R$ 1.113.722,52","R$ 13.660,28",
ROYAL BAY,Apto. 3803,3S,"132,52",Vendida,"R$ 2.226.153,36","R$ 16.798,62",
ROYAL BAY,Apto. 2703,3S,"132,52",Vendida,"R$ 2.048.619,51","R$ 15.458,95",
ROYAL BAY,Apto. 2601,3S,"132,14",Vendida,"R$ 2.152.789,73","R$ 16.291,73",
ROYAL BAY,Apto. 2901,3S,"132,14",Vendida,"R$ 2.072.592,95","R$ 15.684,83",
PARADISE BAY,Apto 1705,3S,"81,53",Vendida,"R$ 1.053.592,73","R$ 12.922,76",
ROYAL BAY,Apto. 3002,3S,"138,06",Vendida,"R$ 2.326.211,76","R$ 16.849,28",
PARADISE BAY,Apto 1202,3S,"122,21",Vendida,"R$ 1.644.522,67","R$ 13.456,53",
ROYAL BAY,Apto. 2302,3S,"138,06",Vendida,"R$ 2.054.920,00","R$ 14.884,25",
ROYAL BAY,Apto. 2602,3S,"138,06",Vendida,"R$ 2.191.720,04","R$ 15.875,13",
PARADISE BAY,Apto 1302,3S,"122,21",Vendida,"R$ 1.678.644,96","R$ 13.735,74",
ROYAL BAY,Apto. 2902,3S,"138,06",Vendida,"R$ 2.377.936,69","R$ 17.223,94",
SUNNY ISLAND,Apto 2502,3S,"122,79",Vendida,"R$ 1.926.854,53","R$ 15.692,28",
ROYAL BAY,Apto. 2401,3S,"132,14",Vendida,"R$ 2.022.322,63","R$ 15.304,39",
ROYAL BAY,Apto. 2402,3S,"138,06",Vendida,"R$ 2.130.870,27","R$ 15.434,38",
ROYAL BAY,Apto. 2702,3S,"138,06",Vendida,"R$ 2.228.204,96","R$ 16.139,40",
PARADISE BAY,Apto 1101,3S,"123,48",Vendida,"R$ 1.704.676,76","R$ 13.805,29",
PARADISE BAY,Apto 1102,3S,"122,21",Vendida,"R$ 1.613.013,03","R$ 13.198,70",
PARADISE BAY,Apto 1301,3S,"123,48",Vendida,"R$ 1.764.747,60","R$ 14.291,77",
ROYAL BAY,Apto. 2802,3S,"138,06",Vendida,"R$ 2.257.964,78","R$ 16.354,95",
OCEAN PARK,Apto 1904 S,3S,"82,29",Vendida,"R$ 1.022.724,96","R$ 12.428,30",
ROYAL BAY,Apto. 3703,3S,"132,52",Vendida,"R$ 2.207.647,29","R$ 16.658,97",
PARADISE BAY,Apto 901,3S,"123,48",Vendida,"R$ 1.644.247,63","R$ 13.315,90",
ROYAL BAY,Apto. 3203,3S,"132,52",Vendida,"R$ 2.109.608,67","R$ 15.919,17",
ROYAL BAY,Apto. 3403,3S,"132,52",Vendida,"R$ 2.142.599,40","R$ 16.168,12",
ATLANTIC,Síndico,3S,100,Vendida,R$ -,R$ -,
EMERALD COAST,Sala Com. 01,Garden,"50,73",Vendida,"R$ 762.776,28","R$ 15.036,00",
EMERALD COAST,Sala Com. 02,3S,"50,3",Vendida,"R$ 756.310,80","R$ 15.036,00",
EMERALD COAST,Sala Com. 03,3S,"51,63",Vendida,"R$ 776.308,68","R$ 15.036,00",
GOLD COAST,Sala Com. 01,3S,"111,19",Vendida,"R$ 1.671.852,84","R$ 15.036,00",
GOLD COAST,Sala Com. 02,3S,"76,01",Vendida,"R$ 1.142.736,00","R$ 15.034,02",
GOLD COAST,Sala Com. 03,3S,"82,33",Vendida,"R$ 1.237.913,88","R$ 15.036,00",
GOLD COAST,Sala Com. 04,3S,"59,36",Vendida,"R$ 892.536,96","R$ 15.036,00",
GOLD COAST,Sala Com. 05,3S,"109,19",Vendida,"R$ 1.641.780,84","R$ 15.036,00",
KEY WEST,Síndico,Garden,100,Vendida,R$ -,R$ -,
PARADISE BAY,Sala Com. 03,3S,"97,06",Vendida,"R$ 1.459.394,16","R$ 15.036,00",
PARADISE BAY,Sala Com. 04,3S,"108,28",Vendida,"R$ 1.628.098,08","R$ 15.036,00",
PARADISE BAY,Sala Com. 05,3S,"107,87",Vendida,"R$ 1.621.933,32","R$ 15.036,00",
PARADISE BAY,Sala Com. 06,3S,"109,93",Vendida,"R$ 1.652.907,48","R$ 15.036,00",
PARADISE BAY,Apto 1201,3S,"123,48",Vendida,"R$ 1.734.712,20","R$ 14.048,53",
EMERALD COAST,Apto. 1501,3S,"147,13",Vendida,"R$ 2.652.824,50","R$ 18.030,48",
PARADISE BAY,Apto 701,3S,"123,48",Vendida,"R$ 1.586.247,90","R$ 12.846,19",
ROYAL BAY,Apto. 1501,3S,"132,14",Vendida,"R$ 3.432.846,31","R$ 25.978,86",
ROYAL BAY,Apto. 3503,3S,"132,52",Vendida,"R$ 2.164.066,64","R$ 16.330,11",
ROYAL BAY,Sala Com. 01,3S,"48,56",Vendida,"R$ 730.148,16","R$ 15.036,00",
ROYAL BAY,Sala Com. 02,3S,"50,44",Vendida,"R$ 758.415,84","R$ 15.036,00",
ROYAL BAY,Sala Com. 03,3S,"46,68",Vendida,"R$ 701.880,48","R$ 15.036,00",
ROYAL BAY,Sala Com. 04,3S,"49,54",Vendida,"R$ 744.883,44","R$ 15.036,00",
ROYAL BAY,Sala Com. 05,3S,"123,58",Vendida,"R$ 1.858.148,88","R$ 15.036,00",
GOLD COAST,Apto. 903 S,3S,"125,03",Vendida,"R$ 1.784.227,65","R$ 14.270,40",
PARADISE BAY,Apto 1604,Garden,"79,9",Vendida,"R$ 1.150.874,70","R$ 14.403,94",
PARADISE BAY,Apto 601,3S,"123,48",Vendida,"R$ 1.556.212,49","R$ 12.602,95",
ROYAL BAY,Apto. 2903,3S,"132,52",Vendida,"R$ 2.074.400,57","R$ 15.653,49",
ROYAL BAY,Apto. 3302,3S,"252,81",Vendida,"R$ 4.431.753,27","R$ 17.529,98",
ROYAL BAY,Apto. 3303,3S,"132,52",Vendida,"R$ 2.068.311,88","R$ 15.607,55",
CORAL GABLES,Apartamento3101,3S,"206,17",Vendida,"R$ 1.517.419,82","R$ 7.360,04",
OCEAN PARK,Apto 2204 S,3S,"82,29",Vendida,"R$ 1.058.925,05","R$ 12.868,21",
PARADISE BAY,Apto 2306,3S,"81,1",Vendida,"R$ 1.143.727,35","R$ 14.102,68",
PARADISE BAY,Apto 702,3S,"122,21",Vendida,"R$ 1.638.668,84","R$ 13.408,63",
TROPICAL BEACH,Apto. 1203,3S,"84,29",Vendida,"R$ 1.049.711,83","R$ 12.453,57",
TROPICAL BEACH,Apto. 1503,3S,"84,29",Vendida,"R$ 1.096.620,76","R$ 13.010,09",
TROPICAL BEACH,Apto. 1803,3S,"84,29",Vendida,"R$ 1.130.792,73","R$ 13.415,50",
TROPICAL BEACH,Apto. 2004,3S,"84,24",Vendida,"R$ 1.104.418,02","R$ 13.110,38",
TROPICAL BEACH,Apto. 2203,3S,"84,29",Vendida,"R$ 1.161.839,23","R$ 13.783,83",
TROPICAL BEACH,Apto. 604,3S,"84,24",Vendida,"R$ 940.060,73","R$ 11.159,32",
TROPICAL BEACH,Apto. 903,Garden,"84,29",Vendida,"R$ 1.015.001,50","R$ 12.041,78",
TROPICAL BEACH,Apto. 1603,3S,"84,29",Vendida,"R$ 1.115.269,49","R$ 13.231,34",
TROPICAL BEACH,Apto. 1903,3S,"84,29",Vendida,"R$ 1.138.554,36","R$ 13.507,59",
TROPICAL BEACH,Apto. 701,3S,"110,25",Vendida,"R$ 1.223.635,00","R$ 11.098,73",
TROPICAL BEACH,Apto. 904,3S,"84,24",Vendida,"R$ 974.567,51","R$ 11.568,94",
TROPICAL BEACH,Apto. 2005,3S,"82,76",Vendida,"R$ 1.070.831,57","R$ 12.939,00",
TROPICAL BEACH,Apto. 2403,3S,"84,29",Vendida,"R$ 1.177.362,47","R$ 13.968,00",
TROPICAL BEACH,Apto. 2404,3S,"84,24",Vendida,"R$ 1.135.282,44","R$ 13.476,76",
TROPICAL BEACH,Apto. 605,3S,"82,76",Vendida,"R$ 864.849,06","R$ 10.450,09",
TROPICAL BEACH,Apto. 2201,3S,"110,25",Vendida,"R$ 1.770.845,53","R$ 16.062,09",
TROPICAL BEACH,Apto. 804,3S,"84,24",Vendida,"R$ 963.065,25","R$ 11.432,40",
THE WAVE,Apartamento1603,3S,"120,29",Vendida,"R$ 1.876.865,70","R$ 15.602,84",
TROPICAL BEACH,Apto. 1003,3S,"84,29",Vendida,"R$ 975.243,02","R$ 11.570,09",
TROPICAL BEACH,Apto. 705,3S,"82,76",Vendida,"R$ 876.203,55","R$ 10.587,28",
TROPICAL BEACH,Apto. 801,3S,"110,25",Vendida,"R$ 1.240.675,80","R$ 11.253,30",
TROPICAL BEACH,Apto. 1104,3S,"84,24",Vendida,"R$ 987.364,00","R$ 11.720,85",
TROPICAL BEACH,Apto. 601,3S,"110,25",Vendida,"R$ 1.206.594,20","R$ 10.944,17",
TROPICAL BEACH,Apto. 702,3S,"110,26",Vendida,"R$ 1.254.105,12","R$ 11.374,07",
EMERALD COAST,Apto. 1101,3S,"147,13",Vendida,"R$ 2.587.060,54","R$ 17.583,50",
TROPICAL BEACH,Apto. 1901,3S,"110,25",Vendida,"R$ 1.673.251,97","R$ 15.176,89",
ROYAL BAY,Apto. 3003,3S,"132,52",Vendida,"R$ 2.099.044,29","R$ 15.839,45",
TROPICAL BEACH,Apto. 2301,3S,"110,25",Vendida,"R$ 1.783.091,27","R$ 16.173,16",
TROPICAL BEACH,Apto. 805,3S,"82,76",Vendida,"R$ 887.558,04","R$ 10.724,48",
OCEAN PARK,Apto 1203 S,3S,"79,8",Vendida,"R$ 919.401,08","R$ 11.521,32",
TROPICAL BEACH,Apto. 1802,3S,"110,26",Vendida,"R$ 1.738.749,23","R$ 15.769,54",
TROPICAL BEACH,Apto. 2101,3S,"110,25",Vendida,"R$ 1.753.153,10","R$ 15.901,62",
TROPICAL BEACH,Apto. 603,3S,"84,29",Vendida,"R$ 980.291,17","R$ 11.629,98",
TROPICAL BEACH,Apto. 803,3S,"84,29",Vendida,"R$ 1.003.431,39","R$ 11.904,51",
CORAL GABLES,Apartamento2902,3S,"132,13",Vendida,"R$ 2.488.095,03","R$ 18.830,66",
OCEAN PARK,Apto 704 S,3S,"82,29",Vendida,"R$ 883.313,08","R$ 10.734,15",
TROPICAL BEACH,Apto. 2302,3S,"110,26",Vendida,"R$ 1.825.004,54","R$ 16.551,83",
TROPICAL BEACH,Apto. 602,3S,"110,26",Vendida,"R$ 1.237.064,32","R$ 11.219,52",
OCEAN PARK,Apto 1204 S,3S,"82,29",Vendida,"R$ 924.761,86","R$ 11.237,84",
CORAL GABLES,Apartamento3002,3S,"136,24",Vendida,"R$ 2.578.878,34","R$ 18.928,94",
CORAL GABLES,Apartamento3202,3S,"135,96",Vendida,"R$ 2.644.257,47","R$ 19.448,79",
CORAL GABLES,Apartamento2602,3S,"136,24",Vendida,"R$ 2.451.782,84","R$ 17.996,06",
CORAL GABLES,Apartamento2702,3S,"132,13",Vendida,"R$ 2.483.051,56","R$ 18.792,49",
CORAL GABLES,Apartamento3102,3S,"131,85",Vendida,"R$ 2.612.178,37","R$ 19.811,74",
ROYAL BAY,Apto. 2603,3S,"132,52",Vendida,"R$ 2.056.292,93","R$ 15.516,85",
OCEAN PARK,Apto 1604 S,3S,"82,29",Vendida,"R$ 1.012.257,02","R$ 12.301,09",
PARADISE BAY,Apto 606,3S,"81,1",Vendida,"R$ 956.001,87","R$ 11.787,94",
PARADISE BAY,Apto 801,3S,"123,48",Vendida,"R$ 952.280,00","R$ 7.712,02",
PARADISE BAY,Apto 802,3S,"122,21",Vendida,"R$ 952.280,00","R$ 7.792,16",
PARADISE BAY,Sala Com. 01,3S,"32,85",Vendida,"R$ 481.152,00","R$ 14.646,94",
PARADISE BAY,Sala Com. 02,3S,"31,93",Vendida,"R$ 481.152,00","R$ 15.068,96",
ROYAL BAY,Apto. 1802,3S,"138,06",Vendida,"R$ 2.061.150,09","R$ 14.929,38",
ROYAL BAY,Apto. 2803,3S,"132,52",Vendida,"R$ 2.079.950,06","R$ 15.695,37",
ROYAL BAY,Apto. 1203,3S,"132,52",Vendida,"R$ 1.728.790,33","R$ 13.045,51",
PARADISE BAY,Apto 505,3S,"84,35",Vendida,"R$ 934.553,12","R$ 11.079,47",
TROPICAL BEACH,Apto. 1303,3S,"84,29",Vendida,"R$ 1.063.071,89","R$ 12.612,08",
TROPICAL BEACH,Apto. 1703,3S,"84,29",Vendida,"R$ 1.124.925,23","R$ 13.345,89",
TROPICAL BEACH,Apto. 2001,3S,"110,25",Vendida,"R$ 1.738.423,47","R$ 15.768,01",
EMERALD COAST,Apto. 2502,3S,"145,28",Vendida,"R$ 3.115.438,94","R$ 21.444,38",
OCEAN PARK,Apto 2104 S,3S,"82,29",Vendida,"R$ 1.050.353,58","R$ 12.764,05",
PARADISE BAY,Apto 2205,3S,"81,53",Vendida,"R$ 1.102.279,10","R$ 13.519,92",
ROYAL BAY,Apto. 3603,3S,"132,52",Vendida,"R$ 2.202.981,90","R$ 16.623,77",
TROPICAL BEACH,Apto. 703,3S,"84,29",Vendida,"R$ 993.534,16","R$ 11.787,09",
EMERALD COAST,Apto. 1701,3S,"147,13",Vendida,"R$ 2.709.477,82","R$ 18.415,54",
TROPICAL BEACH,Apto. 1702,3S,"110,26",Vendida,"R$ 1.743.149,18","R$ 15.809,44",
TROPICAL BEACH,Apto. 2501,3S,"110,25",Vendida,"R$ 1.849.693,18","R$ 16.777,26",
TROPICAL BEACH,Apto. 2503,3S,"84,29",Vendida,"R$ 1.203.651,30","R$ 14.279,88",
OCEAN PARK,apto 2404 S,3S,"82,29",Vendida,"R$ 1.034.285,70","R$ 12.568,79",
TROPICAL BEACH,Apto. 1801,3S,"110,25",Vendida,"R$ 1.711.693,45","R$ 15.525,56",
ROYAL BAY,Apto. 1602,3S,"138,06",Vendida,"R$ 2.024.924,97","R$ 14.666,99",
ROYAL BAY,Apto. 2003,Garden,"132,52",Vendida,"R$ 2.157.647,17","R$ 16.281,67",
ROYAL BAY,Apto. 2203,3S,"132,52",Vendida,"R$ 2.061.498,57","R$ 15.556,13",
TROPICAL BEACH,Apto. 2102,3S,"110,26",Vendida,"R$ 1.810.049,48","R$ 16.416,19",
TROPICAL BEACH,Apto. 2303,3S,"84,29",Vendida,"R$ 1.179.476,41","R$ 13.993,08",
TROPICAL BEACH,Apto. 2401,3S,"110,25",Vendida,"R$ 1.810.381,24","R$ 16.420,69",
TROPICAL BEACH,Apto. 503,3S,"84,29",Vendida,"R$ 980.066,44","R$ 11.627,32",
EMERALD COAST,Apto. 1901,3S,"147,13",Vendida,"R$ 2.775.221,29","R$ 18.862,38",
TROPICAL BEACH,Apto. 1904,Garden,"84,24",Vendida,"R$ 1.105.961,93","R$ 13.128,70",
TROPICAL BEACH,Apto. 2104,3S,"84,24",Vendida,"R$ 1.121.524,46","R$ 13.313,44",
TROPICAL BEACH,Apto. 2502,3S,"110,26",Vendida,"R$ 1.892.420,65","R$ 17.163,26",
TROPICAL BEACH,Apto. 2504,3S,"84,24",Vendida,"R$ 1.152.649,50","R$ 13.682,92",
ROYAL BAY,Apto. 702,3S,"138,06",Vendida,"R$ 1.861.438,32","R$ 13.482,82",
TROPICAL BEACH,Apto. 1403,3S,"84,29",Vendida,"R$ 1.086.947,85","R$ 12.895,34",
TROPICAL BEACH,Apto. 2204,3S,"84,24",Vendida,"R$ 1.129.305,71","R$ 13.405,81",
TROPICAL BEACH,Apto. 502,3S,"110,26",Vendida,"R$ 1.230.324,82","R$ 11.158,40",
TROPICAL BEACH,Apto. 2003,3S,"84,29",Vendida,"R$ 1.149.980,54","R$ 13.643,14",
TROPICAL BEACH,Apto. 2103,3S,"84,29",Vendida,"R$ 1.163.822,10","R$ 13.807,36",
OCEAN PARK,Apto 2305 S,3S,"80,91",Vendida,"R$ 1.157.689,13","R$ 14.308,36",
TROPICAL BEACH,Apto. 1004,3S,"84,24",Vendida,"R$ 994.395,68","R$ 11.804,32",
TROPICAL BEACH,Apto. 1504,3S,"84,24",Vendida,"R$ 1.064.810,05","R$ 12.640,20",
TROPICAL BEACH,Apto. 1804,3S,"84,24",Vendida,"R$ 1.098.180,68","R$ 13.036,33",
BLUE COAST,Apartamento 3101,3S,"131,99",Vendida,"R$ 2.562.389,63","R$ 19.413,51",
EMERALD COAST,Apto. 1903,3S,"125,54",Vendida,"R$ 2.032.437,08","R$ 16.189,56",
OCEAN PARK,Apto 602 N,3S,"122,55",Vendida,"R$ 1.553.048,24","R$ 12.672,77",
EMERALD COAST,Apto. 1302,3S,"145,28",Vendida,"R$ 2.617.795,59","R$ 18.018,97",
TROPICAL BEACH,Apto. 1005,3S,"82,76",Vendida,"R$ 917.952,89","R$ 11.091,75",
TROPICAL BEACH,Apto. 1305,3S,"82,76",Vendida,"R$ 960.437,74","R$ 11.605,10",
EMERALD COAST,Apto. 1703,3S,"125,54",Vendida,"R$ 2.015.458,29","R$ 16.054,31",
TROPICAL BEACH,Apto. 2402,3S,"110,26",Vendida,"R$ 1.861.170,94","R$ 16.879,84",
EMERALD COAST,Apto. 1804,3S,"83,11",Vendida,"R$ 1.290.174,09","R$ 15.523,69",
TROPICAL BEACH,Apto. 1103,3S,"84,29",Vendida,"R$ 1.051.685,22","R$ 12.476,99",
TROPICAL BEACH,Apto. 1701,3S,"110,25",Vendida,"R$ 1.709.267,40","R$ 15.503,56",
TROPICAL BEACH,Apto. 2304,Sala,"84,24",Vendida,"R$ 1.142.276,46","R$ 13.559,79",
BREEZE TOWER,Síndico,3S,100,Vendida,R$ -,R$ -,
ROYAL BAY,Apto. 2102,3S,"138,06",Vendida,"R$ 2.168.890,17","R$ 15.709,77",
TROPICAL BEACH,Apto. 1604,3S,"84,24",Vendida,"R$ 1.087.559,06","R$ 12.910,25",
TROPICAL BEACH,Apto. 1704,3S,"84,24",Vendida,"R$ 1.095.375,84","R$ 13.003,04",
TROPICAL BEACH,Apto. 2105,3S,"82,76",Vendida,"R$ 1.094.413,32","R$ 13.223,94",
BLUE COAST,Apartamento 2901,3S,"131,99",Vendida,"R$ 2.539.260,34","R$ 19.238,28",
TROPICAL BEACH,Apto. 1404,3S,"84,24",Vendida,"R$ 1.051.780,30","R$ 12.485,52",
TROPICAL BEACH,Apto. 1805,3S,"82,76",Vendida,"R$ 1.065.577,98","R$ 12.875,52",
TROPICAL BEACH,Apto. 1905,3S,"82,76",Vendida,"R$ 1.075.189,78","R$ 12.991,66",
CORAL GABLES,Apartamento2502,3S,"132,13",Vendida,"R$ 2.304.913,88","R$ 17.444,29",
GOLD COAST,Apto. 1103 N,3S,"125,03",Vendida,"R$ 1.901.069,57","R$ 15.204,91",
ROYAL BAY,Apto. 703,3S,"132,52",Vendida,"R$ 1.794.897,91","R$ 13.544,35",
TROPICAL BEACH,Apto. 2305,3S,"82,76",Vendida,"R$ 1.113.636,87","R$ 13.456,22",
PARADISE BAY,Apto 2005,3S,"81,53",Vendida,"R$ 1.097.360,83","R$ 13.459,60",
TROPICAL BEACH,Apto. 1002,3S,"110,26",Vendida,"R$ 1.565.278,58","R$ 14.196,25",
TROPICAL BEACH,Apto. 1902,3S,"110,26",Vendida,"R$ 1.771.760,93","R$ 16.068,94",
OCEAN PARK,Apto 501 N,3S,"121,37",Vendida,"R$ 1.663.165,57","R$ 13.703,27",
TROPICAL BEACH,Apto. 1204,3S,"84,24",Vendida,"R$ 1.060.088,56","R$ 12.584,15",
TROPICAL BEACH,Apto. 1602,3S,"110,26",Vendida,"R$ 1.740.776,51","R$ 15.787,92",
TROPICAL BEACH,Apto. 1105,3S,"82,76",Vendida,"R$ 933.644,91","R$ 11.281,35",
TROPICAL BEACH,Apto. 2205,3S,"82,76",Vendida,"R$ 1.106.597,65","R$ 13.371,17",
ROYAL BAY,Apto. 1301,3S,"191,67",Vendida,"R$ 3.360.489,53","R$ 17.532,68",
ROYAL BAY,Apto. 803,3S,"132,52",Vendida,"R$ 1.828.643,81","R$ 13.799,00",
TROPICAL BEACH,Apto. 1201,3S,"110,25",Vendida,"R$ 1.556.785,88","R$ 14.120,51",
CORAL GABLES,Apartamento1802,3S,"136,35",Vendida,"R$ 2.284.379,02","R$ 16.753,79",
EMERALD COAST,Apto. 1602,3S,"145,28",Vendida,"R$ 2.588.964,38","R$ 17.820,51",
EMERALD COAST,Apto. 2003,3S,"125,54",Vendida,"R$ 2.099.289,56","R$ 16.722,08",
GOLD COAST,Apto. 1203 N,3S,"125,03",Vendida,"R$ 1.970.615,65","R$ 15.761,14",
EMERALD COAST,Apto. 801,Garden,"147,13",Vendida,"R$ 2.505.008,35","R$ 17.025,82",
TROPICAL BEACH,Apto. 2505,3S,"82,76",Vendida,"R$ 1.135.500,16","R$ 13.720,40",
TROPICAL BEACH,Apto. 902,3S,"110,26",Vendida,"R$ 1.546.006,08","R$ 14.021,46",
TROPICAL BEACH,Apto. 2405,3S,"82,76",Vendida,"R$ 1.125.865,99","R$ 13.603,99",
THE WAVE,Apartamento1303,Garden,"120,29",Vendida,"R$ 1.885.954,57","R$ 15.678,40",
DOLPHIN BAY,Apto. 1001,3S,"80,77",Vendida,"R$ 1.120.515,60","R$ 13.872,92",
DOLPHIN BAY,Apto. 1101,Garden,"80,77",Vendida,"R$ 1.015.466,66","R$ 12.572,32",
DOLPHIN BAY,Apto. 1201,3S,"80,77",Vendida,"R$ 1.149.542,82","R$ 14.232,30",
DOLPHIN BAY,Apto. 1202,3S,"119,25",Vendida,"R$ 1.518.548,89","R$ 12.734,16",
DOLPHIN BAY,Apto. 1401,3S,"80,77",Vendida,"R$ 1.241.418,33","R$ 15.369,79",
DOLPHIN BAY,Apto. 1402,3S,"119,25",Vendida,"R$ 1.832.848,03","R$ 15.369,79",
DOLPHIN BAY,Apto. 1403,3S,"80,68",Vendida,"R$ 1.100.297,14","R$ 13.637,79",
DOLPHIN BAY,Apto. 1501,3S,"80,77",Vendida,"R$ 1.257.418,65","R$ 15.567,89",
DOLPHIN BAY,Apto. 1601,3S,"80,77",Vendida,"R$ 1.301.007,09","R$ 16.107,55",
DOLPHIN BAY,Apto. 701,3S,"80,77",Vendida,"R$ 1.127.015,80","R$ 13.953,40",
DOLPHIN BAY,Apto. 801,3S,"80,77",Vendida,"R$ 1.157.836,80","R$ 14.334,99",
DOLPHIN BAY,Apto. 901,3S,"80,77",Vendida,"R$ 1.172.617,49","R$ 14.517,98",
TROPICAL BEACH,Apto. 1205,3S,"82,76",Vendida,"R$ 951.957,28","R$ 11.502,63",
DOLPHIN BAY,Apto. 1102,3S,"119,25",Vendida,"R$ 1.763.823,17","R$ 14.790,97",
DOLPHIN BAY,Apto. 1203,3S,"80,68",Vendida,"R$ 1.085.523,01","R$ 13.454,67",
DOLPHIN BAY,Apto. 1302,Garden,"119,25",Vendida,"R$ 1.809.535,04","R$ 15.174,30",
DOLPHIN BAY,Apto. 1404,3S,"79,98",Vendida,"R$ 1.095.561,00","R$ 13.697,94",
DOLPHIN BAY,Apto. 1504,3S,"79,98",Vendida,"R$ 1.105.723,80","R$ 13.825,00",
DOLPHIN BAY,Apto. 601,3S,"80,77",Vendida,"R$ 962.496,31","R$ 11.916,51",
DOLPHIN BAY,Apto. 1002,3S,"119,25",Vendida,"R$ 1.741.416,30","R$ 14.603,07",
DOLPHIN BAY,Apto. 1004,3S,"79,98",Vendida,"R$ 1.031.258,19","R$ 12.893,95",
DOLPHIN BAY,Apto. 1204,3S,"79,98",Vendida,"R$ 1.076.104,74","R$ 13.454,67",
DOLPHIN BAY,Apto. 1301,3S,"80,77",Vendida,"R$ 1.225.628,05","R$ 15.174,30",
DOLPHIN BAY,Apto. 1503,3S,"80,68",Vendida,"R$ 1.107.313,94","R$ 13.724,76",
DOLPHIN BAY,Apto. 1602,Garden,"119,25",Vendida,"R$ 1.920.825,74","R$ 16.107,55",
DOLPHIN BAY,Apto. 1603,3S,"80,68",Vendida,"R$ 1.202.703,19","R$ 14.907,08",
DOLPHIN BAY,Apto. 1604,3S,"79,98",Vendida,"R$ 1.192.268,23","R$ 14.907,08",
DOLPHIN BAY,Apto. 501,3S,"80,77",Vendida,"R$ 947.856,79","R$ 11.735,26",
DOLPHIN BAY,Apto. 702,3S,"119,25",Vendida,"R$ 1.663.942,50","R$ 13.953,40",
PARADISE BAY,Apto 602,Sala,"122,21",Vendida,"R$ 1.690.577,18","R$ 13.833,38",
DOLPHIN BAY,Apto. 1303,3S,"80,68",Vendida,"R$ 1.092.910,07","R$ 13.546,23",
DOLPHIN BAY,Apto. 1502,3S,"119,25",Vendida,"R$ 1.856.471,13","R$ 15.567,89",
TROPICAL BEACH,Apto. 1102,3S,"110,26",Vendida,"R$ 1.600.550,83","R$ 14.516,15",
TROPICAL BEACH,Apto. 1202,3S,"110,26",Vendida,"R$ 1.627.713,67","R$ 14.762,50",
TROPICAL BEACH,Apto. 1405,3S,"82,76",Vendida,"R$ 993.036,51","R$ 11.998,99",
DOLPHIN BAY,Apto. 504,3S,"79,98",Vendida,"R$ 908.884,10","R$ 11.363,89",
DOLPHIN BAY,Apto. 1103,3S,"80,68",Vendida,"R$ 1.059.540,34","R$ 13.132,63",
DOLPHIN BAY,Apto. 604,3S,"79,98",Vendida,"R$ 969.067,77","R$ 12.116,38",
DOLPHIN BAY,Apto. 903,3S,"80,68",Vendida,"R$ 972.524,00","R$ 12.054,09",
EMERALD COAST,Apto. 2201,3S,"147,13",Vendida,"R$ 2.982.119,94","R$ 20.268,61",
PARADISE BAY,Apto 1803,3S,"81,14",Vendida,"R$ 1.213.412,29","R$ 14.954,55",
EMERALD COAST,Apto. 1603,3S,"125,54",Vendida,"R$ 2.017.812,13","R$ 16.073,06",
DOLPHIN BAY,Apto. 1304,3S,"79,98",Vendida,"R$ 1.140.485,89","R$ 14.259,64",
OCEAN PARK,Apto 1703 N,3S,"78,91",Vendida,"R$ 1.013.109,09","R$ 12.838,79",
DOLPHIN BAY,Apto. 902,3S,"119,25",Vendida,"R$ 1.822.445,93","R$ 15.282,57",
EMERALD COAST,Apto. 602,3S,"145,28",Vendida,"R$ 2.433.185,43","R$ 16.748,25",
EMERALD COAST,Apto. 1902,3S,"145,28",Vendida,"R$ 2.803.180,58","R$ 19.295,02",
DOLPHIN BAY,Apto. 1104,3S,"79,98",Vendida,"R$ 1.107.018,26","R$ 13.841,19",
BAL HARBOUR,Apto. 1104,3S,"115,54",Vendida,"R$ 1.830.661,34","R$ 15.844,39",
BAL HARBOUR,Apto. 1202,3S,"144,61",Vendida,"R$ 2.848.131,66","R$ 19.695,26",
BAL HARBOUR,Apto. 1402,3S,"144,61",Vendida,"R$ 2.883.083,58","R$ 19.936,96",
BAL HARBOUR,Apto. 1702,3S,"144,61",Vendida,"R$ 3.065.823,45","R$ 21.200,63",
BAL HARBOUR,Apto. 1902,Sala,"144,61",Vendida,"R$ 3.033.574,93","R$ 20.977,63",
BAL HARBOUR,Apto. 2002,3S,"144,61",Vendida,"R$ 2.617.780,27","R$ 18.102,35",
BAL HARBOUR,Apto. 2101,3S,"165,29",Vendida,"R$ 3.784.907,17","R$ 22.898,59",
BAL HARBOUR,Apto. 902,Garden,"144,61",Vendida,"R$ 2.669.571,00","R$ 18.460,49",
BAL HARBOUR,Apto. 903,3S,"129,68",Vendida,"R$ 2.436.195,12","R$ 18.786,21",
DOLPHIN BAY,Apto. 602,3S,"119,25",Vendida,"R$ 1.501.515,55","R$ 12.591,33",
TROPICAL BEACH,Apto. 1605,3S,"82,76",Vendida,"R$ 1.071.192,34","R$ 12.943,36",
BAL HARBOUR,Apto. 1002,3S,"144,61",Vendida,"R$ 2.703.646,51","R$ 18.696,12",
BAL HARBOUR,Apto. 1201,3S,"165,29",Vendida,"R$ 3.564.066,89","R$ 21.562,51",
BAL HARBOUR,Apto. 1203,3S,"129,68",Vendida,"R$ 2.443.034,40","R$ 18.838,95",
BAL HARBOUR,Apto. 1703,3S,"129,68",Vendida,"R$ 2.517.985,94","R$ 19.416,92",
BAL HARBOUR,Apto. 2001,3S,"165,29",Vendida,"R$ 3.709.493,17","R$ 22.442,33",
DOLPHIN BAY,Apto. 803,3S,"80,68",Vendida,"R$ 1.062.544,00","R$ 13.169,86",
TROPICAL BEACH,Apto. 1304,3S,"84,24",Vendida,"R$ 1.110.541,51","R$ 13.183,07",
BAL HARBOUR,Apto. 1102,3S,"144,61",Vendida,"R$ 2.960.967,71","R$ 20.475,54",
BAL HARBOUR,Apto. 1502,3S,"144,61",Vendida,"R$ 2.900.559,54","R$ 20.057,81",
DOLPHIN BAY,Apto. 904,3S,"79,98",Vendida,"R$ 1.072.296,01","R$ 13.407,05",
BAL HARBOUR,Apto. 1003,3S,"129,68",Vendida,"R$ 2.378.563,85","R$ 18.341,79",
SUNRISE TOWER,Síndico,Garden,100,Vendida,R$ -,R$ -,
DOLPHIN BAY,Apto. 804,3S,"79,98",Vendida,"R$ 1.054.934,88","R$ 13.189,98",
BAL HARBOUR,Apto. 1604,3S,"115,54",Vendida,"R$ 1.911.455,31","R$ 16.543,67",
BAL HARBOUR,Apto. 2102,3S,"144,61",Vendida,"R$ 3.143.246,76","R$ 21.736,03",
BAL HARBOUR,Apto. 1103,3S,"129,68",Vendida,"R$ 2.453.701,92","R$ 18.921,21",
ROYAL BAY,Apto. 1902,3S,"138,06",Vendida,"R$ 2.529.037,50","R$ 18.318,39",
TROPICAL BEACH,Apto. 905,3S,"82,76",Vendida,"R$ 1.030.251,57","R$ 12.448,67",
CORAL GABLES,Apartamento2302,3S,"132,13",Vendida,"R$ 2.351.834,34","R$ 17.799,40",
TROPICAL BEACH,Apto. 802,3S,"110,26",Vendida,"R$ 1.564.757,06","R$ 14.191,52",
ROYAL BAY,Apto. 3102,3S,"252,81",Vendida,"R$ 4.591.225,17","R$ 18.160,77",
TROPICAL BEACH,Apto. 1402,3S,"110,26",Vendida,"R$ 1.705.293,78","R$ 15.466,11",
TROPICAL BEACH,Apto. 1505,3S,"82,76",Vendida,"R$ 1.093.641,45","R$ 13.214,61",
CORAL GABLES,Apartamento1702,3S,"132,27",Vendida,"R$ 2.250.974,91","R$ 17.018,03",
DOLPHIN BAY,Apto. 703,3S,"80,68",Vendida,"R$ 1.066.715,01","R$ 13.221,55",
BAL HARBOUR,Apto. 1503,3S,"129,68",Vendida,"R$ 2.603.978,61","R$ 20.080,03",
CORAL GABLES,Sala Com. 03,3S,"82,73",Vendida,"R$ 1.575.642,49","R$ 19.045,60",
DOLPHIN BAY,Apto. 1003,3S,"80,68",Vendida,"R$ 1.127.565,62","R$ 13.975,78",
DOLPHIN BAY,Apto. 603,3S,"80,68",Vendida,"R$ 995.772,62","R$ 12.342,25",
TROPICAL BEACH,Apto. 1302,3S,"110,26",Vendida,"R$ 1.690.004,30","R$ 15.327,45",
TROPICAL BEACH,Apto. 1502,3S,"110,26",Vendida,"R$ 1.776.335,69","R$ 16.110,43",
EMERALD COAST,Apto. 2503,3S,"125,54",Vendida,"R$ 2.257.943,29","R$ 17.985,85",
OCEAN PARK,Apto 2405 N,3S,"79,69",Vendida,"R$ 1.204.017,42","R$ 15.108,76",
ROYAL BAY,Apto. 1002,3S,"84,92",Vendida,"R$ 0,01","R$ 0,00",
ROYAL BAY,Apto. 1102,3S,"84,92",Vendida,"R$ 0,01","R$ 0,00",
ROYAL BAY,Apto. 1201,3S,"191,67",Vendida,"R$ 0,01","R$ 0,00",
ROYAL BAY,Apto. 1202,3S,"84,92",Vendida,"R$ 0,01","R$ 0,00",
ROYAL BAY,Apto. 1302,3S,"84,92",Vendida,"R$ 0,01","R$ 0,00",
ROYAL BAY,Apto. 802,3S,"84,92",Vendida,"R$ 0,01","R$ 0,00",
ROYAL BAY,Apto. 902,4S,"84,92",Vendida,"R$ 0,01","R$ 0,00",
GOLD COAST,Apto. 902 N,3S,"144,06",Vendida,"R$ 2.684.477,74","R$ 18.634,44",
GOLD COAST,Apto. 401 N,3S,"132,08",Vendida,"R$ 2.107.417,87","R$ 15.955,62",
OCEAN PARK,Apto 2205 S,3S,"80,91",Vendida,"R$ 1.193.351,02","R$ 14.749,12",
ROYAL BAY,Apto. 1801,3S,"132,14",Vendida,"R$ 2.344.292,57","R$ 17.740,98",
TROPICAL BEACH,Apto. 2202,3S,"110,26",Vendida,"R$ 1.983.400,80","R$ 17.988,40",
BAL HARBOUR,Apto. 803,3S,"129,68",Vendida,"R$ 2.321.837,87","R$ 17.904,36",
CORAL GABLES,Apartamento2102,4S,"132,27",Vendida,"R$ 2.225.328,00","R$ 16.824,13",
CORAL GABLES,Apartamento2802,3S,"136,24",Vendida,"R$ 2.399.059,40","R$ 17.609,07",
CORAL GABLES,Apartamento2901,3S,"210,51",Vendida,"R$ 4.200.277,73","R$ 19.952,87",
DOLPHIN BAY,Apto. 704,3S,"79,98",Vendida,"R$ 1.065.044,59","R$ 13.316,39",
FORT MYERS,Tipo - Apto. 1902,3S,"88,28",Vendida,"R$ 1.397.617,38","R$ 15.831,64",
FORT MYERS,Tipo - Apto. 2301,3S,"128,73",Vendida,"R$ 2.160.013,83","R$ 16.779,41",
FORT MYERS,Sky View - Apto. 4502,3S,"88,78",Vendida,"R$ 1.618.352,52","R$ 18.228,80",
FORT MYERS,Sky View - Apto. 4302,3S,"88,78",Vendida,"R$ 1.600.234,16","R$ 18.024,71",
FORT MYERS,Tipo - Apto. 2102,3S,"88,28",Vendida,"R$ 1.417.571,35","R$ 16.057,67",
FORT MYERS,Sky View - Apto. 3802,3S,"88,78",Vendida,"R$ 1.566.558,55","R$ 17.645,40",
FORT MYERS,Tipo - Apto. 1204,3S,"85,88",Vendida,"R$ 1.075.780,72","R$ 12.526,56",
FORT MYERS,Tipo - Apto. 1702,3S,"88,28",Vendida,"R$ 1.355.620,81","R$ 15.355,92",
FORT MYERS,Tipo - Apto. 802,3S,"88,28",Vendida,"R$ 1.256.065,72","R$ 14.228,20",
FORT MYERS,Sky View - Apto. 3702,3S,"88,78",Vendida,"R$ 1.561.388,68","R$ 17.587,17",
FORT MYERS,Tipo - Apto. 1103,3S,"124,25",Vendida,"R$ 1.852.250,44","R$ 14.907,45",
FORT MYERS,Tipo diferenciado - Apto. 502,3S,"112,47",Vendida,"R$ 1.449.571,71","R$ 12.888,52",
FORT MYERS,Sky View - Apto. 4402,Garden,"88,78",Vendida,"R$ 1.605.404,05","R$ 18.082,95",
FORT MYERS,Tipo - Apto. 2101,3S,"128,73",Vendida,"R$ 2.116.122,49","R$ 16.438,46",
FORT MYERS,Tipo - Apto. 3103,3S,"124,25",Vendida,"R$ 2.254.297,46","R$ 18.143,24",
FORT MYERS,Tipo - Apto. 902,3S,"88,28",Vendida,"R$ 1.265.797,33","R$ 14.338,44",
FORT MYERS,Tipo - Apto. 1802,3S,"88,28",Vendida,"R$ 1.387.640,40","R$ 15.718,63",
FORT MYERS,Tipo - Apto. 2403,3S,"124,25",Vendida,"R$ 2.106.023,99","R$ 16.949,89",
FORT MYERS,Tipo - Apto. 1003,3S,"124,25",Vendida,"R$ 1.838.882,62","R$ 14.799,86",
FORT MYERS,Tipo - Apto. 1403,3S,"124,25",Vendida,"R$ 1.899.602,61","R$ 15.288,55",
FORT MYERS,Tipo - Apto. 1604,3S,"85,88",Vendida,"R$ 1.108.146,69","R$ 12.903,43",
FORT MYERS,Tipo - Apto. 2003,3S,"124,25",Vendida,"R$ 2.021.296,29","R$ 16.267,98",
FORT MYERS,Tipo - Apto. 2202,3S,"88,28",Vendida,"R$ 1.427.548,33","R$ 16.170,69",
PARADISE BAY,Apto 2103,3S,"81,14",Vendida,"R$ 1.260.031,19","R$ 15.529,10",
FORT MYERS,Tipo - Apto. 1803,3S,"124,25",Vendida,"R$ 1.978.932,44","R$ 15.927,02",
FORT MYERS,Tipo - Apto. 1903,3S,"124,25",Vendida,"R$ 2.000.114,36","R$ 16.097,50",
FORT MYERS,Tipo - Apto. 2802,Garden,"88,28",Vendida,"R$ 1.487.410,22","R$ 16.848,78",
FORT MYERS,Tipo - Apto. 2902,3S,"88,28",Vendida,"R$ 1.497.387,19","R$ 16.961,79",
FORT MYERS,Sky View - Apto. 3402,3S,"88,78",Vendida,"R$ 1.502.144,52","R$ 16.919,85",
FORT MYERS,Sky View - Apto. 3602,3S,"88,78",Vendida,"R$ 1.553.610,06","R$ 17.499,55",
FORT MYERS,Sky View - Apto. 3902,3S,"88,78",Vendida,"R$ 1.576.281,83","R$ 17.754,92",
FORT MYERS,Sky View - Apto. 4002,3S,"88,78",Vendida,"R$ 1.579.507,04","R$ 17.791,25",
FORT MYERS,Sky View - Apto. 4102,3S,"88,78",Vendida,"R$ 1.585.341,01","R$ 17.856,96",
FORT MYERS,Sky View - Apto. 4503,3S,"134,83",Vendida,"R$ 2.610.087,58","R$ 19.358,36",
FORT MYERS,Tipo - Apto. 1002,3S,"88,28",Vendida,"R$ 1.275.528,95","R$ 14.448,67",
FORT MYERS,Tipo - Apto. 2001,3S,"128,73",Vendida,"R$ 2.094.176,83","R$ 16.267,98",
FORT MYERS,Beach House - Apto. 3201,3S,"227,83",Vendida,"R$ 3.548.779,19","R$ 15.576,44",
FORT MYERS,Cobertura - Apto. 4601,3S,"182,33",Vendida,"R$ 3.549.878,35","R$ 19.469,52",
FORT MYERS,Sky View - Apto. 3302,3S,"88,78",Vendida,"R$ 1.527.713,07","R$ 17.207,85",
FORT MYERS,Sky View - Apto. 4001,3S,"133,82",Vendida,"R$ 2.528.053,48","R$ 18.891,45",
FORT MYERS,Sky View - Apto. 4202,3S,"88,78",Vendida,"R$ 1.592.455,53","R$ 17.937,10",
FORT MYERS,Tipo - Apto. 1102,3S,"88,28",Vendida,"R$ 1.316.146,91","R$ 14.908,78",
FORT MYERS,Tipo - Apto. 1202,3S,"88,28",Vendida,"R$ 1.326.111,42","R$ 15.021,65",
FORT MYERS,Tipo - Apto. 1302,3S,"88,28",Vendida,"R$ 1.336.075,92","R$ 15.134,53",
FORT MYERS,Tipo - Apto. 1402,3S,"88,28",Vendida,"R$ 1.468.020,48","R$ 16.629,14",
FORT MYERS,Tipo - Apto. 1502,3S,"88,28",Vendida,"R$ 1.357.709,46","R$ 15.379,58",
FORT MYERS,Tipo - Apto. 1504,3S,"85,88",Vendida,"R$ 1.045.051,12","R$ 12.168,74",
FORT MYERS,Tipo - Apto. 1601,3S,"128,73",Vendida,"R$ 2.006.394,16","R$ 15.586,07",
FORT MYERS,Tipo - Apto. 1603,3S,"124,25",Vendida,"R$ 1.936.568,59","R$ 15.586,07",
FORT MYERS,Tipo - Apto. 1801,3S,"128,73",Vendida,"R$ 2.050.285,49","R$ 15.927,02",
FORT MYERS,Tipo - Apto. 1805,3S,"85,24",Vendida,"R$ 1.115.950,88","R$ 13.091,87",
FORT MYERS,Tipo - Apto. 1901,3S,"128,73",Vendida,"R$ 2.072.231,16","R$ 16.097,50",
FORT MYERS,Tipo - Apto. 2002,3S,"88,28",Vendida,"R$ 1.407.594,37","R$ 15.944,66",
FORT MYERS,Tipo - Apto. 2201,3S,"128,73",Vendida,"R$ 2.138.068,17","R$ 16.608,93",
FORT MYERS,Tipo - Apto. 2302,3S,"88,28",Vendida,"R$ 1.437.525,31","R$ 16.283,70",
FORT MYERS,Tipo - Apto. 2402,3S,"88,28",Vendida,"R$ 1.447.502,29","R$ 16.396,72",
FORT MYERS,Tipo - Apto. 2501,3S,"128,73",Vendida,"R$ 2.203.905,17","R$ 17.120,37",
FORT MYERS,Tipo - Apto. 2504,3S,"85,88",Vendida,"R$ 1.180.970,12","R$ 13.751,40",
FORT MYERS,Tipo - Apto. 2701,3S,"128,73",Vendida,"R$ 2.247.796,56","R$ 17.461,33",
FORT MYERS,Tipo - Apto. 3102,3S,"88,28",Vendida,"R$ 1.517.341,16","R$ 17.187,82",
FORT MYERS,Tipo - Apto. 702,3S,"88,28",Vendida,"R$ 1.246.334,11","R$ 14.117,97",
FORT MYERS,Tipo - Apto. 804,3S,"85,88",Vendida,"R$ 1.043.414,76","R$ 12.149,68",
FORT MYERS,Tipo - Apto. 1303,3S,"124,25",Vendida,"R$ 1.883.818,55","R$ 15.161,52",
FORT MYERS,Tipo - Apto. 1703,3S,"124,25",Vendida,"R$ 1.859.862,84","R$ 14.968,72",
FORT MYERS,Tipo - Apto. 2203,3S,"124,25",Vendida,"R$ 2.063.660,14","R$ 16.608,93",
FORT MYERS,Tipo - Apto. 2502,3S,"88,28",Vendida,"R$ 1.457.479,28","R$ 16.509,73",
FORT MYERS,Tipo - Apto. 2801,3S,"128,73",Vendida,"R$ 2.269.742,17","R$ 17.631,80",
FORT MYERS,Tipo - Apto. 2904,3S,"85,88",Vendida,"R$ 1.213.336,08","R$ 14.128,27",
FORT MYERS,Sky View - Apto. 3502,3S,"88,78",Vendida,"R$ 1.545.523,20","R$ 17.408,46",
FORT MYERS,Tipo - Apto. 1602,3S,"88,28",Vendida,"R$ 1.367.686,44","R$ 15.492,60",
FORT MYERS,Tipo - Apto. 1904,3S,"85,88",Vendida,"R$ 1.132.421,17","R$ 13.186,09",
FORT MYERS,Tipo - Apto. 2004,3S,"85,88",Vendida,"R$ 1.140.512,66","R$ 13.280,31",
FORT MYERS,Tipo - Apto. 2104,3S,"85,88",Vendida,"R$ 1.148.604,15","R$ 13.374,52",
BAL HARBOUR,Apto. 1004,3S,"115,54",Vendida,"R$ 1.864.551,10","R$ 16.137,71",
BAL HARBOUR,Apto. 703,3S,"129,68",Vendida,"R$ 2.303.917,48","R$ 17.766,17",
FORT MYERS,Tipo - Apto. 1605,3S,"85,24",Vendida,"R$ 1.100.231,02","R$ 12.907,45",
FORT MYERS,Tipo - Apto. 1705,3S,"85,24",Vendida,"R$ 1.108.318,85","R$ 13.002,33",
FORT MYERS,Tipo - Apto. 2005,3S,"85,24",Vendida,"R$ 1.132.365,79","R$ 13.284,44",
FORT MYERS,Tipo - Apto. 2103,3S,"124,25",Vendida,"R$ 2.171.154,33","R$ 17.474,08",
FORT MYERS,Tipo - Apto. 2105,3S,"85,24",Vendida,"R$ 1.140.399,49","R$ 13.378,69",
FORT MYERS,Tipo - Apto. 2604,3S,"85,88",Vendida,"R$ 1.272.295,93","R$ 14.814,81",
FORT MYERS,Tipo - Apto. 801,3S,"128,73",Vendida,"R$ 2.008.910,41","R$ 15.605,61",
OCEAN PARK,Apto 1506 S,3S,"80,03",Vendida,"R$ 1.215.608,10","R$ 15.189,41",
FORT MYERS,Sky View - Apto. 3603,3S,"134,83",Vendida,"R$ 2.500.988,00","R$ 18.549,20",
FORT MYERS,Tipo - Apto. 1203,3S,"124,25",Vendida,"R$ 2.017.477,25","R$ 16.237,24",
TROPICAL BEACH,Apto. 704,3S,"84,24",Vendida,"R$ 1.057.002,78","R$ 12.547,52",
FORT MYERS,Tipo - Apto. 602,3S,"88,28",Vendida,"R$ 1.422.092,87","R$ 16.108,89",
BAL HARBOUR,Apto. 1603,3S,"129,68",Vendida,"R$ 2.569.621,77","R$ 19.815,10",
FORT MYERS,Tipo - Apto. 1001,3S,"128,73",Vendida,"R$ 2.060.199,52","R$ 16.004,04",
FORT MYERS,Tipo - Apto. 2503,3S,"124,25",Vendida,"R$ 2.225.737,63","R$ 17.913,38",
OCEAN PARK,Apto 1804 S,3S,"82,29",Vendida,"R$ 1.239.590,95","R$ 15.063,69",
FORT MYERS,Beach House - Apto. 3203,3S,"209,76",Vendida,"R$ 3.369.582,65","R$ 16.063,99",
FORT MYERS,Sky View - Apto. 3403,3S,"134,83",Vendida,"R$ 2.499.457,97","R$ 18.537,85",
CORAL GABLES,Apartamento1801,3S,"126,83",Vendida,"R$ 2.811.063,38","R$ 22.164,03",
PALM SPRINGS,Apartamento1801,3S,"563,56",Vendida,"R$ 11.527.600,00","R$ 20.454,96",
PALM SPRINGS,Apartamento1802,3S,554,Vendida,"R$ 11.527.600,00","R$ 20.807,94",
FORT MYERS,Tipo - Apto. 1105,3S,"85,24",Vendida,"R$ 1.061.401,36","R$ 12.451,92",
FORT MYERS,Tipo - Apto. 2603,4S,"124,25",Vendida,"R$ 2.247.900,69","R$ 18.091,76",
FORT MYERS,Tipo diferenciado - Apto. 501,3S,"139,5",Vendida,"R$ 1.957.298,81","R$ 14.030,82",
TROPICAL BEACH,Apto. 901,3S,"110,25",Vendida,"R$ 1.568.820,08","R$ 14.229,66",
FORT MYERS,Tipo - Apto. 1405,Sala,"85,24",Vendida,"R$ 1.085.532,88","R$ 12.735,02",
BAL HARBOUR,Apto. 2003,3S,"129,68",Vendida,"R$ 2.761.329,44","R$ 21.293,41",
DOLPHIN BAY,Apto. 802,3S,"119,25",Vendida,"R$ 1.854.328,98","R$ 15.549,93",
OCEAN PARK,Apto 1105 N,3S,"79,69",Vendida,"R$ 1.197.473,05","R$ 15.026,64",
FORT MYERS,Sky View - Apto. 3601,4S,"133,82",Vendida,"R$ 2.536.631,29","R$ 18.955,55",
FORT MYERS,Tipo - Apto. 1704,3S,"85,88",Vendida,"R$ 1.224.608,40","R$ 14.259,53",
FORT MYERS,Tipo - Apto. 2205,3S,"85,24",Vendida,"R$ 1.163.934,45","R$ 13.654,79",
FORT MYERS,Tipo - Apto. 1305,4S,"85,24",Vendida,"R$ 1.090.655,28","R$ 12.795,11",
FORT MYERS,Tipo - Apto. 3001,Garden,"128,73",Vendida,"R$ 2.450.381,18","R$ 19.035,04",
TROPICAL BEACH,Apto. 1001,3S,"110,25",Vendida,"R$ 1.521.791,72","R$ 13.803,10",
TROPICAL BEACH,Apto. 505,3S,"110,46",Vendida,"R$ 1.178.824,21","R$ 10.671,96",
FORT MYERS,Tipo - Apto. 1205,3S,"85,24",Vendida,"R$ 1.082.513,16","R$ 12.699,59",
FORT MYERS,Tipo - Apto. 1804,4S,"85,88",Vendida,"R$ 1.233.485,45","R$ 14.362,90",
OCEAN PARK,Apto 1401 N,3S,"121,37",Vendida,"R$ 2.012.886,94","R$ 16.584,72",
BAL HARBOUR,Apto. 602,4S,"144,61",Vendida,"R$ 2.688.702,44","R$ 18.592,78",
CORAL GABLES,Apartamento3001,3S,"206,17",Vendida,"R$ 4.510.800,00","R$ 21.879,03",
FORT MYERS,Tipo - Apto. 3202,3S,"88,15",Vendida,"R$ 1.829.162,27","R$ 20.750,56",
BAL HARBOUR,Apto. 1504,4S,"115,54",Vendida,"R$ 1.958.850,27","R$ 16.953,87",
FORT MYERS,Tipo - Apto. 1304,3S,"85,88",Vendida,"R$ 1.192.719,55","R$ 13.888,21",
FORT MYERS,Tipo - Apto. 901,4S,"128,73",Vendida,"R$ 2.070.214,19","R$ 16.081,83",
FORT MYERS,Tipo - Apto. 905,3S,"85,24",Vendida,"R$ 1.061.307,36","R$ 12.450,81",
OCEAN PARK,Apto 505 N,4S,"79,69",Vendida,"R$ 1.112.112,44","R$ 13.955,48",
BAL HARBOUR,Apto. 1602,3S,"144,61",Vendida,"R$ 3.041.544,84","R$ 21.032,74",
FORT MYERS,Tipo - Apto. 2303,4S,"124,25",Vendida,"R$ 2.252.937,33","R$ 18.132,29",
FORT MYERS,Tipo - Apto. 2304,3S,"85,88",Vendida,"R$ 1.281.760,30","R$ 14.925,02",
FORT MYERS,Tipo - Apto. 2704,4S,"85,88",Vendida,"R$ 1.302.195,42","R$ 15.162,96",
SUNNY ISLAND,Apto 502,4S,"136,45",Vendida,"R$ 1.939.435,16","R$ 14.213,52",
BAL HARBOUR,Apto. 1801,4S,"165,29",Vendida,"R$ 3.725.119,40","R$ 22.536,87",
ROYAL BAY,Apto. 1601,3S,"132,14",Vendida,"R$ 2.565.727,19","R$ 19.416,73",
FORT MYERS,Tipo - Apto. 3105,3S,"85,24",Vendida,"R$ 1.240.979,45","R$ 14.558,65",
FORT MYERS,Tipo - Apto. 2803,Sala,"124,25",Vendida,"R$ 2.334.422,52","R$ 18.788,11",
BAL HARBOUR,Apto. 2201,4S,"165,29",Vendida,"R$ 3.971.792,38","R$ 24.029,24",
FORT MYERS,Tipo - Apto. 2305,4S,"85,24",Vendida,"R$ 1.179.242,76","R$ 13.834,38",
FORT MYERS,Tipo - Apto. 2401,4S,"128,73",Vendida,"R$ 2.341.407,99","R$ 18.188,52",
TROPICAL BEACH,Apto. 504,4S,"134,45",Vendida,"R$ 1.443.905,96","R$ 10.739,35",
EMERALD COAST,Apto. 2002,3S,"145,28",Vendida,"R$ 2.975.371,33","R$ 20.480,25",
FORT MYERS,Tipo - Apto. 3004,4S,"85,88",Vendida,"R$ 1.332.666,61","R$ 15.517,78",
FORT MYERS,Tipo - Apto. 505,4S,"85,24",Vendida,"R$ 1.037.261,58","R$ 12.168,72",
BAL HARBOUR,Apto. 1303,4S,"129,68",Vendida,"R$ 2.569.905,94","R$ 19.817,29",
FORT MYERS,Tipo - Apto. 2405,4S,"85,24",Vendida,"R$ 1.197.746,51","R$ 14.051,46",
FORT MYERS,Tipo - Apto. 504,4S,"85,88",Vendida,"R$ 1.130.887,03","R$ 13.168,22",
OCEAN PARK,Apto 2202 N,4S,"122,55",Vendida,"R$ 2.285.472,00","R$ 18.649,30",
EMERALD COAST,Apto. 1202,4S,"145,28",Vendida,"R$ 2.646.195,47","R$ 18.214,45",
FORT MYERS,Tipo - Apto. 1701,4S,"128,73",Vendida,"R$ 2.253.147,82","R$ 17.502,90",
FORT MYERS,Tipo - Apto. 2505,4S,"85,24",Vendida,"R$ 1.206.009,57","R$ 14.148,40",
ROYAL BAY,Apto. 2701,3S,"235,26",Vendida,"R$ 4.401.739,79","R$ 18.710,11",
ROYAL BAY,Apto. 1101,3S,"191,67",Vendida,"R$ 3.560.592,69","R$ 18.576,68",
EMERALD COAST,Apto. 1702,4S,"145,28",Vendida,"R$ 2.929.356,67","R$ 20.163,52",
BAL HARBOUR,Apto. 1601,4S,"165,29",Vendida,"R$ 3.686.468,69","R$ 22.303,04",
FORT MYERS,Tipo - Apto. 904,4S,"85,88",Vendida,"R$ 1.183.008,06","R$ 13.775,13",
TROPICAL BEACH,Apto. 2002,4S,"110,26",Vendida,"R$ 2.072.315,00","R$ 18.794,80",
FORT MYERS,Tipo - Apto. 3002,4S,"88,28",Vendida,"R$ 1.857.387,76","R$ 21.039,73",
FORT MYERS,Tipo - Apto. 1501,4S,"128,73",Vendida,"R$ 2.248.146,51","R$ 17.464,05",
BLUE COAST,Apartamento 2903,4S,"131,52",Vendida,"R$ 2.860.799,05","R$ 21.751,82",
FORT MYERS,Tipo - Apto. 2903,Sala,"124,25",Vendida,"R$ 2.402.407,43","R$ 19.335,27",
FORT MYERS,Tipo - Apto. 1201,4S,"128,73",Vendida,"R$ 2.190.253,16","R$ 17.014,32",
FORT MYERS,Tipo - Apto. 803,4S,"124,25",Vendida,"R$ 2.031.793,17","R$ 16.352,46",
BAL HARBOUR,Apto. 1302,4S,"144,61",Vendida,"R$ 3.078.789,42","R$ 21.290,29",
BAL HARBOUR,Apto. 1403,4S,"129,68",Vendida,"R$ 2.656.990,58","R$ 20.488,82",
FORT MYERS,Tipo - Apto. 2804,4S,"85,88",Vendida,"R$ 1.351.329,54","R$ 15.735,09",
FORT MYERS,Tipo - Apto. 1104,4S,"85,88",Vendida,"R$ 1.211.057,40","R$ 14.101,74",
CORAL GABLES,Síndico,4S,100,Vendida,R$ -,R$ -,
PALM SPRINGS,Síndico,4S,100,Vendida,R$ -,R$ -,
SUNNY ISLAND,Apto 2402,4S,"122,79",Vendida,"R$ 2.581.639,08","R$ 21.024,83",
THE WAVE,Síndico,4S,100,Vendida,R$ -,R$ -,
SOUTH BEACH TOWER,Síndico,5S,100,Vendida,R$ -,R$ -,
EMERALD COAST,Apto. 2303,5S,"125,54",Vendida,"R$ 2.272.440,80","R$ 18.101,33",
FORT MYERS,Tipo - Apto. 1401,5S,"128,73",Vendida,"R$ 2.135.495,06","R$ 16.588,95",
CORAL GABLES,Apartamento 402,4S,"198,44",Vendida,"R$ 2.183.367,82","R$ 11.002,66",
FORT MYERS,Tipo - Apto. 1505,4S,"85,24",Vendida,"R$ 1.155.326,81","R$ 13.553,81",